-- phpMyAdmin SQL Dump
-- version 4.4.15.7
-- http://www.phpmyadmin.net
--
-- Хост: 127.0.0.1:3306
-- Время создания: Июл 05 2018 г., 21:35
-- Версия сервера: 5.5.50
-- Версия PHP: 5.6.23

SET SQL_MODE = "NO_AUTO_VALUE_ON_ZERO";
SET time_zone = "+00:00";


/*!40101 SET @OLD_CHARACTER_SET_CLIENT=@@CHARACTER_SET_CLIENT */;
/*!40101 SET @OLD_CHARACTER_SET_RESULTS=@@CHARACTER_SET_RESULTS */;
/*!40101 SET @OLD_COLLATION_CONNECTION=@@COLLATION_CONNECTION */;
/*!40101 SET NAMES utf8mb4 */;

--
-- База данных: `db_preview`
--

-- --------------------------------------------------------

--
-- Структура таблицы `result_match`
--

CREATE TABLE IF NOT EXISTS `result_match` (
  `id_team` int(11) DEFAULT NULL,
  `rival` varchar(255) DEFAULT NULL,
  `place` varchar(255) DEFAULT NULL,
  `date_match` int(11) DEFAULT NULL,
  `time_end` varchar(255) DEFAULT NULL,
  `puck_team` int(11) DEFAULT NULL,
  `puck_rival` int(11) DEFAULT NULL,
  `result` varchar(255) DEFAULT NULL
) ENGINE=InnoDB DEFAULT CHARSET=utf8;

--
-- Дамп данных таблицы `result_match`
--

INSERT INTO `result_match` (`id_team`, `rival`, `place`, `date_match`, `time_end`, `puck_team`, `puck_rival`, `result`) VALUES
(1, 'Динамо Р', ' home', 1503349200, ' normal', 3, 1, ' win'),
(1, 'Северсталь', ' home', 1503522000, ' ОТ', 1, 0, ' win'),
(1, 'Торпедо', ' home', 1503694800, ' ОТ', 2, 1, ' win'),
(1, 'Спартак', ' home', 1503867600, ' normal', 4, 2, ' win'),
(1, 'ЦСКА', ' guest', 1504213200, ' normal', 0, 3, ' lose'),
(1, 'Витязь', ' guest', 1504386000, ' normal', 2, 6, ' lose'),
(1, 'Слован', ' guest', 1504558800, ' normal', 4, 1, ' win'),
(1, 'Сибирь', ' guest', 1504990800, ' ОТ', 2, 1, ' win'),
(1, 'Югра', ' guest', 1505163600, ' normal', 7, 0, ' win'),
(1, 'Югра', ' home', 1505595600, ' ОТ', 3, 2, ' win'),
(1, 'СКА', ' home', 1505941200, ' normal', 1, 3, ' lose'),
(1, 'Локомотив', ' home', 1506114000, ' normal', 6, 1, ' win'),
(1, 'Динамо М', ' home', 1506286800, ' normal', 0, 1, ' lose'),
(1, 'Динамо Мн', ' home', 1506459600, ' normal', 4, 1, ' win'),
(1, 'Локомотив', ' guest', 1506718800, ' normal', 3, 2, ' win'),
(1, 'ХК Сочи', ' guest', 1506891600, ' normal', 6, 0, ' win'),
(1, 'Нефтехимик', ' guest', 1507064400, ' normal', 4, 5, ' lose'),
(1, 'Салават Юлаев', ' guest', 1507237200, ' normal', 3, 1, ' win'),
(1, 'Барыс', ' home', 1507582800, ' normal', 3, 4, ' lose'),
(1, 'Куньлунь Ред Стар', ' home', 1507755600, ' normal', 3, 0, ' win'),
(1, 'Амур', ' home', 1507928400, ' normal', 0, 1, ' lose'),
(1, 'Адмирал', ' home', 1508101200, ' normal', 3, 2, ' win'),
(1, 'Спартак', ' guest', 1508360400, ' normal', 2, 3, ' lose'),
(1, 'Северсталь', ' guest', 1508533200, ' normal', 3, 1, ' win'),
(1, 'Торпедо', ' guest', 1508706000, ' normal', 2, 1, ' win'),
(1, 'Динамо Р', ' guest', 1508965200, ' ОТ', 0, 1, ' lose'),
(1, 'ЦСКА', ' home', 1509310800, ' ОТ', 1, 2, ' lose'),
(1, 'Витязь', ' home', 1509483600, ' Б', 2, 3, ' lose'),
(1, 'Йокерит', ' home', 1509656400, ' normal', 1, 3, ' lose'),
(1, 'Слован', ' home', 1509829200, ' normal', 5, 1, ' win'),
(1, 'Барыс', ' guest', 1510693200, ' Б', 2, 1, ' win'),
(1, 'Сибирь', ' home', 1510866000, ' normal', 1, 0, ' win'),
(1, 'Ак Барс', ' guest', 1511125200, ' Б', 4, 3, ' win'),
(1, 'Йокерит', ' guest', 1511298000, ' normal', 0, 3, ' lose'),
(1, 'Динамо Мн', ' guest', 1511470800, ' Б', 2, 3, ' lose'),
(1, 'Динамо М', ' guest', 1511730000, ' normal', 1, 2, ' lose'),
(1, 'СКА', ' guest', 1511902800, ' normal', 2, 3, ' lose'),
(1, 'Автомобилист', ' home', 1512421200, ' Б', 2, 1, ' win'),
(1, 'Лада', ' home', 1512594000, ' normal', 4, 2, ' win'),
(1, 'Автомобилист', ' guest', 1512766800, ' normal', 2, 3, ' lose'),
(1, 'Лада', ' guest', 1512939600, ' normal', 5, 0, ' win'),
(1, 'Югра', ' home', 1513544400, ' normal', 1, 5, ' lose'),
(1, 'ХК Сочи', ' home', 1513976400, ' ОТ', 2, 3, ' lose'),
(1, 'Ак Барс', ' home', 1514149200, ' normal', 5, 3, ' win'),
(1, 'Салават Юлаев', ' home', 1514322000, ' normal', 1, 2, ' lose'),
(1, 'Нефтехимик', ' home', 1514494800, ' ОТ', 2, 3, ' lose'),
(1, 'Куньлунь Ред Стар', ' guest', 1514926800, ' normal', 4, 0, ' win'),
(1, 'Амур', ' guest', 1515099600, ' normal', 4, 0, ' win'),
(1, 'Адмирал', ' guest', 1515272400, ' normal', 4, 5, ' lose'),
(1, 'Сибирь', ' guest', 1515618000, ' normal', 2, 4, ' lose'),
(1, 'Металлург Мг', ' home', 1516050000, ' ОТ', 3, 4, ' lose'),
(1, 'Трактор', ' home', 1516222800, ' normal', 1, 2, ' lose'),
(1, 'Металлург Мг', ' guest', 1516395600, ' normal', 6, 3, ' win'),
(1, 'Трактор', ' guest', 1516568400, ' normal', 1, 3, ' lose'),
(2, 'Металлург Мг', ' guest', 1503435600, ' normal', 5, 2, ' win'),
(2, 'Лада', ' guest', 1503608400, ' normal', 1, 3, ' lose'),
(2, 'Трактор', ' guest', 1503781200, ' normal', 2, 1, ' win'),
(2, 'Куньлунь Ред Стар', ' home', 1504213200, ' normal', 1, 2, ' lose'),
(2, 'Адмирал', ' home', 1504386000, ' normal', 4, 1, ' win'),
(2, 'Ак Барс', ' home', 1504645200, ' normal', 3, 2, ' win'),
(2, 'Амур', ' home', 1504818000, ' normal', 8, 1, ' win'),
(2, 'Локомотив', ' guest', 1505077200, ' normal', 2, 3, ' lose'),
(2, 'СКА', ' guest', 1505250000, ' normal', 2, 6, ' lose'),
(2, 'Динамо Мн', ' guest', 1505422800, ' normal', 3, 1, ' win'),
(2, 'Динамо М', ' guest', 1505595600, ' normal', 1, 0, ' win'),
(2, 'ХК Сочи', ' home', 1506027600, ' normal', 0, 2, ' lose'),
(2, 'Салават Юлаев', ' home', 1506200400, ' normal', 4, 0, ' win'),
(2, 'Нефтехимик', ' home', 1506373200, ' Б', 4, 3, ' win'),
(2, 'Куньлунь Ред Стар', ' guest', 1506718800, ' normal', 1, 2, ' lose'),
(2, 'Адмирал', ' guest', 1506891600, ' normal', 4, 2, ' win'),
(2, 'Амур', ' guest', 1507064400, ' ОТ', 2, 3, ' lose'),
(2, 'Йокерит', ' home', 1507410000, ' normal', 1, 3, ' lose'),
(2, 'Витязь', ' home', 1507582800, ' normal', 5, 3, ' win'),
(2, 'Слован', ' home', 1507755600, ' normal', 6, 3, ' win'),
(2, 'ЦСКА', ' home', 1507928400, ' normal', 2, 3, ' lose'),
(2, 'Югра', ' home', 1508101200, ' ОТ', 3, 2, ' win'),
(2, 'Салават Юлаев', ' guest', 1508446800, ' normal', 3, 5, ' lose'),
(2, 'Нефтехимик', ' guest', 1508619600, ' normal', 0, 2, ' lose'),
(2, 'Ак Барс', ' guest', 1508792400, ' Б', 2, 1, ' win'),
(2, 'ХК Сочи', ' guest', 1508965200, ' normal', 3, 1, ' win'),
(2, 'Лада', ' home', 1509397200, ' normal', 6, 4, ' win'),
(2, 'Трактор', ' home', 1509570000, ' ОТ', 2, 3, ' lose'),
(2, 'Металлург Мг', ' home', 1509742800, ' ОТ', 2, 3, ' lose'),
(2, 'Торпедо', ' guest', 1510606800, ' normal', 4, 2, ' win'),
(2, 'Северсталь', ' guest', 1510779600, ' normal', 5, 2, ' win'),
(2, 'Динамо Р', ' guest', 1511038800, ' Б', 2, 3, ' lose'),
(2, 'Спартак', ' guest', 1511211600, ' normal', 2, 5, ' lose'),
(2, 'Динамо Р', ' home', 1511470800, ' ОТ', 2, 3, ' lose'),
(2, 'Торпедо', ' home', 1511643600, ' normal', 5, 1, ' win'),
(2, 'Спартак', ' home', 1511816400, ' normal', 4, 2, ' win'),
(2, 'Северсталь', ' home', 1511989200, ' normal', 5, 0, ' win'),
(2, 'Авангард', ' guest', 1512421200, ' Б', 1, 2, ' lose'),
(2, 'Югра', ' guest', 1512594000, ' normal', 4, 0, ' win'),
(2, 'Авангард', ' home', 1512766800, ' normal', 3, 2, ' win'),
(2, 'Югра', ' home', 1512939600, ' Б', 3, 4, ' lose'),
(2, 'Йокерит', ' guest', 1513803600, ' Б', 3, 2, ' win'),
(2, 'Слован', ' guest', 1513976400, ' ОТ', 5, 4, ' win'),
(2, 'СКА', ' home', 1514322000, ' normal', 4, 3, ' win'),
(2, 'Динамо М', ' home', 1514494800, ' normal', 4, 3, ' win'),
(2, 'Локомотив', ' home', 1514926800, ' Б', 5, 6, ' lose'),
(2, 'Динамо Мн', ' home', 1515099600, ' normal', 2, 0, ' win'),
(2, 'Трактор', ' guest', 1515272400, ' normal', 2, 5, ' lose'),
(2, 'ЦСКА', ' guest', 1515445200, ' normal', 3, 4, ' lose'),
(2, 'Витязь', ' guest', 1515618000, ' normal', 5, 1, ' win'),
(2, 'Сибирь', ' home', 1516050000, ' normal', 1, 4, ' lose'),
(2, 'Барыс', ' home', 1516222800, ' normal', 2, 4, ' lose'),
(2, 'Сибирь', ' guest', 1516482000, ' normal', 0, 3, ' lose'),
(2, 'Барыс', ' guest', 1516654800, ' Б', 3, 2, ' win'),
(3, 'Салават Юлаев', ' guest', 1503349200, ' normal', 1, 3, ' lose'),
(3, 'Нефтехимик', ' guest', 1503522000, ' normal', 2, 3, ' lose'),
(3, 'Ак Барс', ' guest', 1503694800, ' normal', 1, 4, ' lose'),
(3, 'ХК Сочи', ' guest', 1503867600, ' normal', 1, 3, ' lose'),
(3, 'Трактор', ' guest', 1504213200, ' normal', 3, 2, ' win'),
(3, 'Автомобилист', ' guest', 1504386000, ' normal', 1, 4, ' lose'),
(3, 'Металлург Мг', ' guest', 1504558800, ' normal', 2, 4, ' lose'),
(3, 'Слован', ' home', 1505077200, ' Б', 2, 1, ' win'),
(3, 'Йокерит', ' home', 1505250000, ' ОТ', 0, 1, ' lose'),
(3, 'ЦСКА', ' home', 1505422800, ' normal', 3, 1, ' win'),
(3, 'Витязь', ' home', 1505595600, ' ОТ', 3, 4, ' lose'),
(3, 'Спартак', ' guest', 1505941200, ' ОТ', 6, 7, ' lose'),
(3, 'Северсталь', ' guest', 1506114000, ' Б', 2, 3, ' lose'),
(3, 'Торпедо', ' guest', 1506286800, ' normal', 0, 3, ' lose'),
(3, 'Динамо Р', ' guest', 1506459600, ' normal', 5, 2, ' win'),
(3, 'Автомобилист', ' home', 1506891600, ' normal', 2, 4, ' lose'),
(3, 'Трактор', ' home', 1507064400, ' ОТ', 3, 2, ' win'),
(3, 'Лада', ' home', 1507237200, ' normal', 0, 2, ' lose'),
(3, 'Металлург Мг', ' home', 1507410000, ' normal', 1, 3, ' lose'),
(3, 'Сибирь', ' guest', 1507755600, ' normal', 4, 2, ' win'),
(3, 'Югра', ' guest', 1507928400, ' normal', 3, 1, ' win'),
(3, 'Авангард', ' guest', 1508101200, ' normal', 2, 3, ' lose'),
(3, 'Барыс', ' guest', 1508274000, ' normal', 3, 4, ' lose'),
(3, 'Куньлунь Ред Стар', ' guest', 1508533200, ' Б', 2, 1, ' win'),
(3, 'Куньлунь Ред Стар', ' guest', 1508706000, ' Б', 3, 2, ' win'),
(3, 'Нефтехимик', ' home', 1509051600, ' normal', 1, 2, ' lose'),
(3, 'Ак Барс', ' home', 1509224400, ' normal', 0, 2, ' lose'),
(3, 'Салават Юлаев', ' home', 1509397200, ' normal', 5, 1, ' win'),
(3, 'ХК Сочи', ' home', 1509570000, ' normal', 4, 0, ' win'),
(3, 'СКА', ' home', 1510606800, ' normal', 0, 2, ' lose'),
(3, 'Динамо М', ' home', 1510779600, ' normal', 4, 5, ' lose'),
(3, 'Динамо Мн', ' home', 1510952400, ' normal', 5, 0, ' win'),
(3, 'Локомотив', ' home', 1511125200, ' normal', 0, 2, ' lose'),
(3, 'Йокерит', ' guest', 1511470800, ' normal', 2, 3, ' lose'),
(3, 'ЦСКА', ' guest', 1511643600, ' normal', 1, 3, ' lose'),
(3, 'Слован', ' guest', 1511816400, ' normal', 0, 1, ' lose'),
(3, 'Витязь', ' guest', 1511989200, ' normal', 1, 2, ' lose'),
(3, 'Лада', ' guest', 1512162000, ' normal', 3, 2, ' win'),
(3, 'Куньлунь Ред Стар', ' home', 1512594000, ' normal', 4, 2, ' win'),
(3, 'Амур', ' guest', 1512766800, ' normal', 1, 2, ' lose'),
(3, 'Амур', ' home', 1513544400, ' normal', 4, 2, ' win'),
(3, 'Динамо Р', ' home', 1513717200, ' normal', 1, 3, ' lose'),
(3, 'Торпедо', ' home', 1513890000, ' normal', 0, 2, ' lose'),
(3, 'Северсталь', ' home', 1514062800, ' normal', 2, 3, ' lose'),
(3, 'Спартак', ' home', 1514235600, ' normal', 2, 6, ' lose'),
(3, 'Куньлунь Ред Стар', ' home', 1514494800, ' normal', 0, 2, ' lose'),
(3, 'Сибирь', ' home', 1515099600, ' ОТ', 2, 3, ' lose'),
(3, 'Авангард', ' home', 1515272400, ' normal', 5, 4, ' win'),
(3, 'Югра', ' home', 1515445200, ' normal', 2, 1, ' win'),
(3, 'Барыс', ' home', 1515618000, ' normal', 3, 1, ' win'),
(3, 'Локомотив', ' guest', 1516050000, ' normal', 3, 1, ' win'),
(3, 'СКА', ' guest', 1516222800, ' normal', 2, 7, ' lose'),
(3, 'Динамо М', ' guest', 1516395600, ' normal', 0, 4, ' lose'),
(3, 'Динамо Мн', ' guest', 1516568400, ' normal', 3, 2, ' win'),
(4, 'Куньлунь Ред Стар', ' home', 1503522000, ' normal', 4, 2, ' win'),
(4, 'Адмирал', ' home', 1503694800, ' normal', 4, 1, ' win'),
(4, 'Амур', ' home', 1503867600, ' normal', 2, 1, ' win'),
(4, 'Лада', ' home', 1504126800, ' normal', 5, 2, ' win'),
(4, 'ХК Сочи', ' home', 1504299600, ' normal', 0, 5, ' lose'),
(4, 'Автомобилист', ' guest', 1504645200, ' normal', 2, 3, ' lose'),
(4, 'Югра', ' guest', 1504818000, ' normal', 4, 2, ' win'),
(4, 'Спартак', ' home', 1505163600, ' ОТ', 3, 4, ' lose'),
(4, 'Северсталь', ' home', 1505336400, ' ОТ', 2, 1, ' win'),
(4, 'Динамо Р', ' home', 1505682000, ' normal', 7, 2, ' win'),
(4, 'Слован', ' guest', 1505854800, ' normal', 6, 3, ' win'),
(4, 'Лада', ' guest', 1506027600, ' normal', 3, 1, ' win'),
(4, 'Трактор', ' guest', 1506200400, ' ОТ', 2, 3, ' lose'),
(4, 'Металлург Мг', ' guest', 1506373200, ' normal', 2, 1, ' win'),
(4, 'Сибирь', ' home', 1506891600, ' normal', 3, 2, ' win'),
(4, 'Югра', ' home', 1507064400, ' normal', 3, 1, ' win'),
(4, 'Торпедо', ' guest', 1507496400, ' normal', 5, 0, ' win'),
(4, 'Динамо М', ' guest', 1507669200, ' Б', 2, 3, ' lose'),
(4, 'Локомотив', ' guest', 1507842000, ' normal', 2, 6, ' lose'),
(4, 'СКА', ' guest', 1508014800, ' ОТ', 3, 2, ' win'),
(4, 'Йокерит', ' guest', 1508187600, ' normal', 1, 3, ' lose'),
(4, 'Трактор', ' home', 1508446800, ' normal', 7, 1, ' win'),
(4, 'Металлург Мг', ' home', 1508619600, ' normal', 4, 0, ' win'),
(4, 'Автомобилист', ' home', 1508792400, ' Б', 1, 2, ' lose'),
(4, 'Куньлунь Ред Стар', ' guest', 1509051600, ' normal', 2, 1, ' win'),
(4, 'Адмирал', ' guest', 1509224400, ' normal', 2, 0, ' win'),
(4, 'Амур', ' guest', 1509397200, ' normal', 1, 3, ' lose'),
(4, 'Торпедо', ' home', 1509915600, ' normal', 1, 2, ' lose'),
(4, 'Динамо Мн', ' guest', 1510520400, ' normal', 1, 4, ' lose'),
(4, 'Витязь', ' guest', 1510693200, ' normal', 4, 1, ' win'),
(4, 'ЦСКА', ' guest', 1510866000, ' normal', 0, 3, ' lose'),
(4, 'Авангард', ' home', 1511125200, ' Б', 3, 4, ' lose'),
(4, 'Салават Юлаев', ' guest', 1511298000, ' normal', 5, 0, ' win'),
(4, 'Барыс', ' home', 1511557200, ' normal', 2, 0, ' win'),
(4, 'ХК Сочи', ' guest', 1511730000, ' normal', 3, 1, ' win'),
(4, 'Салават Юлаев', ' home', 1511902800, ' normal', 0, 1, ' lose'),
(4, 'Нефтехимик', ' home', 1512162000, ' normal', 1, 2, ' lose'),
(4, 'Динамо Мн', ' home', 1512334800, ' normal', 3, 1, ' win'),
(4, 'СКА', ' home', 1512507600, ' ОТ', 2, 3, ' lose'),
(4, 'Локомотив', ' home', 1512680400, ' normal', 1, 4, ' lose'),
(4, 'Динамо М', ' home', 1512939600, ' normal', 6, 2, ' win'),
(4, 'Салават Юлаев', ' home', 1513544400, ' normal', 2, 1, ' win'),
(4, 'Нефтехимик', ' guest', 1513717200, ' normal', 0, 3, ' lose'),
(4, 'Авангард', ' guest', 1514149200, ' normal', 3, 5, ' lose'),
(4, 'Барыс', ' guest', 1514322000, ' normal', 5, 2, ' win'),
(4, 'Сибирь', ' guest', 1514494800, ' normal', 1, 4, ' lose'),
(4, 'Торпедо', ' guest', 1515013200, ' normal', 7, 3, ' win'),
(4, 'Спартак', ' guest', 1515186000, ' normal', 3, 2, ' win'),
(4, 'Северсталь', ' guest', 1515358800, ' normal', 2, 5, ' lose'),
(4, 'Динамо Р', ' guest', 1515531600, ' normal', 4, 1, ' win'),
(4, 'Йокерит', ' home', 1516136400, ' normal', 2, 1, ' win'),
(4, 'Слован', ' home', 1516309200, ' normal', 2, 4, ' lose'),
(4, 'Витязь', ' home', 1516482000, ' normal', 0, 2, ' lose'),
(4, 'ЦСКА', ' home', 1516654800, ' normal', 6, 4, ' win'),
(5, 'Нефтехимик', ' guest', 1503349200, ' normal', 0, 2, ' lose'),
(5, 'ХК Сочи', ' guest', 1503522000, ' Б', 1, 2, ' lose'),
(5, 'Салават Юлаев', ' guest', 1503694800, ' normal', 5, 4, ' win'),
(5, 'Ак Барс', ' guest', 1503867600, ' normal', 1, 2, ' lose'),
(5, 'Металлург Мг', ' guest', 1504213200, ' normal', 3, 2, ' win'),
(5, 'Лада', ' guest', 1504386000, ' ОТ', 2, 1, ' win'),
(5, 'Трактор', ' guest', 1504558800, ' Б', 4, 5, ' lose'),
(5, 'Автомобилист', ' guest', 1504818000, ' normal', 1, 8, ' lose'),
(5, 'Йокерит', ' home', 1505077200, ' normal', 2, 4, ' lose'),
(5, 'ЦСКА', ' home', 1505250000, ' Б', 2, 3, ' lose'),
(5, 'Слован', ' home', 1505422800, ' normal', 2, 3, ' lose'),
(5, 'Витязь', ' home', 1505768400, ' normal', 3, 5, ' lose'),
(5, 'Торпедо', ' guest', 1506114000, ' ОТ', 0, 1, ' lose'),
(5, 'Спартак', ' guest', 1506286800, ' normal', 1, 4, ' lose'),
(5, 'Северсталь', ' guest', 1506459600, ' normal', 1, 2, ' lose'),
(5, 'Динамо М', ' guest', 1506632400, ' normal', 3, 2, ' win'),
(5, 'Автомобилист', ' home', 1507064400, ' ОТ', 3, 2, ' win'),
(5, 'Трактор', ' home', 1507237200, ' normal', 2, 3, ' lose'),
(5, 'Лада', ' home', 1507410000, ' normal', 4, 1, ' win'),
(5, 'Металлург Мг', ' home', 1507582800, ' ОТ', 5, 4, ' win'),
(5, 'Авангард', ' guest', 1507928400, ' normal', 1, 0, ' win'),
(5, 'Барыс', ' guest', 1508101200, ' normal', 3, 1, ' win'),
(5, 'Югра', ' guest', 1508274000, ' Б', 2, 3, ' lose'),
(5, 'Сибирь', ' guest', 1508446800, ' normal', 2, 3, ' lose'),
(5, 'Нефтехимик', ' home', 1509224400, ' ОТ', 5, 4, ' win'),
(5, 'Ак Барс', ' home', 1509397200, ' normal', 3, 1, ' win'),
(5, 'Салават Юлаев', ' home', 1509742800, ' normal', 3, 1, ' win'),
(5, 'ХК Сочи', ' home', 1509915600, ' normal', 2, 0, ' win'),
(5, 'СКА', ' home', 1510779600, ' normal', 2, 3, ' lose'),
(5, 'Динамо М', ' home', 1510952400, ' Б', 1, 2, ' lose'),
(5, 'Динамо Мн', ' home', 1511125200, ' ОТ', 3, 2, ' win'),
(5, 'Локомотив', ' home', 1511298000, ' normal', 3, 1, ' win'),
(5, 'Слован', ' guest', 1511557200, ' normal', 2, 5, ' lose'),
(5, 'Витязь', ' guest', 1511730000, ' ОТ', 4, 3, ' win'),
(5, 'Йокерит', ' guest', 1511902800, ' ОТ', 5, 4, ' win'),
(5, 'ЦСКА', ' guest', 1512075600, ' normal', 0, 4, ' lose'),
(5, 'Куньлунь Ред Стар', ' home', 1512248400, ' ОТ', 3, 4, ' lose'),
(5, 'Куньлунь Ред Стар', ' home', 1512421200, ' normal', 2, 1, ' win'),
(5, 'Адмирал', ' home', 1512766800, ' normal', 2, 1, ' win'),
(5, 'Адмирал', ' guest', 1513544400, ' normal', 2, 4, ' lose'),
(5, 'Динамо Р', ' home', 1513803600, ' normal', 3, 1, ' win'),
(5, 'Торпедо', ' home', 1514062800, ' normal', 3, 1, ' win'),
(5, 'Северсталь', ' home', 1514235600, ' normal', 4, 2, ' win'),
(5, 'Спартак', ' home', 1514408400, ' ОТ', 2, 1, ' win'),
(5, 'Сибирь', ' home', 1514926800, ' Б', 2, 3, ' lose'),
(5, 'Авангард', ' home', 1515099600, ' normal', 0, 4, ' lose'),
(5, 'Югра', ' home', 1515272400, ' normal', 1, 2, ' lose'),
(5, 'Барыс', ' home', 1515445200, ' normal', 3, 1, ' win'),
(5, 'Динамо Мн', ' guest', 1516050000, ' normal', 2, 0, ' win'),
(5, 'Динамо Р', ' guest', 1516222800, ' normal', 4, 3, ' win'),
(5, 'СКА', ' guest', 1516395600, ' normal', 0, 5, ' lose'),
(5, 'Локомотив', ' guest', 1516568400, ' normal', 0, 3, ' lose'),
(5, 'Куньлунь Ред Стар', ' guest', 1516827600, ' normal', 3, 1, ' win'),
(5, 'Куньлунь Ред Стар', ' guest', 1517000400, ' normal', 4, 2, ' win'),
(6, 'Спартак', ' home', 1503522000, ' normal', 2, 0, ' win'),
(6, 'Динамо Р', ' home', 1503694800, ' normal', 3, 5, ' lose'),
(6, 'Северсталь', ' home', 1503867600, ' normal', 4, 3, ' win'),
(6, 'Торпедо', ' home', 1504040400, ' normal', 4, 2, ' win'),
(6, 'Металлург Мг', ' guest', 1504386000, ' Б', 2, 3, ' lose'),
(6, 'Салават Юлаев', ' guest', 1504558800, ' normal', 5, 3, ' win'),
(6, 'Динамо Р', ' guest', 1504818000, ' normal', 6, 0, ' win'),
(6, 'Витязь', ' guest', 1504990800, ' normal', 5, 1, ' win'),
(6, 'Сибирь', ' home', 1505422800, ' normal', 1, 3, ' lose'),
(6, 'Сибирь', ' home', 1505595600, ' normal', 0, 4, ' lose'),
(6, 'Динамо Мн', ' home', 1505941200, ' normal', 4, 1, ' win'),
(6, 'Динамо М', ' home', 1506114000, ' normal', 3, 5, ' lose'),
(6, 'СКА', ' home', 1506286800, ' normal', 1, 4, ' lose'),
(6, 'Локомотив', ' home', 1506459600, ' normal', 6, 1, ' win'),
(6, 'Трактор', ' guest', 1506718800, ' normal', 1, 2, ' lose'),
(6, 'Нефтехимик', ' guest', 1506891600, ' normal', 3, 0, ' win'),
(6, 'Динамо Мн', ' guest', 1507064400, ' Б', 2, 3, ' lose'),
(6, 'ХК Сочи', ' guest', 1507237200, ' normal', 1, 3, ' lose'),
(6, 'Авангард', ' guest', 1507582800, ' normal', 4, 3, ' win'),
(6, 'Югра', ' guest', 1507755600, ' normal', 5, 2, ' win'),
(6, 'Куньлунь Ред Стар', ' home', 1507928400, ' ОТ', 4, 3, ' win'),
(6, 'Амур', ' home', 1508101200, ' normal', 1, 3, ' lose'),
(6, 'Адмирал', ' home', 1508274000, ' normal', 4, 3, ' win'),
(6, 'Торпедо', ' guest', 1508533200, ' ОТ', 4, 3, ' win'),
(6, 'Спартак', ' guest', 1508706000, ' ОТ', 3, 4, ' lose'),
(6, 'Йокерит', ' guest', 1508878800, ' ОТ', 3, 2, ' win'),
(6, 'Северсталь', ' guest', 1509051600, ' ОТ', 3, 4, ' lose'),
(6, 'Йокерит', ' home', 1509310800, ' normal', 4, 0, ' win'),
(6, 'Слован', ' home', 1509483600, ' normal', 5, 2, ' win'),
(6, 'Витязь', ' home', 1509656400, ' ОТ', 3, 2, ' win'),
(6, 'ЦСКА', ' home', 1509829200, ' normal', 5, 3, ' win'),
(6, 'Авангард', ' home', 1510693200, ' Б', 1, 2, ' lose'),
(6, 'Сибирь', ' guest', 1511125200, ' normal', 0, 4, ' lose'),
(6, 'Сибирь', ' guest', 1511298000, ' normal', 4, 6, ' lose'),
(6, 'Ак Барс', ' guest', 1511557200, ' normal', 0, 2, ' lose'),
(6, 'СКА', ' guest', 1511730000, ' normal', 1, 9, ' lose'),
(6, 'Локомотив', ' guest', 1511902800, ' normal', 0, 5, ' lose'),
(6, 'Металлург Мг', ' home', 1512248400, ' normal', 3, 4, ' lose'),
(6, 'Трактор', ' home', 1512421200, ' ОТ', 4, 3, ' win'),
(6, 'Трактор', ' guest', 1512766800, ' normal', 0, 4, ' lose'),
(6, 'ЦСКА', ' guest', 1512939600, ' normal', 1, 4, ' lose'),
(6, 'Слован', ' guest', 1513544400, ' normal', 2, 0, ' win'),
(6, 'Динамо М', ' guest', 1513717200, ' normal', 3, 5, ' lose'),
(6, 'Нефтехимик', ' home', 1513976400, ' normal', 0, 4, ' lose'),
(6, 'Салават Юлаев', ' home', 1514149200, ' normal', 0, 2, ' lose'),
(6, 'Ак Барс', ' home', 1514322000, ' normal', 2, 5, ' lose'),
(6, 'ХК Сочи', ' home', 1514494800, ' normal', 2, 3, ' lose'),
(6, 'Югра', ' home', 1514926800, ' normal', 2, 3, ' lose'),
(6, 'Амур', ' guest', 1515445200, ' normal', 1, 3, ' lose'),
(6, 'Адмирал', ' guest', 1515618000, ' normal', 1, 3, ' lose'),
(6, 'Лада', ' guest', 1516050000, ' ОТ', 3, 4, ' lose'),
(6, 'Автомобилист', ' guest', 1516222800, ' normal', 4, 2, ' win'),
(6, 'Лада', ' home', 1516482000, ' normal', 4, 3, ' win'),
(6, 'Автомобилист', ' home', 1516654800, ' Б', 2, 3, ' lose'),
(6, 'Куньлунь Ред Стар', ' guest', 1517086800, ' normal', 4, 0, ' win'),
(7, 'Динамо М', ' guest', 1503435600, ' Б', 3, 4, ' lose'),
(7, 'Динамо Мн', ' guest', 1503608400, ' normal', 1, 0, ' win'),
(7, 'СКА', ' guest', 1503781200, ' Б', 3, 4, ' lose'),
(7, 'Локомотив', ' guest', 1503954000, ' normal', 1, 3, ' lose'),
(7, 'Югра', ' home', 1504213200, ' normal', 2, 3, ' lose'),
(7, 'Авангард', ' home', 1504386000, ' normal', 6, 2, ' win'),
(7, 'Сибирь', ' home', 1504558800, ' normal', 1, 2, ' lose'),
(7, 'Салават Юлаев', ' home', 1504818000, ' normal', 2, 4, ' lose'),
(7, 'Барыс', ' home', 1504990800, ' normal', 1, 5, ' lose'),
(7, 'Сибирь', ' guest', 1505250000, ' normal', 5, 4, ' win'),
(7, 'Куньлунь Ред Стар', ' guest', 1505422800, ' normal', 0, 2, ' lose'),
(7, 'Адмирал', ' guest', 1505595600, ' ОТ', 4, 3, ' win'),
(7, 'Амур', ' guest', 1505768400, ' normal', 5, 3, ' win'),
(7, 'Слован', ' home', 1506114000, ' normal', 4, 0, ' win'),
(7, 'Йокерит', ' guest', 1506286800, ' normal', 2, 5, ' lose'),
(7, 'Слован', ' guest', 1506459600, ' normal', 3, 4, ' lose'),
(7, 'Торпедо', ' home', 1506632400, ' normal', 0, 1, ' lose'),
(7, 'Спартак', ' home', 1506978000, ' normal', 5, 3, ' win'),
(7, 'Динамо Р', ' home', 1507150800, ' normal', 4, 1, ' win'),
(7, 'Северсталь', ' home', 1507323600, ' ОТ', 1, 2, ' lose'),
(7, 'Автомобилист', ' guest', 1507582800, ' normal', 3, 5, ' lose'),
(7, 'Трактор', ' guest', 1507755600, ' normal', 1, 2, ' lose'),
(7, 'Металлург Мг', ' guest', 1507928400, ' normal', 1, 3, ' lose'),
(7, 'Лада', ' guest', 1508101200, ' normal', 1, 3, ' lose'),
(7, 'Динамо М', ' home', 1508533200, ' normal', 1, 5, ' lose'),
(7, 'Динамо Мн', ' home', 1508706000, ' normal', 4, 0, ' win'),
(7, 'СКА', ' home', 1508878800, ' normal', 2, 4, ' lose'),
(7, 'Локомотив', ' home', 1509051600, ' normal', 2, 4, ' lose'),
(7, 'Югра', ' guest', 1509310800, ' normal', 1, 4, ' lose'),
(7, 'Авангард', ' guest', 1509483600, ' Б', 3, 2, ' win'),
(7, 'Барыс', ' guest', 1509656400, ' ОТ', 2, 3, ' lose'),
(7, 'ХК Сочи', ' home', 1510520400, ' normal', 2, 4, ' lose'),
(7, 'Ак Барс', ' home', 1510693200, ' normal', 1, 4, ' lose'),
(7, 'Нефтехимик', ' home', 1510866000, ' Б', 1, 2, ' lose'),
(7, 'Слован', ' guest', 1511211600, ' ОТ', 5, 4, ' win'),
(7, 'Динамо М', ' home', 1511557200, ' normal', 5, 3, ' win'),
(7, 'Амур', ' home', 1511730000, ' ОТ', 3, 4, ' lose'),
(7, 'Адмирал', ' home', 1511989200, ' normal', 2, 1, ' win'),
(7, 'Куньлунь Ред Стар', ' home', 1512075600, ' normal', 2, 1, ' win'),
(7, 'Спартак', ' guest', 1512421200, ' normal', 6, 2, ' win'),
(7, 'Торпедо', ' guest', 1512594000, ' normal', 1, 4, ' lose'),
(7, 'Северсталь', ' guest', 1512766800, ' ОТ', 2, 3, ' lose'),
(7, 'Динамо Р', ' guest', 1512939600, ' normal', 2, 4, ' lose'),
(7, 'Металлург Мг', ' home', 1513630800, ' Б', 2, 1, ' win'),
(7, 'Трактор', ' home', 1513803600, ' normal', 1, 2, ' lose'),
(7, 'ЦСКА', ' guest', 1513976400, ' normal', 3, 1, ' win'),
(7, 'Йокерит', ' home', 1514408400, ' normal', 1, 4, ' lose'),
(7, 'ЦСКА', ' home', 1515099600, ' normal', 0, 7, ' lose'),
(7, 'Лада', ' home', 1515445200, ' normal', 5, 1, ' win'),
(7, 'Автомобилист', ' home', 1515618000, ' normal', 1, 5, ' lose'),
(7, 'Салават Юлаев', ' guest', 1516136400, ' normal', 1, 4, ' lose'),
(7, 'Нефтехимик', ' guest', 1516309200, ' normal', 1, 3, ' lose'),
(7, 'Ак Барс', ' guest', 1516482000, ' normal', 2, 0, ' win'),
(7, 'ХК Сочи', ' guest', 1516654800, ' normal', 2, 1, ' win'),
(8, 'Витязь', ' home', 1503435600, ' Б', 4, 3, ' win'),
(8, 'ЦСКА', ' home', 1503608400, ' normal', 1, 6, ' lose'),
(8, 'Слован', ' home', 1503781200, ' normal', 4, 2, ' win'),
(8, 'Йокерит', ' home', 1503954000, ' Б', 2, 1, ' win'),
(8, 'Динамо Р', ' guest', 1504299600, ' normal', 5, 1, ' win'),
(8, 'Торпедо', ' guest', 1504472400, ' normal', 4, 2, ' win'),
(8, 'Северсталь', ' guest', 1504645200, ' normal', 5, 1, ' win'),
(8, 'ЦСКА', ' guest', 1504818000, ' normal', 1, 3, ' lose'),
(8, 'Металлург Мг', ' home', 1505077200, ' normal', 1, 2, ' lose'),
(8, 'Трактор', ' home', 1505250000, ' normal', 1, 4, ' lose'),
(8, 'Лада', ' home', 1505422800, ' normal', 3, 2, ' win'),
(8, 'Автомобилист', ' home', 1505595600, ' normal', 0, 1, ' lose'),
(8, 'Сибирь', ' guest', 1505941200, ' normal', 2, 0, ' win'),
(8, 'Барыс', ' guest', 1506114000, ' normal', 5, 3, ' win'),
(8, 'Авангард', ' guest', 1506286800, ' normal', 1, 0, ' win'),
(8, 'Югра', ' guest', 1506459600, ' normal', 3, 2, ' win'),
(8, 'Амур', ' home', 1506632400, ' normal', 2, 3, ' lose'),
(8, 'Динамо Мн', ' guest', 1506891600, ' normal', 1, 5, ' lose'),
(8, 'Локомотив', ' home', 1507064400, ' normal', 0, 2, ' lose'),
(8, 'Динамо Мн', ' home', 1507237200, ' normal', 1, 2, ' lose'),
(8, 'Ак Барс', ' home', 1507669200, ' Б', 3, 2, ' win'),
(8, 'ХК Сочи', ' home', 1507842000, ' Б', 4, 3, ' win'),
(8, 'Нефтехимик', ' home', 1508014800, ' normal', 3, 4, ' lose'),
(8, 'Салават Юлаев', ' home', 1508187600, ' normal', 2, 3, ' lose'),
(8, 'Витязь', ' guest', 1508533200, ' normal', 5, 1, ' win'),
(8, 'Слован', ' guest', 1508706000, ' normal', 2, 4, ' lose'),
(8, 'Спартак', ' guest', 1509051600, ' normal', 0, 2, ' lose'),
(8, 'Торпедо', ' home', 1509397200, ' Б', 0, 1, ' lose'),
(8, 'Динамо Р', ' home', 1509570000, ' Б', 2, 1, ' win'),
(8, 'Спартак', ' home', 1509742800, ' Б', 1, 2, ' lose'),
(8, 'Северсталь', ' home', 1509915600, ' normal', 0, 1, ' lose'),
(8, 'Куньлунь Ред Стар', ' guest', 1510606800, ' Б', 2, 1, ' win'),
(8, 'Адмирал', ' guest', 1510779600, ' normal', 5, 4, ' win'),
(8, 'Амур', ' guest', 1510952400, ' Б', 2, 1, ' win'),
(8, 'Югра', ' home', 1511384400, ' normal', 2, 0, ' win'),
(8, 'Витязь', ' guest', 1511557200, ' normal', 3, 5, ' lose'),
(8, 'Авангард', ' home', 1511730000, ' normal', 2, 1, ' win'),
(8, 'Сибирь', ' home', 1511989200, ' normal', 6, 4, ' win'),
(8, 'ХК Сочи', ' guest', 1512162000, ' normal', 1, 4, ' lose'),
(8, 'Салават Юлаев', ' guest', 1512334800, ' ОТ', 2, 3, ' lose'),
(8, 'Йокерит', ' guest', 1512594000, ' normal', 1, 0, ' win'),
(8, 'Нефтехимик', ' guest', 1512766800, ' normal', 2, 1, ' win'),
(8, 'Ак Барс', ' guest', 1512939600, ' normal', 2, 6, ' lose'),
(8, 'Барыс', ' home', 1513717200, ' normal', 5, 3, ' win'),
(8, 'СКА', ' home', 1513976400, ' normal', 1, 5, ' lose'),
(8, 'ЦСКА', ' home', 1514149200, ' Б', 2, 3, ' lose'),
(8, 'Металлург Мг', ' guest', 1514322000, ' normal', 1, 5, ' lose'),
(8, 'Автомобилист', ' guest', 1514494800, ' normal', 3, 4, ' lose'),
(8, 'Трактор', ' guest', 1514926800, ' Б', 3, 2, ' win'),
(8, 'Лада', ' guest', 1515099600, ' normal', 1, 3, ' lose'),
(8, 'Локомотив', ' guest', 1515272400, ' ОТ', 1, 2, ' lose'),
(8, 'Куньлунь Ред Стар', ' home', 1516050000, ' normal', 5, 2, ' win'),
(8, 'Спартак', ' home', 1516222800, ' normal', 4, 5, ' lose'),
(8, 'Адмирал', ' home', 1516395600, ' normal', 4, 0, ' win'),
(8, 'СКА', ' guest', 1516568400, ' ОТ', 3, 2, ' win'),
(9, 'Йокерит', ' home', 1503435600, ' normal', 1, 6, ' lose'),
(9, 'Витязь', ' home', 1503608400, ' normal', 0, 1, ' lose'),
(9, 'ЦСКА', ' home', 1503781200, ' ОТ', 1, 2, ' lose'),
(9, 'Слован', ' guest', 1504040400, ' normal', 2, 4, ' lose'),
(9, 'Спартак', ' guest', 1504299600, ' Б', 0, 1, ' lose'),
(9, 'Северсталь', ' guest', 1504472400, ' normal', 1, 2, ' lose'),
(9, 'ХК Сочи', ' guest', 1504645200, ' normal', 4, 2, ' win'),
(9, 'Торпедо', ' guest', 1504818000, ' normal', 1, 2, ' lose'),
(9, 'Трактор', ' home', 1505077200, ' normal', 3, 0, ' win'),
(9, 'Лада', ' home', 1505250000, ' normal', 2, 0, ' win'),
(9, 'Автомобилист', ' home', 1505422800, ' normal', 1, 3, ' lose'),
(9, 'Металлург Мг', ' home', 1505595600, ' normal', 5, 3, ' win'),
(9, 'Барыс', ' guest', 1505941200, ' normal', 1, 4, ' lose'),
(9, 'Сибирь', ' guest', 1506114000, ' normal', 1, 2, ' lose'),
(9, 'Югра', ' guest', 1506286800, ' normal', 2, 1, ' win'),
(9, 'Авангард', ' guest', 1506459600, ' normal', 1, 4, ' lose'),
(9, 'Динамо М', ' home', 1506891600, ' normal', 5, 1, ' win'),
(9, 'Барыс', ' home', 1507064400, ' Б', 3, 2, ' win'),
(9, 'Динамо М', ' guest', 1507237200, ' normal', 2, 1, ' win'),
(9, 'Салават Юлаев', ' home', 1507669200, ' normal', 2, 4, ' lose'),
(9, 'Нефтехимик', ' home', 1507842000, ' normal', 3, 1, ' win'),
(9, 'ХК Сочи', ' home', 1508014800, ' normal', 1, 3, ' lose'),
(9, 'Торпедо', ' home', 1508187600, ' normal', 5, 1, ' win'),
(9, 'Витязь', ' guest', 1508706000, ' normal', 0, 4, ' lose'),
(9, 'ЦСКА', ' guest', 1508878800, ' normal', 1, 4, ' lose'),
(9, 'Йокерит', ' guest', 1509051600, ' normal', 0, 2, ' lose'),
(9, 'Динамо Р', ' guest', 1509224400, ' ОТ', 2, 1, ' win'),
(9, 'Спартак', ' home', 1509397200, ' Б', 5, 4, ' win'),
(9, 'Северсталь', ' home', 1509742800, ' normal', 1, 2, ' lose'),
(9, 'Ак Барс', ' home', 1510520400, ' normal', 4, 1, ' win'),
(9, 'Куньлунь Ред Стар', ' guest', 1510779600, ' normal', 2, 0, ' win'),
(9, 'Адмирал', ' guest', 1510952400, ' normal', 0, 5, ' lose'),
(9, 'Амур', ' guest', 1511125200, ' ОТ', 2, 3, ' lose'),
(9, 'Авангард', ' home', 1511470800, ' Б', 3, 2, ' win'),
(9, 'Сибирь', ' home', 1511643600, ' normal', 5, 1, ' win'),
(9, 'Югра', ' home', 1511816400, ' normal', 2, 1, ' win'),
(9, 'Салават Юлаев', ' guest', 1512162000, ' normal', 0, 2, ' lose'),
(9, 'Ак Барс', ' guest', 1512334800, ' normal', 1, 3, ' lose'),
(9, 'Нефтехимик', ' guest', 1512507600, ' normal', 1, 4, ' lose'),
(9, 'Динамо Р', ' home', 1512766800, ' normal', 1, 3, ' lose'),
(9, 'Слован', ' home', 1512939600, ' normal', 3, 1, ' win'),
(9, 'СКА', ' guest', 1513630800, ' Б', 3, 2, ' win'),
(9, 'Локомотив', ' guest', 1513803600, ' normal', 2, 3, ' lose'),
(9, 'Лада', ' guest', 1513976400, ' normal', 2, 1, ' win'),
(9, 'Трактор', ' guest', 1514149200, ' normal', 0, 2, ' lose'),
(9, 'СКА', ' home', 1514494800, ' normal', 6, 3, ' win'),
(9, 'Металлург Мг', ' guest', 1514926800, ' normal', 2, 1, ' win'),
(9, 'Автомобилист', ' guest', 1515099600, ' normal', 0, 2, ' lose'),
(9, 'Локомотив', ' home', 1515445200, ' normal', 1, 3, ' lose'),
(9, 'Амур', ' home', 1516050000, ' normal', 0, 2, ' lose'),
(9, 'Куньлунь Ред Стар', ' home', 1516222800, ' normal', 1, 3, ' lose'),
(9, 'Динамо Р', ' guest', 1516395600, ' normal', 3, 2, ' win'),
(9, 'Адмирал', ' home', 1516568400, ' normal', 2, 3, ' lose'),
(9, 'Слован', ' home', 1516827600, ' normal', 3, 2, ' win'),
(10, 'Авангард', ' guest', 1503349200, ' normal', 1, 3, ' lose'),
(10, 'Сибирь', ' guest', 1503522000, ' normal', 1, 2, ' lose'),
(10, 'Барыс', ' guest', 1503694800, ' normal', 5, 3, ' win'),
(10, 'Югра', ' guest', 1503867600, ' ОТ', 3, 2, ' win'),
(10, 'Спартак', ' home', 1504126800, ' normal', 1, 3, ' lose'),
(10, 'Динамо М', ' home', 1504299600, ' normal', 1, 5, ' lose'),
(10, 'Локомотив', ' home', 1504472400, ' normal', 1, 2, ' lose'),
(10, 'СКА', ' home', 1504645200, ' normal', 1, 3, ' lose'),
(10, 'Барыс', ' home', 1504818000, ' normal', 0, 6, ' lose'),
(10, 'Салават Юлаев', ' guest', 1505163600, ' normal', 1, 2, ' lose'),
(10, 'ХК Сочи', ' guest', 1505336400, ' normal', 1, 5, ' lose'),
(10, 'Йокерит', ' guest', 1505509200, ' normal', 2, 3, ' lose'),
(10, 'Ак Барс', ' guest', 1505682000, ' normal', 2, 7, ' lose'),
(10, 'Нефтехимик', ' guest', 1505854800, ' normal', 0, 2, ' lose'),
(10, 'Куньлунь Ред Стар', ' home', 1506286800, ' normal', 1, 2, ' lose'),
(10, 'Адмирал', ' home', 1506459600, ' normal', 2, 5, ' lose'),
(10, 'ЦСКА', ' guest', 1506978000, ' ОТ', 2, 3, ' lose'),
(10, 'Витязь', ' guest', 1507150800, ' normal', 1, 4, ' lose'),
(10, 'Слован', ' guest', 1507323600, ' ОТ', 3, 2, ' win'),
(10, 'Торпедо', ' guest', 1507669200, ' normal', 1, 3, ' lose'),
(10, 'Северсталь', ' guest', 1507842000, ' normal', 1, 3, ' lose'),
(10, 'Торпедо', ' home', 1508014800, ' normal', 1, 3, ' lose'),
(10, 'Северсталь', ' home', 1508187600, ' ОТ', 3, 2, ' win'),
(10, 'Сибирь', ' home', 1508706000, ' Б', 2, 3, ' lose'),
(10, 'Авангард', ' home', 1508965200, ' ОТ', 1, 0, ' win'),
(10, 'Динамо Мн', ' home', 1509224400, ' ОТ', 1, 2, ' lose'),
(10, 'СКА', ' guest', 1509397200, ' normal', 2, 3, ' lose'),
(10, 'Динамо М', ' guest', 1509570000, ' Б', 1, 2, ' lose'),
(10, 'Локомотив', ' guest', 1509742800, ' normal', 4, 0, ' win'),
(10, 'Лада', ' home', 1510606800, ' Б', 2, 1, ' win'),
(10, 'Металлург Мг', ' home', 1510779600, ' normal', 0, 3, ' lose'),
(10, 'Автомобилист', ' home', 1511038800, ' Б', 3, 2, ' win'),
(10, 'Трактор', ' home', 1511211600, ' normal', 1, 3, ' lose'),
(10, 'Автомобилист', ' guest', 1511470800, ' ОТ', 3, 2, ' win'),
(10, 'Металлург Мг', ' guest', 1511643600, ' normal', 2, 3, ' lose'),
(10, 'Трактор', ' guest', 1511816400, ' Б', 1, 2, ' lose'),
(10, 'Лада', ' guest', 1511989200, ' Б', 2, 3, ' lose'),
(10, 'Слован', ' home', 1512248400, ' normal', 5, 1, ' win'),
(10, 'ЦСКА', ' home', 1512421200, ' normal', 0, 1, ' lose'),
(10, 'Динамо Мн', ' guest', 1512766800, ' normal', 3, 1, ' win'),
(10, 'Витязь', ' home', 1512939600, ' normal', 4, 2, ' win'),
(10, 'Куньлунь Ред Стар', ' guest', 1513544400, ' normal', 1, 3, ' lose'),
(10, 'Адмирал', ' guest', 1513717200, ' normal', 3, 1, ' win'),
(10, 'Амур', ' guest', 1513803600, ' normal', 1, 3, ' lose'),
(10, 'Нефтехимик', ' home', 1515013200, ' normal', 2, 1, ' win'),
(10, 'Салават Юлаев', ' home', 1515186000, ' ОТ', 3, 4, ' lose'),
(10, 'ХК Сочи', ' home', 1515358800, ' Б', 3, 4, ' lose'),
(10, 'Ак Барс', ' home', 1515531600, ' normal', 1, 4, ' lose'),
(10, 'Амур', ' home', 1516222800, ' normal', 3, 4, ' lose'),
(10, 'Динамо Мн', ' home', 1516395600, ' normal', 2, 3, ' lose'),
(10, 'Югра', ' home', 1516568400, ' ОТ', 1, 2, ' lose'),
(10, 'Спартак', ' guest', 1516741200, ' normal', 2, 5, ' lose'),
(10, 'Йокерит', ' guest', 1516914000, ' normal', 4, 2, ' win'),
(10, 'Йокерит', ' home', 1517086800, ' normal', 1, 2, ' lose'),
(11, 'Динамо Мн', ' guest', 1503435600, ' normal', 6, 1, ' win'),
(11, 'СКА', ' guest', 1503608400, ' normal', 0, 2, ' lose'),
(11, 'Локомотив', ' guest', 1503781200, ' ОТ', 4, 3, ' win'),
(11, 'Динамо М', ' guest', 1503954000, ' Б', 1, 2, ' lose'),
(11, 'Спартак', ' guest', 1504645200, ' normal', 4, 3, ' win'),
(11, 'Куньлунь Ред Стар', ' guest', 1504904400, ' normal', 4, 1, ' win'),
(11, 'Амур', ' guest', 1505077200, ' normal', 4, 2, ' win'),
(11, 'Адмирал', ' guest', 1505250000, ' ОТ', 1, 0, ' win'),
(11, 'Динамо Р', ' home', 1505509200, ' normal', 3, 2, ' win'),
(11, 'ЦСКА', ' home', 1505941200, ' normal', 4, 0, ' win'),
(11, 'Витязь', ' home', 1506286800, ' normal', 5, 2, ' win'),
(11, 'Спартак', ' home', 1506632400, ' normal', 5, 1, ' win'),
(11, 'Северсталь', ' home', 1506805200, ' normal', 3, 1, ' win'),
(11, 'Торпедо', ' home', 1506978000, ' normal', 4, 2, ' win'),
(11, 'Автомобилист', ' guest', 1507410000, ' normal', 3, 1, ' win'),
(11, 'Трактор', ' guest', 1507582800, ' normal', 3, 0, ' win'),
(11, 'Лада', ' guest', 1507755600, ' normal', 4, 0, ' win'),
(11, 'Салават Юлаев', ' home', 1508014800, ' normal', 2, 0, ' win'),
(11, 'Ак Барс', ' home', 1508187600, ' normal', 3, 1, ' win'),
(11, 'СКА', ' guest', 1508533200, ' ОТ', 3, 4, ' lose'),
(11, 'Локомотив', ' home', 1508706000, ' normal', 3, 4, ' lose'),
(11, 'Барыс', ' home', 1508878800, ' ОТ', 2, 3, ' lose'),
(11, 'Динамо Мн', ' home', 1509051600, ' normal', 2, 0, ' win'),
(11, 'Барыс', ' guest', 1509310800, ' normal', 0, 4, ' lose'),
(11, 'Сибирь', ' guest', 1509483600, ' normal', 1, 2, ' lose'),
(11, 'Авангард', ' guest', 1509656400, ' normal', 3, 1, ' win'),
(11, 'Югра', ' guest', 1509829200, ' normal', 3, 0, ' win'),
(11, 'Нефтехимик', ' home', 1510693200, ' normal', 6, 3, ' win'),
(11, 'ХК Сочи', ' home', 1510866000, ' normal', 2, 3, ' lose'),
(11, 'Авангард', ' home', 1511298000, ' normal', 3, 0, ' win'),
(11, 'Адмирал', ' home', 1511470800, ' normal', 3, 2, ' win'),
(11, 'Югра', ' home', 1511643600, ' normal', 1, 0, ' win'),
(11, 'Сибирь', ' home', 1511816400, ' normal', 2, 1, ' win'),
(11, 'Амур', ' home', 1511902800, ' ОТ', 4, 5, ' lose'),
(11, 'СКА', ' home', 1512162000, ' normal', 3, 4, ' lose'),
(11, 'Северсталь', ' guest', 1512421200, ' normal', 3, 2, ' win'),
(11, 'Динамо М', ' home', 1512594000, ' normal', 0, 1, ' lose'),
(11, 'Торпедо', ' guest', 1512766800, ' normal', 2, 3, ' lose'),
(11, 'Металлург Мг', ' guest', 1512939600, ' Б', 1, 2, ' lose'),
(11, 'Лада', ' home', 1513544400, ' Б', 4, 3, ' win'),
(11, 'Автомобилист', ' home', 1513803600, ' Б', 2, 3, ' lose'),
(11, 'Слован', ' home', 1514235600, ' normal', 2, 3, ' lose'),
(11, 'Витязь', ' guest', 1514408400, ' normal', 4, 1, ' win'),
(11, 'Слован', ' guest', 1514581200, ' normal', 2, 3, ' lose'),
(11, 'ЦСКА', ' guest', 1514926800, ' ОТ', 1, 2, ' lose'),
(11, 'Металлург Мг', ' home', 1515272400, ' ОТ', 1, 2, ' lose'),
(11, 'Трактор', ' home', 1515445200, ' normal', 3, 0, ' win'),
(11, 'Куньлунь Ред Стар', ' home', 1515618000, ' normal', 3, 1, ' win'),
(11, 'Ак Барс', ' guest', 1516136400, ' normal', 1, 2, ' lose'),
(11, 'ХК Сочи', ' guest', 1516309200, ' normal', 1, 2, ' lose'),
(11, 'Нефтехимик', ' guest', 1516482000, ' normal', 2, 3, ' lose'),
(11, 'Салават Юлаев', ' guest', 1516654800, ' Б', 5, 4, ' win'),
(11, 'Динамо Р', ' home', 1516914000, ' normal', 2, 4, ' lose'),
(11, 'Динамо Р', ' guest', 1517086800, ' normal', 2, 1, ' win'),
(12, 'ХК Сочи', ' guest', 1503349200, ' normal', 4, 2, ' win'),
(12, 'Ак Барс', ' guest', 1503522000, ' normal', 2, 4, ' lose'),
(12, 'Нефтехимик', ' guest', 1503694800, ' normal', 1, 2, ' lose'),
(12, 'Салават Юлаев', ' guest', 1503867600, ' normal', 2, 1, ' win'),
(12, 'Автомобилист', ' guest', 1504213200, ' normal', 2, 1, ' win'),
(12, 'Трактор', ' guest', 1504386000, ' Б', 5, 4, ' win'),
(12, 'Лада', ' guest', 1504558800, ' normal', 2, 0, ' win'),
(12, 'Йокерит', ' home', 1504904400, ' normal', 1, 4, ' lose'),
(12, 'ЦСКА', ' home', 1505077200, ' ОТ', 3, 4, ' lose'),
(12, 'Слован', ' home', 1505250000, ' normal', 2, 0, ' win'),
(12, 'Витязь', ' home', 1505422800, ' normal', 2, 0, ' win'),
(12, 'Торпедо', ' guest', 1505768400, ' normal', 1, 3, ' lose'),
(12, 'Северсталь', ' guest', 1505941200, ' normal', 4, 5, ' lose'),
(12, 'Спартак', ' guest', 1506114000, ' normal', 2, 6, ' lose'),
(12, 'Динамо Р', ' guest', 1506286800, ' normal', 2, 1, ' win'),
(12, 'Автомобилист', ' home', 1506718800, ' normal', 2, 1, ' win'),
(12, 'Лада', ' home', 1507064400, ' normal', 2, 1, ' win'),
(12, 'Металлург Мг', ' home', 1507237200, ' Б', 2, 3, ' lose'),
(12, 'Югра', ' guest', 1507582800, ' normal', 1, 2, ' lose'),
(12, 'Авангард', ' guest', 1507755600, ' normal', 0, 3, ' lose'),
(12, 'Барыс', ' guest', 1507928400, ' ОТ', 3, 4, ' lose'),
(12, 'Сибирь', ' guest', 1508101200, ' normal', 3, 0, ' win'),
(12, 'Трактор', ' home', 1508274000, ' Б', 2, 3, ' lose'),
(12, 'Адмирал', ' home', 1508533200, ' Б', 1, 2, ' lose'),
(12, 'Адмирал', ' home', 1508706000, ' Б', 2, 3, ' lose'),
(12, 'Ак Барс', ' home', 1509051600, ' normal', 1, 2, ' lose'),
(12, 'Нефтехимик', ' home', 1509397200, ' normal', 2, 0, ' win'),
(12, 'Салават Юлаев', ' home', 1509570000, ' normal', 2, 3, ' lose'),
(12, 'ХК Сочи', ' home', 1509742800, ' normal', 3, 4, ' lose'),
(12, 'Динамо М', ' home', 1510606800, ' Б', 1, 2, ' lose'),
(12, 'Динамо Мн', ' home', 1510779600, ' normal', 0, 2, ' lose'),
(12, 'СКА', ' home', 1510952400, ' normal', 1, 8, ' lose'),
(12, 'Локомотив', ' home', 1511470800, ' normal', 1, 4, ' lose'),
(12, 'Слован', ' guest', 1511730000, ' ОТ', 1, 2, ' lose'),
(12, 'ЦСКА', ' guest', 1511902800, ' normal', 1, 3, ' lose'),
(12, 'Витязь', ' guest', 1512075600, ' normal', 1, 2, ' lose'),
(12, 'Амур', ' guest', 1512248400, ' ОТ', 4, 3, ' win'),
(12, 'Амур', ' guest', 1512421200, ' normal', 1, 2, ' lose'),
(12, 'Адмирал', ' guest', 1512594000, ' normal', 2, 4, ' lose'),
(12, 'Динамо Р', ' home', 1513544400, ' normal', 3, 1, ' win'),
(12, 'Торпедо', ' home', 1513717200, ' normal', 0, 2, ' lose'),
(12, 'Северсталь', ' home', 1513890000, ' ОТ', 2, 1, ' win'),
(12, 'Спартак', ' home', 1514062800, ' normal', 1, 3, ' lose'),
(12, 'Адмирал', ' guest', 1514494800, ' normal', 2, 0, ' win'),
(12, 'Авангард', ' home', 1514926800, ' normal', 0, 4, ' lose'),
(12, 'Югра', ' home', 1515099600, ' ОТ', 2, 1, ' win'),
(12, 'Сибирь', ' home', 1515272400, ' normal', 7, 4, ' win'),
(12, 'СКА', ' guest', 1515445200, ' normal', 2, 4, ' lose'),
(12, 'Йокерит', ' guest', 1515618000, ' normal', 1, 3, ' lose'),
(12, 'Динамо М', ' guest', 1516050000, ' normal', 2, 5, ' lose'),
(12, 'Динамо Мн', ' guest', 1516222800, ' normal', 3, 1, ' win'),
(12, 'Локомотив', ' guest', 1516395600, ' normal', 0, 2, ' lose'),
(12, 'Металлург Мг', ' guest', 1516568400, ' normal', 1, 4, ' lose'),
(12, 'Амур', ' home', 1516827600, ' normal', 1, 3, ' lose'),
(12, 'Амур', ' home', 1517000400, ' normal', 2, 4, ' lose'),
(12, 'Барыс', ' home', 1517086800, ' normal', 0, 4, ' lose'),
(13, 'Трактор', ' home', 1503435600, ' normal', 0, 2, ' lose'),
(13, 'Автомобилист', ' home', 1503608400, ' normal', 3, 1, ' win'),
(13, 'Металлург Мг', ' home', 1503781200, ' normal', 4, 5, ' lose'),
(13, 'Нефтехимик', ' guest', 1503954000, ' normal', 3, 1, ' win'),
(13, 'Ак Барс', ' guest', 1504126800, ' normal', 2, 5, ' lose'),
(13, 'Амур', ' home', 1504386000, ' ОТ', 1, 2, ' lose'),
(13, 'Куньлунь Ред Стар', ' home', 1504558800, ' normal', 0, 2, ' lose'),
(13, 'Металлург Мг', ' home', 1504818000, ' normal', 3, 5, ' lose'),
(13, 'СКА', ' guest', 1505077200, ' normal', 1, 3, ' lose'),
(13, 'Динамо Мн', ' guest', 1505250000, ' normal', 0, 2, ' lose'),
(13, 'Динамо М', ' guest', 1505422800, ' normal', 2, 3, ' lose'),
(13, 'Локомотив', ' guest', 1505595600, ' normal', 1, 2, ' lose'),
(13, 'Ак Барс', ' home', 1506027600, ' normal', 1, 3, ' lose'),
(13, 'Нефтехимик', ' home', 1506200400, ' normal', 1, 2, ' lose'),
(13, 'ХК Сочи', ' home', 1506373200, ' ОТ', 2, 1, ' win'),
(13, 'Салават Юлаев', ' home', 1506546000, ' ОТ', 2, 3, ' lose'),
(13, 'Металлург Мг', ' guest', 1506805200, ' normal', 0, 2, ' lose'),
(13, 'Куньлунь Ред Стар', ' guest', 1507064400, ' normal', 1, 2, ' lose'),
(13, 'Адмирал', ' guest', 1507237200, ' normal', 2, 0, ' win'),
(13, 'Амур', ' guest', 1507410000, ' normal', 1, 4, ' lose'),
(13, 'Йокерит', ' home', 1507755600, ' normal', 0, 4, ' lose'),
(13, 'Витязь', ' home', 1508101200, ' normal', 3, 1, ' win'),
(13, 'Слован', ' home', 1508274000, ' normal', 5, 1, ' win'),
(13, 'ХК Сочи', ' guest', 1508619600, ' ОТ', 1, 2, ' lose'),
(13, 'Салават Юлаев', ' guest', 1508792400, ' normal', 1, 4, ' lose'),
(13, 'Югра', ' home', 1509051600, ' normal', 4, 0, ' win'),
(13, 'Трактор', ' guest', 1509224400, ' normal', 2, 3, ' lose'),
(13, 'Автомобилист', ' guest', 1509397200, ' normal', 4, 6, ' lose'),
(13, 'Металлург Мг', ' guest', 1509570000, ' normal', 3, 1, ' win'),
(13, 'Динамо Р', ' guest', 1510606800, ' Б', 1, 2, ' lose'),
(13, 'Спартак', ' guest', 1510779600, ' normal', 2, 4, ' lose'),
(13, 'Торпедо', ' guest', 1510952400, ' normal', 1, 3, ' lose'),
(13, 'Северсталь', ' guest', 1511125200, ' Б', 4, 5, ' lose'),
(13, 'Северсталь', ' home', 1511470800, ' normal', 3, 2, ' win'),
(13, 'Спартак', ' home', 1511643600, ' normal', 1, 4, ' lose'),
(13, 'Торпедо', ' home', 1511816400, ' normal', 0, 2, ' lose'),
(13, 'Динамо Р', ' home', 1511989200, ' Б', 3, 2, ' win'),
(13, 'Адмирал', ' home', 1512162000, ' normal', 2, 3, ' lose'),
(13, 'Югра', ' guest', 1512421200, ' ОТ', 4, 3, ' win'),
(13, 'Авангард', ' guest', 1512594000, ' normal', 2, 4, ' lose'),
(13, 'Авангард', ' home', 1512939600, ' normal', 0, 5, ' lose'),
(13, 'Йокерит', ' guest', 1513544400, ' Б', 3, 4, ' lose'),
(13, 'Слован', ' guest', 1513717200, ' normal', 4, 2, ' win'),
(13, 'Динамо Мн', ' home', 1513976400, ' normal', 1, 2, ' lose'),
(13, 'Локомотив', ' home', 1514149200, ' normal', 3, 1, ' win'),
(13, 'ЦСКА', ' home', 1514494800, ' normal', 1, 2, ' lose'),
(13, 'Динамо М', ' home', 1515099600, ' normal', 3, 1, ' win'),
(13, 'СКА', ' home', 1515272400, ' normal', 0, 5, ' lose'),
(13, 'Витязь', ' guest', 1515445200, ' normal', 1, 5, ' lose'),
(13, 'ЦСКА', ' guest', 1515618000, ' normal', 0, 3, ' lose'),
(13, 'Барыс', ' home', 1516050000, ' ОТ', 4, 3, ' win'),
(13, 'Сибирь', ' home', 1516222800, ' normal', 0, 1, ' lose'),
(13, 'Барыс', ' guest', 1516482000, ' normal', 3, 4, ' lose'),
(13, 'Сибирь', ' guest', 1516654800, ' normal', 0, 2, ' lose'),
(14, 'ЦСКА', ' home', 1503435600, ' Б', 1, 2, ' lose'),
(14, 'Слован', ' home', 1503608400, ' normal', 5, 1, ' win'),
(14, 'Йокерит', ' home', 1503781200, ' ОТ', 3, 4, ' lose'),
(14, 'Витязь', ' home', 1503954000, ' normal', 3, 1, ' win'),
(14, 'Северсталь', ' guest', 1504299600, ' normal', 2, 3, ' lose'),
(14, 'Динамо Р', ' guest', 1504472400, ' normal', 2, 1, ' win'),
(14, 'Торпедо', ' guest', 1504645200, ' normal', 0, 3, ' lose'),
(14, 'Автомобилист', ' home', 1505077200, ' normal', 3, 2, ' win'),
(14, 'Металлург Мг', ' home', 1505250000, ' ОТ', 3, 2, ' win'),
(14, 'Трактор', ' home', 1505422800, ' normal', 3, 1, ' win'),
(14, 'Лада', ' home', 1505595600, ' normal', 2, 1, ' win'),
(14, 'Югра', ' guest', 1505941200, ' normal', 3, 2, ' win'),
(14, 'Авангард', ' guest', 1506114000, ' normal', 1, 6, ' lose'),
(14, 'Сибирь', ' guest', 1506286800, ' ОТ', 3, 4, ' lose'),
(14, 'Барыс', ' guest', 1506459600, ' normal', 1, 6, ' lose'),
(14, 'Авангард', ' home', 1506718800, ' normal', 2, 3, ' lose'),
(14, 'СКА', ' home', 1506891600, ' normal', 1, 6, ' lose'),
(14, 'Динамо М', ' guest', 1507064400, ' normal', 2, 0, ' win'),
(14, 'ЦСКА', ' guest', 1507496400, ' normal', 2, 5, ' lose'),
(14, 'Нефтехимик', ' guest', 1507669200, ' normal', 3, 1, ' win'),
(14, 'Ак Барс', ' home', 1507842000, ' normal', 6, 2, ' win'),
(14, 'Северсталь', ' home', 1508014800, ' Б', 6, 5, ' win'),
(14, 'Нефтехимик', ' home', 1508360400, ' normal', 1, 2, ' lose'),
(14, 'ЦСКА', ' guest', 1508533200, ' ОТ', 3, 2, ' win'),
(14, 'Йокерит', ' guest', 1508706000, ' normal', 4, 3, ' win'),
(14, 'Слован', ' guest', 1508878800, ' normal', 3, 2, ' win'),
(14, 'Витязь', ' guest', 1509051600, ' normal', 4, 2, ' win'),
(14, 'Северсталь', ' home', 1509397200, ' normal', 0, 1, ' lose'),
(14, 'Торпедо', ' home', 1509570000, ' normal', 4, 1, ' win'),
(14, 'Динамо Р', ' home', 1509742800, ' normal', 0, 4, ' lose'),
(14, 'ХК Сочи', ' home', 1510693200, ' Б', 3, 2, ' win'),
(14, 'Салават Юлаев', ' home', 1510866000, ' ОТ', 3, 2, ' win'),
(14, 'Адмирал', ' guest', 1511125200, ' normal', 2, 0, ' win'),
(14, 'Амур', ' guest', 1511298000, ' normal', 1, 3, ' lose'),
(14, 'Куньлунь Ред Стар', ' guest', 1511470800, ' normal', 4, 1, ' win'),
(14, 'Барыс', ' home', 1511902800, ' normal', 5, 0, ' win'),
(14, 'Югра', ' home', 1511989200, ' normal', 3, 1, ' win'),
(14, 'Сибирь', ' home', 1512162000, ' normal', 7, 3, ' win'),
(14, 'ХК Сочи', ' guest', 1512507600, ' ОТ', 2, 1, ' win'),
(14, 'Ак Барс', ' guest', 1512680400, ' normal', 4, 1, ' win'),
(14, 'Салават Юлаев', ' guest', 1512853200, ' normal', 2, 3, ' lose'),
(14, 'Спартак', ' home', 1513630800, ' normal', 2, 1, ' win'),
(14, 'Динамо Мн', ' home', 1513803600, ' normal', 3, 2, ' win'),
(14, 'Лада', ' guest', 1514149200, ' normal', 1, 3, ' lose'),
(14, 'Трактор', ' guest', 1514322000, ' normal', 2, 3, ' lose'),
(14, 'Автомобилист', ' guest', 1514926800, ' Б', 6, 5, ' win'),
(14, 'Металлург Мг', ' guest', 1515099600, ' normal', 1, 4, ' lose'),
(14, 'Динамо М', ' home', 1515272400, ' ОТ', 2, 1, ' win'),
(14, 'Динамо Мн', ' guest', 1515445200, ' normal', 3, 1, ' win'),
(14, 'СКА', ' guest', 1515618000, ' normal', 0, 1, ' lose'),
(14, 'Адмирал', ' home', 1516050000, ' normal', 1, 3, ' lose'),
(14, 'Северсталь', ' guest', 1516222800, ' ОТ', 6, 5, ' win'),
(14, 'Куньлунь Ред Стар', ' home', 1516395600, ' normal', 2, 0, ' win'),
(14, 'Амур', ' home', 1516568400, ' normal', 3, 0, ' win'),
(15, 'Автомобилист', ' home', 1503435600, ' normal', 2, 5, ' lose'),
(15, 'Трактор', ' home', 1503608400, ' normal', 2, 1, ' win'),
(15, 'Лада', ' guest', 1503781200, ' normal', 5, 4, ' win'),
(15, 'Трактор', ' guest', 1503954000, ' normal', 1, 2, ' lose'),
(15, 'Амур', ' home', 1504213200, ' normal', 2, 3, ' lose'),
(15, 'Барыс', ' home', 1504386000, ' Б', 3, 2, ' win'),
(15, 'Адмирал', ' home', 1504558800, ' normal', 4, 2, ' win'),
(15, 'Лада', ' guest', 1504818000, ' normal', 5, 3, ' win'),
(15, 'Динамо М', ' guest', 1505077200, ' normal', 2, 1, ' win'),
(15, 'Локомотив', ' guest', 1505250000, ' ОТ', 2, 3, ' lose'),
(15, 'СКА', ' guest', 1505422800, ' ОТ', 3, 4, ' lose'),
(15, 'Динамо Мн', ' guest', 1505595600, ' normal', 3, 5, ' lose'),
(15, 'Салават Юлаев', ' home', 1506027600, ' normal', 3, 4, ' lose'),
(15, 'ХК Сочи', ' home', 1506200400, ' normal', 6, 4, ' win'),
(15, 'Ак Барс', ' home', 1506373200, ' normal', 1, 2, ' lose'),
(15, 'Нефтехимик', ' home', 1506546000, ' Б', 3, 2, ' win'),
(15, 'Лада', ' home', 1506805200, ' normal', 2, 0, ' win'),
(15, 'Куньлунь Ред Стар', ' guest', 1507237200, ' Б', 3, 2, ' win'),
(15, 'Адмирал', ' guest', 1507410000, ' normal', 3, 1, ' win'),
(15, 'Амур', ' guest', 1507582800, ' ОТ', 4, 5, ' lose'),
(15, 'Витязь', ' home', 1507928400, ' normal', 3, 1, ' win'),
(15, 'Слован', ' home', 1508101200, ' normal', 4, 1, ' win'),
(15, 'ЦСКА', ' home', 1508274000, ' normal', 2, 7, ' lose'),
(15, 'Ак Барс', ' guest', 1508619600, ' normal', 0, 4, ' lose'),
(15, 'Нефтехимик', ' guest', 1508792400, ' normal', 1, 3, ' lose'),
(15, 'Салават Юлаев', ' guest', 1508965200, ' normal', 4, 1, ' win'),
(15, 'ХК Сочи', ' guest', 1509138000, ' normal', 3, 4, ' lose'),
(15, 'Лада', ' home', 1509570000, ' normal', 1, 3, ' lose'),
(15, 'Автомобилист', ' guest', 1509742800, ' ОТ', 3, 2, ' win'),
(15, 'Спартак', ' guest', 1510606800, ' Б', 2, 3, ' lose'),
(15, 'Динамо Р', ' guest', 1510779600, ' normal', 3, 0, ' win'),
(15, 'Северсталь', ' guest', 1510952400, ' normal', 1, 0, ' win'),
(15, 'Торпедо', ' guest', 1511125200, ' ОТ', 1, 2, ' lose'),
(15, 'Нефтехимик', ' guest', 1511298000, ' normal', 2, 5, ' lose'),
(15, 'Торпедо', ' home', 1511470800, ' normal', 1, 2, ' lose'),
(15, 'Динамо Р', ' home', 1511643600, ' normal', 3, 2, ' win'),
(15, 'Северсталь', ' home', 1511816400, ' ОТ', 2, 3, ' lose'),
(15, 'Спартак', ' home', 1511989200, ' normal', 3, 2, ' win'),
(15, 'Барыс', ' guest', 1512248400, ' normal', 4, 3, ' win'),
(15, 'Сибирь', ' guest', 1512421200, ' normal', 2, 1, ' win'),
(15, 'Сибирь', ' home', 1512766800, ' Б', 3, 2, ' win'),
(15, 'Йокерит', ' home', 1512939600, ' Б', 2, 1, ' win'),
(15, 'Витязь', ' guest', 1513630800, ' Б', 1, 2, ' lose'),
(15, 'ЦСКА', ' guest', 1513803600, ' normal', 4, 1, ' win'),
(15, 'СКА', ' home', 1514149200, ' normal', 0, 4, ' lose'),
(15, 'Динамо М', ' home', 1514322000, ' normal', 5, 1, ' win'),
(15, 'Динамо Мн', ' home', 1514926800, ' normal', 1, 2, ' lose'),
(15, 'Локомотив', ' home', 1515099600, ' normal', 4, 1, ' win'),
(15, 'Йокерит', ' guest', 1515272400, ' ОТ', 2, 1, ' win'),
(15, 'Слован', ' guest', 1515445200, ' normal', 3, 4, ' lose'),
(15, 'Авангард', ' guest', 1516050000, ' ОТ', 4, 3, ' win'),
(15, 'Югра', ' guest', 1516222800, ' normal', 3, 0, ' win'),
(15, 'Авангард', ' home', 1516395600, ' normal', 3, 6, ' lose'),
(15, 'Куньлунь Ред Стар', ' home', 1516568400, ' normal', 4, 1, ' win'),
(16, 'Амур', ' home', 1503349200, ' normal', 2, 0, ' win'),
(16, 'Адмирал', ' home', 1503522000, ' normal', 3, 2, ' win');
INSERT INTO `result_match` (`id_team`, `rival`, `place`, `date_match`, `time_end`, `puck_team`, `puck_rival`, `result`) VALUES
(16, 'Куньлунь Ред Стар', ' home', 1503694800, ' normal', 2, 1, ' win'),
(16, 'Лада', ' home', 1503954000, ' normal', 1, 3, ' lose'),
(16, 'Салават Юлаев', ' guest', 1504386000, ' normal', 0, 6, ' lose'),
(16, 'ХК Сочи', ' guest', 1504558800, ' normal', 3, 5, ' lose'),
(16, 'Слован', ' guest', 1504818000, ' ОТ', 4, 3, ' win'),
(16, 'Торпедо', ' home', 1505163600, ' ОТ', 2, 3, ' lose'),
(16, 'Спартак', ' home', 1505336400, ' normal', 2, 1, ' win'),
(16, 'Северсталь', ' home', 1505509200, ' normal', 4, 2, ' win'),
(16, 'Динамо Р', ' home', 1505854800, ' normal', 2, 0, ' win'),
(16, 'Трактор', ' guest', 1506027600, ' normal', 3, 0, ' win'),
(16, 'Лада', ' guest', 1506200400, ' normal', 2, 1, ' win'),
(16, 'Автомобилист', ' guest', 1506373200, ' Б', 3, 4, ' lose'),
(16, 'Металлург Мг', ' guest', 1506546000, ' Б', 2, 3, ' lose'),
(16, 'Барыс', ' home', 1506891600, ' normal', 0, 3, ' lose'),
(16, 'Авангард', ' home', 1507064400, ' normal', 5, 4, ' win'),
(16, 'Югра', ' home', 1507237200, ' ОТ', 4, 5, ' lose'),
(16, 'Локомотив', ' home', 1507669200, ' normal', 1, 3, ' lose'),
(16, 'Динамо Мн', ' guest', 1507842000, ' normal', 1, 3, ' lose'),
(16, 'Динамо М', ' guest', 1508014800, ' normal', 4, 3, ' win'),
(16, 'СКА', ' guest', 1508187600, ' normal', 2, 5, ' lose'),
(16, 'Локомотив', ' guest', 1508360400, ' normal', 2, 1, ' win'),
(16, 'Автомобилист', ' home', 1508619600, ' normal', 2, 0, ' win'),
(16, 'Металлург Мг', ' home', 1508792400, ' normal', 3, 1, ' win'),
(16, 'Адмирал', ' guest', 1509051600, ' normal', 2, 1, ' win'),
(16, 'Амур', ' guest', 1509224400, ' ОТ', 4, 5, ' lose'),
(16, 'Куньлунь Ред Стар', ' guest', 1509397200, ' normal', 0, 2, ' lose'),
(16, 'Трактор', ' home', 1509742800, ' normal', 4, 3, ' win'),
(16, 'Сибирь', ' home', 1510520400, ' normal', 4, 1, ' win'),
(16, 'Йокерит', ' guest', 1510693200, ' normal', 3, 6, ' lose'),
(16, 'Витязь', ' guest', 1510866000, ' Б', 2, 1, ' win'),
(16, 'ЦСКА', ' guest', 1511038800, ' Б', 2, 3, ' lose'),
(16, 'Металлург Мг', ' home', 1511298000, ' normal', 5, 2, ' win'),
(16, 'ХК Сочи', ' home', 1511470800, ' normal', 1, 3, ' lose'),
(16, 'Салават Юлаев', ' home', 1511730000, ' normal', 3, 2, ' win'),
(16, 'Ак Барс', ' guest', 1512162000, ' normal', 2, 1, ' win'),
(16, 'СКА', ' home', 1512334800, ' normal', 1, 3, ' lose'),
(16, 'Динамо Мн', ' home', 1512507600, ' normal', 4, 1, ' win'),
(16, 'Динамо М', ' home', 1512766800, ' normal', 1, 2, ' lose'),
(16, 'ХК Сочи', ' guest', 1513544400, ' normal', 2, 0, ' win'),
(16, 'Ак Барс', ' home', 1513717200, ' normal', 3, 0, ' win'),
(16, 'Барыс', ' guest', 1513976400, ' normal', 4, 0, ' win'),
(16, 'Сибирь', ' guest', 1514149200, ' normal', 2, 6, ' lose'),
(16, 'Югра', ' guest', 1514322000, ' Б', 3, 4, ' lose'),
(16, 'Авангард', ' guest', 1514494800, ' ОТ', 3, 2, ' win'),
(16, 'Динамо Р', ' guest', 1515013200, ' normal', 1, 2, ' lose'),
(16, 'Северсталь', ' guest', 1515186000, ' normal', 2, 5, ' lose'),
(16, 'Спартак', ' guest', 1515358800, ' normal', 2, 3, ' lose'),
(16, 'Торпедо', ' guest', 1515531600, ' normal', 2, 4, ' lose'),
(16, 'ЦСКА', ' home', 1516136400, ' normal', 1, 0, ' win'),
(16, 'Витязь', ' home', 1516309200, ' normal', 3, 1, ' win'),
(16, 'Йокерит', ' home', 1516482000, ' normal', 3, 2, ' win'),
(16, 'Слован', ' home', 1516654800, ' normal', 5, 1, ' win'),
(17, 'Адмирал', ' home', 1503349200, ' normal', 3, 1, ' win'),
(17, 'Амур', ' home', 1503694800, ' normal', 4, 5, ' lose'),
(17, 'Куньлунь Ред Стар', ' home', 1503867600, ' normal', 1, 2, ' lose'),
(17, 'ХК Сочи', ' home', 1504126800, ' normal', 1, 0, ' lose'),
(17, 'Нефтехимик', ' home', 1504386000, ' normal', 6, 0, ' win'),
(17, 'Барыс', ' home', 1504558800, ' normal', 3, 5, ' lose'),
(17, 'Витязь', ' guest', 1504818000, ' normal', 4, 2, ' win'),
(17, 'Динамо Р', ' home', 1505163600, ' normal', 2, 1, ' win'),
(17, 'Торпедо', ' home', 1505336400, ' normal', 2, 1, ' win'),
(17, 'Спартак', ' home', 1505509200, ' normal', 5, 4, ' win'),
(17, 'Северсталь', ' home', 1505682000, ' normal', 0, 2, ' lose'),
(17, 'Металлург Мг', ' guest', 1506027600, ' normal', 4, 3, ' win'),
(17, 'Автомобилист', ' guest', 1506200400, ' normal', 0, 4, ' lose'),
(17, 'Трактор', ' guest', 1506373200, ' normal', 2, 3, ' lose'),
(17, 'Лада', ' guest', 1506546000, ' ОТ', 3, 2, ' win'),
(17, 'Югра', ' home', 1506891600, ' Б', 1, 2, ' lose'),
(17, 'СКА', ' home', 1507064400, ' normal', 1, 6, ' lose'),
(17, 'Авангард', ' home', 1507237200, ' normal', 1, 3, ' lose'),
(17, 'Сибирь', ' home', 1507410000, ' normal', 3, 0, ' win'),
(17, 'Динамо Мн', ' guest', 1507669200, ' normal', 4, 2, ' win'),
(17, 'СКА', ' guest', 1507842000, ' normal', 2, 4, ' lose'),
(17, 'Йокерит', ' guest', 1508014800, ' normal', 0, 2, ' lose'),
(17, 'Динамо М', ' guest', 1508187600, ' normal', 3, 2, ' win'),
(17, 'Автомобилист', ' home', 1508446800, ' normal', 5, 3, ' win'),
(17, 'Трактор', ' home', 1508619600, ' Б', 3, 4, ' lose'),
(17, 'Лада', ' home', 1508792400, ' normal', 4, 1, ' win'),
(17, 'Металлург Мг', ' home', 1508965200, ' normal', 1, 4, ' lose'),
(17, 'Адмирал', ' guest', 1509397200, ' normal', 1, 5, ' lose'),
(17, 'Куньлунь Ред Стар', ' guest', 1509570000, ' normal', 3, 2, ' win'),
(17, 'Амур', ' guest', 1509742800, ' normal', 1, 3, ' lose'),
(17, 'Слован', ' guest', 1510520400, ' normal', 2, 3, ' lose'),
(17, 'ЦСКА', ' guest', 1510693200, ' normal', 0, 3, ' lose'),
(17, 'Локомотив', ' guest', 1510866000, ' ОТ', 2, 3, ' lose'),
(17, 'ХК Сочи', ' guest', 1511038800, ' normal', 3, 1, ' win'),
(17, 'Ак Барс', ' home', 1511298000, ' normal', 0, 5, ' lose'),
(17, 'Нефтехимик', ' guest', 1511730000, ' normal', 2, 3, ' lose'),
(17, 'Ак Барс', ' guest', 1511902800, ' normal', 1, 0, ' win'),
(17, 'Динамо Мн', ' home', 1512162000, ' normal', 2, 0, ' win'),
(17, 'Динамо М', ' home', 1512334800, ' ОТ', 3, 2, ' win'),
(17, 'Локомотив', ' home', 1512853200, ' normal', 3, 2, ' win'),
(17, 'Ак Барс', ' guest', 1513544400, ' normal', 1, 2, ' lose'),
(17, 'ХК Сочи', ' guest', 1513717200, ' normal', 1, 2, ' lose'),
(17, 'Сибирь', ' guest', 1513976400, ' normal', 6, 3, ' win'),
(17, 'Барыс', ' guest', 1514149200, ' normal', 2, 0, ' win'),
(17, 'Авангард', ' guest', 1514322000, ' normal', 2, 1, ' win'),
(17, 'Югра', ' guest', 1514494800, ' ОТ', 4, 3, ' win'),
(17, 'Спартак', ' guest', 1515013200, ' normal', 2, 3, ' lose'),
(17, 'Динамо Р', ' guest', 1515186000, ' ОТ', 4, 3, ' win'),
(17, 'Торпедо', ' guest', 1515358800, ' Б', 4, 3, ' win'),
(17, 'Северсталь', ' guest', 1515531600, ' ОТ', 2, 3, ' lose'),
(17, 'Витязь', ' home', 1516136400, ' normal', 4, 1, ' win'),
(17, 'ЦСКА', ' home', 1516309200, ' normal', 2, 1, ' win'),
(17, 'Слован', ' home', 1516482000, ' normal', 5, 3, ' win'),
(17, 'Йокерит', ' home', 1516654800, ' Б', 4, 5, ' lose'),
(18, 'Югра', ' guest', 1503349200, ' ОТ', 1, 2, ' lose'),
(18, 'Авангард', ' guest', 1503522000, ' ОТ', 0, 1, ' lose'),
(18, 'Сибирь', ' guest', 1503694800, ' normal', 1, 2, ' lose'),
(18, 'Барыс', ' guest', 1503867600, ' normal', 3, 4, ' lose'),
(18, 'Локомотив', ' home', 1504299600, ' normal', 3, 2, ' win'),
(18, 'Динамо Мн', ' home', 1504472400, ' normal', 2, 1, ' win'),
(18, 'Динамо М', ' home', 1504645200, ' normal', 1, 5, ' lose'),
(18, 'СКА', ' home', 1504818000, ' normal', 2, 7, ' lose'),
(18, 'ХК Сочи', ' home', 1505077200, ' normal', 1, 0, ' win'),
(18, 'Ак Барс', ' guest', 1505336400, ' ОТ', 1, 2, ' lose'),
(18, 'Нефтехимик', ' guest', 1505509200, ' normal', 2, 4, ' lose'),
(18, 'Салават Юлаев', ' guest', 1505682000, ' normal', 2, 0, ' win'),
(18, 'Куньлунь Ред Стар', ' home', 1505941200, ' normal', 5, 4, ' win'),
(18, 'Адмирал', ' home', 1506114000, ' Б', 3, 2, ' win'),
(18, 'Амур', ' home', 1506459600, ' normal', 2, 1, ' win'),
(18, 'Йокерит', ' guest', 1506805200, ' normal', 1, 3, ' lose'),
(18, 'Слован', ' guest', 1506978000, ' Б', 4, 5, ' lose'),
(18, 'ЦСКА', ' guest', 1507150800, ' normal', 1, 3, ' lose'),
(18, 'Витязь', ' guest', 1507323600, ' ОТ', 2, 1, ' win'),
(18, 'Спартак', ' home', 1507669200, ' ОТ', 3, 2, ' win'),
(18, 'Динамо Р', ' home', 1507842000, ' normal', 3, 1, ' win'),
(18, 'Локомотив', ' guest', 1508014800, ' Б', 5, 6, ' lose'),
(18, 'Динамо Р', ' guest', 1508187600, ' ОТ', 2, 3, ' lose'),
(18, 'Авангард', ' home', 1508533200, ' normal', 1, 3, ' lose'),
(18, 'Югра', ' home', 1508706000, ' normal', 2, 0, ' win'),
(18, 'Барыс', ' home', 1509051600, ' ОТ', 4, 3, ' win'),
(18, 'Сибирь', ' home', 1509224400, ' normal', 1, 2, ' lose'),
(18, 'Локомотив', ' guest', 1509397200, ' normal', 1, 0, ' win'),
(18, 'Динамо Мн', ' guest', 1509742800, ' normal', 2, 1, ' win'),
(18, 'Динамо М', ' guest', 1509915600, ' normal', 1, 0, ' win'),
(18, 'Трактор', ' home', 1510606800, ' normal', 3, 2, ' win'),
(18, 'Автомобилист', ' home', 1510779600, ' normal', 2, 5, ' lose'),
(18, 'Металлург Мг', ' home', 1510952400, ' normal', 0, 1, ' lose'),
(18, 'Лада', ' home', 1511125200, ' Б', 5, 4, ' win'),
(18, 'Лада', ' guest', 1511470800, ' normal', 2, 3, ' lose'),
(18, 'Трактор', ' guest', 1511643600, ' Б', 2, 3, ' lose'),
(18, 'Металлург Мг', ' guest', 1511816400, ' ОТ', 3, 2, ' win'),
(18, 'Автомобилист', ' guest', 1511989200, ' normal', 0, 5, ' lose'),
(18, 'ЦСКА', ' home', 1512248400, ' normal', 0, 2, ' lose'),
(18, 'Йокерит', ' home', 1512421200, ' normal', 2, 3, ' lose'),
(18, 'Слован', ' home', 1512594000, ' normal', 5, 3, ' win'),
(18, 'Витязь', ' home', 1512766800, ' ОТ', 3, 2, ' win'),
(18, 'Куньлунь Ред Стар', ' guest', 1513890000, ' ОТ', 1, 2, ' lose'),
(18, 'Адмирал', ' guest', 1514062800, ' normal', 3, 2, ' win'),
(18, 'Амур', ' guest', 1514235600, ' normal', 2, 4, ' lose'),
(18, 'Торпедо', ' home', 1514494800, ' normal', 3, 2, ' win'),
(18, 'ХК Сочи', ' guest', 1515013200, ' normal', 1, 4, ' lose'),
(18, 'Нефтехимик', ' home', 1515186000, ' normal', 5, 2, ' win'),
(18, 'Ак Барс', ' home', 1515358800, ' normal', 5, 2, ' win'),
(18, 'Салават Юлаев', ' home', 1515531600, ' ОТ', 3, 2, ' win'),
(18, 'Торпедо', ' home', 1516050000, ' Б', 3, 4, ' lose'),
(18, 'Локомотив', ' home', 1516222800, ' ОТ', 5, 6, ' lose'),
(18, 'Торпедо', ' guest', 1516395600, ' normal', 3, 5, ' lose'),
(18, 'Спартак', ' guest', 1516568400, ' ОТ', 4, 3, ' win'),
(19, 'Спартак', ' home', 1503349200, ' normal', 3, 1, ' win'),
(19, 'Динамо Р', ' home', 1503522000, ' normal', 2, 1, ' win'),
(19, 'Северсталь', ' home', 1503694800, ' normal', 2, 1, ' win'),
(19, 'Торпедо', ' home', 1503867600, ' normal', 2, 3, ' lose'),
(19, 'Слован', ' guest', 1504213200, ' normal', 1, 2, ' lose'),
(19, 'ЦСКА', ' guest', 1504386000, ' normal', 1, 3, ' lose'),
(19, 'Витязь', ' guest', 1504558800, ' normal', 2, 1, ' win'),
(19, 'Авангард', ' home', 1504990800, ' ОТ', 1, 2, ' lose'),
(19, 'Витязь', ' home', 1505250000, ' normal', 4, 5, ' lose'),
(19, 'Барыс', ' guest', 1505422800, ' normal', 3, 1, ' win'),
(19, 'Барыс', ' guest', 1505595600, ' normal', 4, 0, ' win'),
(19, 'Динамо М', ' home', 1505941200, ' normal', 0, 2, ' lose'),
(19, 'Динамо Мн', ' home', 1506114000, ' normal', 2, 1, ' win'),
(19, 'Локомотив', ' home', 1506286800, ' ОТ', 4, 3, ' win'),
(19, 'СКА', ' home', 1506459600, ' normal', 0, 3, ' lose'),
(19, 'Ак Барс', ' guest', 1506891600, ' normal', 2, 3, ' lose'),
(19, 'ХК Сочи', ' guest', 1507064400, ' ОТ', 4, 3, ' win'),
(19, 'СКА', ' guest', 1507237200, ' normal', 2, 3, ' lose'),
(19, 'Салават Юлаев', ' guest', 1507410000, ' normal', 0, 3, ' lose'),
(19, 'Адмирал', ' home', 1507755600, ' normal', 2, 4, ' lose'),
(19, 'Куньлунь Ред Стар', ' home', 1508101200, ' normal', 0, 3, ' lose'),
(19, 'Амур', ' home', 1508446800, ' normal', 3, 2, ' win'),
(19, 'Динамо Р', ' guest', 1508706000, ' Б', 3, 2, ' win'),
(19, 'Спартак', ' guest', 1508878800, ' normal', 0, 4, ' lose'),
(19, 'Торпедо', ' guest', 1509051600, ' Б', 2, 1, ' win'),
(19, 'Северсталь', ' guest', 1509224400, ' normal', 2, 1, ' win'),
(19, 'Йокерит', ' home', 1509483600, ' normal', 2, 1, ' win'),
(19, 'ЦСКА', ' home', 1509656400, ' normal', 1, 5, ' lose'),
(19, 'Слован', ' home', 1510002000, ' normal', 3, 1, ' win'),
(19, 'Нефтехимик', ' guest', 1510520400, ' normal', 1, 4, ' lose'),
(19, 'Югра', ' guest', 1510693200, ' ОТ', 2, 1, ' win'),
(19, 'Авангард', ' guest', 1510866000, ' normal', 0, 1, ' lose'),
(19, 'Барыс', ' home', 1511125200, ' normal', 4, 0, ' win'),
(19, 'Барыс', ' home', 1511298000, ' normal', 6, 4, ' win'),
(19, 'Динамо Мн', ' guest', 1511643600, ' normal', 1, 5, ' lose'),
(19, 'Йокерит', ' guest', 1511816400, ' normal', 1, 2, ' lose'),
(19, 'Динамо М', ' guest', 1511989200, ' normal', 4, 6, ' lose'),
(19, 'Локомотив', ' guest', 1512162000, ' normal', 3, 7, ' lose'),
(19, 'Металлург Мг', ' home', 1512421200, ' normal', 1, 2, ' lose'),
(19, 'Металлург Мг', ' guest', 1512766800, ' Б', 2, 3, ' lose'),
(19, 'Трактор', ' guest', 1512939600, ' normal', 4, 3, ' win'),
(19, 'Югра', ' home', 1513717200, ' normal', 6, 1, ' win'),
(19, 'Салават Юлаев', ' home', 1513976400, ' normal', 3, 6, ' lose'),
(19, 'Нефтехимик', ' home', 1514149200, ' normal', 6, 2, ' win'),
(19, 'ХК Сочи', ' home', 1514322000, ' normal', 4, 3, ' win'),
(19, 'Ак Барс', ' home', 1514494800, ' normal', 4, 1, ' win'),
(19, 'Амур', ' guest', 1514926800, ' Б', 3, 2, ' win'),
(19, 'Адмирал', ' guest', 1515099600, ' ОТ', 3, 2, ' win'),
(19, 'Куньлунь Ред Стар', ' guest', 1515272400, ' normal', 4, 7, ' lose'),
(19, 'Авангард', ' home', 1515618000, ' normal', 4, 2, ' win'),
(19, 'Автомобилист', ' guest', 1516050000, ' normal', 4, 1, ' win'),
(19, 'Лада', ' guest', 1516222800, ' normal', 1, 0, ' win'),
(19, 'Автомобилист', ' home', 1516482000, ' normal', 3, 0, ' win'),
(19, 'Лада', ' home', 1516654800, ' normal', 2, 0, ' win'),
(20, 'ЦСКА', ' home', 1503262800, ' normal', 4, 2, ' win'),
(20, 'Слован', ' home', 1503435600, ' normal', 7, 1, ' win'),
(20, 'Йокерит', ' home', 1503608400, ' normal', 2, 0, ' win'),
(20, 'Витязь', ' home', 1503781200, ' Б', 4, 3, ' win'),
(20, 'Торпедо', ' guest', 1504299600, ' Б', 4, 3, ' win'),
(20, 'Спартак', ' guest', 1504472400, ' normal', 5, 0, ' win'),
(20, 'Динамо Р', ' guest', 1504645200, ' normal', 3, 1, ' win'),
(20, 'Северсталь', ' guest', 1504818000, ' normal', 7, 2, ' win'),
(20, 'Лада', ' home', 1505077200, ' normal', 3, 1, ' win'),
(20, 'Автомобилист', ' home', 1505250000, ' normal', 6, 2, ' win'),
(20, 'Металлург Мг', ' home', 1505422800, ' ОТ', 4, 3, ' win'),
(20, 'Трактор', ' home', 1505595600, ' normal', 5, 0, ' win'),
(20, 'Авангард', ' guest', 1505941200, ' normal', 3, 1, ' win'),
(20, 'Югра', ' guest', 1506114000, ' normal', 9, 1, ' win'),
(20, 'Барыс', ' guest', 1506286800, ' normal', 4, 1, ' win'),
(20, 'Сибирь', ' guest', 1506459600, ' normal', 3, 0, ' win'),
(20, 'Локомотив', ' guest', 1506891600, ' normal', 6, 1, ' win'),
(20, 'Салават Юлаев', ' guest', 1507064400, ' normal', 6, 1, ' win'),
(20, 'Сибирь', ' home', 1507237200, ' normal', 3, 2, ' win'),
(20, 'Спартак', ' guest', 1507496400, ' normal', 4, 0, ' win'),
(20, 'ХК Сочи', ' home', 1507669200, ' ОТ', 2, 3, ' lose'),
(20, 'Салават Юлаев', ' home', 1507842000, ' normal', 4, 2, ' win'),
(20, 'Ак Барс', ' home', 1508014800, ' ОТ', 2, 3, ' lose'),
(20, 'Нефтехимик', ' home', 1508187600, ' normal', 5, 2, ' win'),
(20, 'Йокерит', ' home', 1508533200, ' ОТ', 4, 3, ' win'),
(20, 'ЦСКА', ' guest', 1508706000, ' normal', 5, 2, ' win'),
(20, 'Витязь', ' guest', 1508878800, ' normal', 4, 2, ' win'),
(20, 'Слован', ' guest', 1509051600, ' normal', 5, 0, ' win'),
(20, 'Динамо Р', ' home', 1509397200, ' normal', 3, 2, ' win'),
(20, 'Спартак', ' home', 1509570000, ' normal', 1, 3, ' lose'),
(20, 'Торпедо', ' home', 1509742800, ' Б', 5, 4, ' win'),
(20, 'Адмирал', ' guest', 1510606800, ' normal', 2, 0, ' win'),
(20, 'Амур', ' guest', 1510779600, ' normal', 3, 2, ' win'),
(20, 'Куньлунь Ред Стар', ' guest', 1510952400, ' normal', 8, 1, ' win'),
(20, 'Югра', ' home', 1511211600, ' normal', 4, 3, ' win'),
(20, 'Барыс', ' home', 1511730000, ' normal', 9, 1, ' win'),
(20, 'Авангард', ' home', 1511902800, ' normal', 3, 2, ' win'),
(20, 'Йокерит', ' guest', 1512162000, ' normal', 4, 3, ' win'),
(20, 'Нефтехимик', ' guest', 1512334800, ' normal', 3, 1, ' win'),
(20, 'Ак Барс', ' guest', 1512507600, ' ОТ', 3, 2, ' win'),
(20, 'ХК Сочи', ' guest', 1512680400, ' normal', 1, 2, ' lose'),
(20, 'Динамо Мн', ' home', 1513630800, ' Б', 2, 3, ' lose'),
(20, 'Динамо М', ' guest', 1513976400, ' normal', 5, 1, ' win'),
(20, 'Металлург Мг', ' guest', 1514149200, ' normal', 4, 0, ' win'),
(20, 'Автомобилист', ' guest', 1514322000, ' normal', 3, 4, ' lose'),
(20, 'Динамо Мн', ' guest', 1514494800, ' normal', 3, 6, ' lose'),
(20, 'Трактор', ' guest', 1515099600, ' normal', 6, 2, ' win'),
(20, 'Лада', ' guest', 1515272400, ' normal', 5, 0, ' win'),
(20, 'Куньлунь Ред Стар', ' home', 1515445200, ' normal', 4, 2, ' win'),
(20, 'Локомотив', ' home', 1515618000, ' normal', 1, 0, ' win'),
(20, 'Спартак', ' home', 1516050000, ' normal', 4, 1, ' win'),
(20, 'Адмирал', ' home', 1516222800, ' normal', 7, 2, ' win'),
(20, 'Амур', ' home', 1516395600, ' normal', 5, 0, ' win'),
(20, 'Динамо М', ' home', 1516568400, ' ОТ', 2, 3, ' lose'),
(21, 'СКА', ' guest', 1503435600, ' normal', 1, 7, ' lose'),
(21, 'Локомотив', ' guest', 1503608400, ' normal', 1, 5, ' lose'),
(21, 'Динамо М', ' guest', 1503781200, ' normal', 2, 4, ' lose'),
(21, 'Динамо Мн', ' home', 1504040400, ' normal', 4, 2, ' win'),
(21, 'Сибирь', ' home', 1504213200, ' normal', 2, 1, ' win'),
(21, 'Югра', ' home', 1504386000, ' Б', 2, 3, ' lose'),
(21, 'Авангард', ' home', 1504558800, ' normal', 1, 4, ' lose'),
(21, 'Нефтехимик', ' home', 1504818000, ' ОТ', 3, 4, ' lose'),
(21, 'Адмирал', ' guest', 1505077200, ' Б', 1, 2, ' lose'),
(21, 'Куньлунь Ред Стар', ' guest', 1505250000, ' normal', 0, 2, ' lose'),
(21, 'Амур', ' guest', 1505422800, ' normal', 3, 2, ' win'),
(21, 'Ак Барс', ' home', 1505854800, ' normal', 3, 6, ' lose'),
(21, 'Витязь', ' guest', 1506114000, ' normal', 0, 4, ' lose'),
(21, 'ЦСКА', ' guest', 1506286800, ' normal', 2, 3, ' lose'),
(21, 'Витязь', ' home', 1506459600, ' normal', 4, 3, ' win'),
(21, 'Спартак', ' home', 1506805200, ' ОТ', 1, 2, ' lose'),
(21, 'Северсталь', ' home', 1506978000, ' Б', 5, 4, ' win'),
(21, 'Торпедо', ' home', 1507150800, ' normal', 0, 1, ' lose'),
(21, 'Динамо Р', ' home', 1507323600, ' ОТ', 2, 3, ' lose'),
(21, 'ХК Сочи', ' home', 1507496400, ' normal', 4, 1, ' win'),
(21, 'Автомобилист', ' guest', 1507755600, ' normal', 3, 6, ' lose'),
(21, 'Трактор', ' guest', 1507928400, ' normal', 1, 2, ' lose'),
(21, 'Металлург Мг', ' guest', 1508101200, ' normal', 1, 4, ' lose'),
(21, 'Лада', ' guest', 1508274000, ' normal', 1, 5, ' lose'),
(21, 'Динамо М', ' home', 1508706000, ' normal', 4, 2, ' win'),
(21, 'Локомотив', ' home', 1508878800, ' normal', 2, 3, ' lose'),
(21, 'СКА', ' home', 1509051600, ' normal', 0, 5, ' lose'),
(21, 'Барыс', ' guest', 1509483600, ' normal', 2, 5, ' lose'),
(21, 'Югра', ' guest', 1509656400, ' normal', 4, 2, ' win'),
(21, 'Авангард', ' guest', 1509829200, ' normal', 1, 5, ' lose'),
(21, 'Сибирь', ' guest', 1510002000, ' normal', 1, 3, ' lose'),
(21, 'Салават Юлаев', ' home', 1510520400, ' normal', 3, 2, ' win'),
(21, 'Витязь', ' home', 1511211600, ' ОТ', 4, 5, ' lose'),
(21, 'Амур', ' home', 1511557200, ' normal', 5, 2, ' win'),
(21, 'Куньлунь Ред Стар', ' home', 1511730000, ' ОТ', 2, 1, ' win'),
(21, 'Адмирал', ' home', 1511816400, ' normal', 1, 0, ' win'),
(21, 'Динамо Р', ' guest', 1512248400, ' normal', 1, 5, ' lose'),
(21, 'Торпедо', ' guest', 1512421200, ' normal', 1, 4, ' lose'),
(21, 'Северсталь', ' guest', 1512594000, ' normal', 3, 5, ' lose'),
(21, 'Спартак', ' guest', 1512766800, ' normal', 2, 8, ' lose'),
(21, 'Динамо Мн', ' guest', 1512939600, ' normal', 1, 3, ' lose'),
(21, 'Барыс', ' home', 1513544400, ' normal', 0, 2, ' lose'),
(21, 'Лада', ' home', 1513717200, ' normal', 2, 4, ' lose'),
(21, 'Автомобилист', ' home', 1513976400, ' ОТ', 4, 5, ' lose'),
(21, 'Йокерит', ' guest', 1514235600, ' normal', 3, 2, ' win'),
(21, 'Йокерит', ' home', 1514581200, ' normal', 3, 2, ' win'),
(21, 'ЦСКА', ' home', 1515272400, ' normal', 0, 3, ' lose'),
(21, 'Металлург Мг', ' home', 1515445200, ' normal', 4, 3, ' win'),
(21, 'Трактор', ' home', 1515618000, ' normal', 0, 3, ' lose'),
(21, 'ХК Сочи', ' guest', 1516136400, ' Б', 2, 1, ' win'),
(21, 'Ак Барс', ' guest', 1516309200, ' normal', 4, 2, ' win'),
(21, 'Салават Юлаев', ' guest', 1516482000, ' normal', 3, 5, ' lose'),
(21, 'Нефтехимик', ' guest', 1516654800, ' normal', 1, 5, ' lose'),
(21, 'Динамо Мн', ' guest', 1516827600, ' normal', 2, 3, ' lose'),
(22, 'Куньлунь Ред Стар', ' home', 1503349200, ' normal', 2, 4, ' lose'),
(22, 'Амур', ' home', 1503522000, ' Б', 2, 1, ' win'),
(22, 'Адмирал', ' home', 1503867600, ' normal', 3, 1, ' win'),
(22, 'Салават Юлаев', ' guest', 1504126800, ' normal', 0, 1, ' win'),
(22, 'Ак Барс', ' guest', 1504299600, ' normal', 5, 0, ' win'),
(22, 'Нефтехимик', ' home', 1504558800, ' normal', 5, 3, ' win'),
(22, 'Динамо Мн', ' home', 1504645200, ' normal', 2, 4, ' lose'),
(22, 'Северсталь', ' guest', 1505077200, ' normal', 0, 1, ' lose'),
(22, 'Динамо Р', ' home', 1505336400, ' normal', 5, 1, ' win'),
(22, 'Торпедо', ' home', 1505509200, ' normal', 1, 0, ' win'),
(22, 'Трактор', ' guest', 1505854800, ' normal', 5, 3, ' win'),
(22, 'Автомобилист', ' guest', 1506027600, ' normal', 2, 0, ' win'),
(22, 'Металлург Мг', ' guest', 1506200400, ' normal', 4, 6, ' lose'),
(22, 'Лада', ' guest', 1506373200, ' ОТ', 1, 2, ' lose'),
(22, 'Югра', ' home', 1506718800, ' ОТ', 2, 3, ' lose'),
(22, 'Авангард', ' home', 1506891600, ' normal', 0, 6, ' lose'),
(22, 'Сибирь', ' home', 1507064400, ' ОТ', 3, 4, ' lose'),
(22, 'Барыс', ' home', 1507237200, ' normal', 3, 1, ' win'),
(22, 'Слован', ' guest', 1507496400, ' normal', 1, 4, ' lose'),
(22, 'СКА', ' guest', 1507669200, ' ОТ', 3, 2, ' win'),
(22, 'Динамо М', ' guest', 1507842000, ' Б', 3, 4, ' lose'),
(22, 'Динамо Мн', ' guest', 1508014800, ' normal', 3, 1, ' win'),
(22, 'Лада', ' home', 1508619600, ' ОТ', 2, 1, ' win'),
(22, 'Трактор', ' home', 1508792400, ' normal', 1, 2, ' lose'),
(22, 'Автомобилист', ' home', 1508965200, ' normal', 1, 3, ' lose'),
(22, 'Металлург Мг', ' home', 1509138000, ' normal', 4, 3, ' win'),
(22, 'Адмирал', ' guest', 1509570000, ' normal', 0, 4, ' lose'),
(22, 'Куньлунь Ред Стар', ' guest', 1509742800, ' normal', 4, 3, ' win'),
(22, 'Амур', ' guest', 1509915600, ' normal', 0, 2, ' lose'),
(22, 'Витязь', ' guest', 1510520400, ' normal', 4, 2, ' win'),
(22, 'Локомотив', ' guest', 1510693200, ' Б', 2, 3, ' lose'),
(22, 'Йокерит', ' guest', 1510866000, ' normal', 3, 2, ' win'),
(22, 'Салават Юлаев', ' home', 1511038800, ' normal', 1, 3, ' lose'),
(22, 'ЦСКА', ' guest', 1511298000, ' normal', 3, 6, ' lose'),
(22, 'Нефтехимик', ' guest', 1511470800, ' normal', 3, 1, ' win'),
(22, 'Ак Барс', ' home', 1511730000, ' normal', 1, 3, ' lose'),
(22, 'Динамо М', ' home', 1512162000, ' normal', 4, 1, ' win'),
(22, 'Локомотив', ' home', 1512507600, ' ОТ', 1, 2, ' lose'),
(22, 'СКА', ' home', 1512680400, ' normal', 2, 1, ' win'),
(22, 'Спартак', ' home', 1512939600, ' normal', 3, 1, ' win'),
(22, 'Нефтехимик', ' home', 1513544400, ' normal', 0, 2, ' lose'),
(22, 'Салават Юлаев', ' home', 1513717200, ' normal', 2, 1, ' win'),
(22, 'Авангард', ' guest', 1513976400, ' ОТ', 3, 2, ' win'),
(22, 'Югра', ' guest', 1514149200, ' normal', 0, 2, ' lose'),
(22, 'Сибирь', ' guest', 1514322000, ' normal', 3, 4, ' lose'),
(22, 'Барыс', ' guest', 1514494800, ' normal', 3, 2, ' win'),
(22, 'Северсталь', ' home', 1515013200, ' normal', 4, 1, ' win'),
(22, 'Торпедо', ' guest', 1515186000, ' Б', 2, 1, ' win'),
(22, 'Динамо Р', ' guest', 1515358800, ' Б', 4, 3, ' win'),
(22, 'Спартак', ' guest', 1515531600, ' ОТ', 3, 2, ' win'),
(22, 'Слован', ' home', 1516136400, ' Б', 1, 2, ' lose'),
(22, 'Йокерит', ' home', 1516309200, ' normal', 2, 1, ' win'),
(22, 'ЦСКА', ' home', 1516482000, ' normal', 1, 3, ' lose'),
(22, 'Витязь', ' home', 1516654800, ' normal', 1, 2, ' lose'),
(23, 'Сибирь', ' guest', 1503349200, ' normal', 1, 3, ' lose'),
(23, 'Барыс', ' guest', 1503522000, ' normal', 0, 2, ' lose'),
(23, 'Югра', ' guest', 1503694800, ' normal', 6, 2, ' win'),
(23, 'Авангард', ' guest', 1503867600, ' normal', 2, 4, ' lose'),
(23, 'Динамо Р', ' guest', 1504126800, ' normal', 3, 1, ' win'),
(23, 'Динамо Мн', ' home', 1504299600, ' Б', 1, 0, ' win'),
(23, 'СКА', ' home', 1504472400, ' normal', 0, 5, ' lose'),
(23, 'Йокерит', ' home', 1504645200, ' normal', 3, 4, ' lose'),
(23, 'Ак Барс', ' guest', 1505163600, ' ОТ', 4, 3, ' win'),
(23, 'Нефтехимик', ' guest', 1505336400, ' normal', 1, 2, ' lose'),
(23, 'Салават Юлаев', ' guest', 1505509200, ' normal', 4, 5, ' lose'),
(23, 'Адмирал', ' home', 1505941200, ' ОТ', 7, 6, ' win'),
(23, 'Куньлунь Ред Стар', ' home', 1506114000, ' normal', 6, 2, ' win'),
(23, 'Амур', ' home', 1506286800, ' normal', 4, 1, ' win'),
(23, 'Йокерит', ' guest', 1506632400, ' normal', 1, 5, ' lose'),
(23, 'Слован', ' guest', 1506805200, ' ОТ', 2, 1, ' win'),
(23, 'Витязь', ' guest', 1506978000, ' normal', 3, 5, ' lose'),
(23, 'ЦСКА', ' guest', 1507323600, ' normal', 1, 3, ' lose'),
(23, 'СКА', ' home', 1507496400, ' normal', 0, 4, ' lose'),
(23, 'Северсталь', ' guest', 1507669200, ' ОТ', 2, 3, ' lose'),
(23, 'Торпедо', ' guest', 1507842000, ' normal', 0, 1, ' lose'),
(23, 'Авангард', ' home', 1508360400, ' normal', 3, 2, ' win'),
(23, 'Югра', ' home', 1508533200, ' normal', 4, 3, ' win'),
(23, 'Барыс', ' home', 1508706000, ' ОТ', 4, 3, ' win'),
(23, 'Сибирь', ' home', 1508878800, ' normal', 4, 0, ' win'),
(23, 'Динамо М', ' home', 1509051600, ' normal', 2, 0, ' win'),
(23, 'Динамо Мн', ' guest', 1509397200, ' Б', 4, 5, ' lose'),
(23, 'СКА', ' guest', 1509570000, ' normal', 3, 1, ' win'),
(23, 'Динамо М', ' guest', 1509742800, ' Б', 2, 1, ' win'),
(23, 'Металлург Мг', ' home', 1510606800, ' Б', 3, 2, ' win'),
(23, 'Лада', ' home', 1510779600, ' normal', 4, 2, ' win'),
(23, 'Трактор', ' home', 1510952400, ' normal', 2, 0, ' win'),
(23, 'Автомобилист', ' home', 1511211600, ' normal', 5, 2, ' win'),
(23, 'Трактор', ' guest', 1511470800, ' normal', 0, 2, ' lose'),
(23, 'Лада', ' guest', 1511643600, ' normal', 4, 1, ' win'),
(23, 'Автомобилист', ' guest', 1511816400, ' normal', 2, 4, ' lose'),
(23, 'Металлург Мг', ' guest', 1511989200, ' normal', 2, 3, ' lose'),
(23, 'Торпедо', ' home', 1512248400, ' normal', 4, 2, ' win'),
(23, 'Витязь', ' home', 1512421200, ' normal', 2, 6, ' lose'),
(23, 'ЦСКА', ' home', 1512594000, ' normal', 0, 4, ' lose'),
(23, 'Слован', ' home', 1512766800, ' normal', 8, 2, ' win'),
(23, 'ХК Сочи', ' guest', 1512939600, ' normal', 1, 3, ' lose'),
(23, 'Локомотив', ' guest', 1513630800, ' normal', 1, 2, ' lose'),
(23, 'Куньлунь Ред Стар', ' guest', 1514062800, ' normal', 3, 1, ' win'),
(23, 'Адмирал', ' guest', 1514235600, ' normal', 6, 2, ' win'),
(23, 'Амур', ' guest', 1514408400, ' ОТ', 1, 2, ' lose'),
(23, 'Салават Юлаев', ' home', 1515013200, ' normal', 3, 2, ' win'),
(23, 'Ак Барс', ' home', 1515186000, ' normal', 2, 3, ' lose'),
(23, 'Нефтехимик', ' home', 1515358800, ' normal', 3, 2, ' win'),
(23, 'ХК Сочи', ' home', 1515531600, ' ОТ', 2, 3, ' lose'),
(23, 'СКА', ' guest', 1516050000, ' normal', 1, 4, ' lose'),
(23, 'Динамо М', ' guest', 1516222800, ' normal', 5, 4, ' win'),
(23, 'Северсталь', ' home', 1516568400, ' ОТ', 3, 4, ' lose'),
(23, 'Динамо Р', ' home', 1516741200, ' normal', 5, 2, ' win'),
(24, 'Югра', ' guest', 1503522000, ' normal', 3, 1, ' win'),
(24, 'Авангард', ' guest', 1503694800, ' ОТ', 1, 2, ' lose'),
(24, 'Сибирь', ' guest', 1503867600, ' normal', 3, 2, ' win'),
(24, 'Барыс', ' guest', 1504040400, ' normal', 2, 4, ' lose'),
(24, 'СКА', ' home', 1504299600, ' Б', 3, 4, ' lose'),
(24, 'Динамо М', ' home', 1504472400, ' normal', 2, 4, ' lose'),
(24, 'Локомотив', ' home', 1504645200, ' normal', 3, 0, ' win'),
(24, 'Динамо Мн', ' home', 1504818000, ' normal', 2, 1, ' win'),
(24, 'Нефтехимик', ' guest', 1505163600, ' ОТ', 3, 2, ' win'),
(24, 'Салават Юлаев', ' guest', 1505336400, ' normal', 1, 2, ' lose'),
(24, 'ХК Сочи', ' guest', 1505509200, ' normal', 0, 1, ' lose'),
(24, 'Куньлунь Ред Стар', ' home', 1505768400, ' normal', 3, 1, ' win'),
(24, 'Амур', ' home', 1506114000, ' ОТ', 1, 0, ' win'),
(24, 'Адмирал', ' home', 1506286800, ' normal', 3, 0, ' win'),
(24, 'Витязь', ' guest', 1506632400, ' normal', 1, 0, ' win'),
(24, 'ЦСКА', ' guest', 1506805200, ' normal', 0, 4, ' lose'),
(24, 'Йокерит', ' guest', 1506978000, ' normal', 2, 4, ' lose'),
(24, 'Слован', ' guest', 1507150800, ' normal', 1, 0, ' win'),
(24, 'Ак Барс', ' home', 1507496400, ' normal', 0, 5, ' lose'),
(24, 'Динамо Р', ' home', 1507669200, ' normal', 3, 1, ' win'),
(24, 'Спартак', ' home', 1507842000, ' normal', 1, 0, ' win'),
(24, 'Динамо Р', ' guest', 1508014800, ' normal', 3, 1, ' win'),
(24, 'Динамо Мн', ' guest', 1508187600, ' normal', 1, 5, ' lose'),
(24, 'Барыс', ' home', 1508533200, ' ОТ', 3, 4, ' lose'),
(24, 'Авангард', ' home', 1508706000, ' normal', 1, 2, ' lose'),
(24, 'Югра', ' home', 1508878800, ' Б', 1, 2, ' lose'),
(24, 'Сибирь', ' home', 1509051600, ' Б', 1, 2, ' lose'),
(24, 'Динамо М', ' guest', 1509397200, ' Б', 1, 0, ' win'),
(24, 'Локомотив', ' guest', 1509570000, ' normal', 1, 4, ' lose'),
(24, 'СКА', ' guest', 1509742800, ' Б', 4, 5, ' lose'),
(24, 'Ак Барс', ' guest', 1509915600, ' normal', 2, 1, ' win'),
(24, 'Автомобилист', ' home', 1510606800, ' normal', 2, 4, ' lose'),
(24, 'Трактор', ' home', 1510779600, ' normal', 1, 4, ' lose'),
(24, 'Лада', ' home', 1510952400, ' normal', 3, 1, ' win'),
(24, 'Металлург Мг', ' home', 1511125200, ' ОТ', 2, 1, ' win'),
(24, 'Металлург Мг', ' guest', 1511470800, ' normal', 2, 1, ' win'),
(24, 'Автомобилист', ' guest', 1511643600, ' normal', 1, 5, ' lose'),
(24, 'Лада', ' guest', 1511816400, ' normal', 2, 0, ' win'),
(24, 'Трактор', ' guest', 1511989200, ' normal', 2, 1, ' win'),
(24, 'Спартак', ' guest', 1512248400, ' normal', 2, 4, ' lose'),
(24, 'Слован', ' home', 1512421200, ' normal', 4, 1, ' win'),
(24, 'Витязь', ' home', 1512594000, ' normal', 4, 1, ' win'),
(24, 'Йокерит', ' home', 1512766800, ' normal', 3, 2, ' win'),
(24, 'Куньлунь Ред Стар', ' guest', 1513717200, ' normal', 2, 0, ' win'),
(24, 'Адмирал', ' guest', 1513890000, ' normal', 2, 0, ' win'),
(24, 'Амур', ' guest', 1514062800, ' normal', 1, 3, ' lose'),
(24, 'ЦСКА', ' home', 1514322000, ' normal', 1, 5, ' lose'),
(24, 'Северсталь', ' guest', 1514494800, ' normal', 2, 3, ' lose'),
(24, 'Ак Барс', ' home', 1515013200, ' normal', 3, 7, ' lose'),
(24, 'ХК Сочи', ' home', 1515186000, ' Б', 1, 2, ' lose'),
(24, 'Салават Юлаев', ' home', 1515358800, ' Б', 3, 4, ' lose'),
(24, 'Нефтехимик', ' home', 1515531600, ' normal', 4, 2, ' win'),
(24, 'Северсталь', ' guest', 1516050000, ' Б', 4, 3, ' win'),
(24, 'Северсталь', ' home', 1516395600, ' normal', 5, 3, ' win'),
(25, 'Лада', ' guest', 1503435600, ' normal', 2, 0, ' win'),
(25, 'Металлург Мг', ' guest', 1503608400, ' normal', 1, 2, ' lose'),
(25, 'Автомобилист', ' home', 1503781200, ' normal', 1, 2, ' lose'),
(25, 'Металлург Мг', ' home', 1503954000, ' normal', 2, 1, ' win'),
(25, 'Адмирал', ' home', 1504213200, ' normal', 2, 3, ' lose'),
(25, 'Куньлунь Ред Стар', ' home', 1504386000, ' Б', 4, 5, ' lose'),
(25, 'Амур', ' home', 1504558800, ' Б', 5, 4, ' win'),
(25, 'Динамо Мн', ' guest', 1505077200, ' normal', 0, 3, ' lose'),
(25, 'Динамо М', ' guest', 1505250000, ' normal', 4, 1, ' win'),
(25, 'Локомотив', ' guest', 1505422800, ' normal', 1, 3, ' lose'),
(25, 'СКА', ' guest', 1505595600, ' normal', 0, 5, ' lose'),
(25, 'ХК Сочи', ' home', 1505854800, ' normal', 3, 5, ' lose'),
(25, 'Нефтехимик', ' home', 1506027600, ' normal', 0, 3, ' lose'),
(25, 'Ак Барс', ' home', 1506200400, ' ОТ', 3, 2, ' win'),
(25, 'Салават Юлаев', ' home', 1506373200, ' normal', 3, 2, ' win'),
(25, 'Барыс', ' home', 1506718800, ' normal', 2, 1, ' win'),
(25, 'Адмирал', ' guest', 1507064400, ' ОТ', 2, 3, ' lose'),
(25, 'Амур', ' guest', 1507237200, ' normal', 3, 2, ' win'),
(25, 'Йокерит', ' home', 1507582800, ' normal', 0, 3, ' lose'),
(25, 'Витязь', ' home', 1507755600, ' normal', 2, 1, ' win'),
(25, 'Слован', ' home', 1507928400, ' normal', 2, 1, ' win'),
(25, 'ЦСКА', ' home', 1508101200, ' normal', 0, 3, ' lose'),
(25, 'Куньлунь Ред Стар', ' guest', 1508274000, ' Б', 3, 2, ' win'),
(25, 'Ак Барс', ' guest', 1508446800, ' normal', 1, 7, ' lose'),
(25, 'Салават Юлаев', ' guest', 1508619600, ' Б', 4, 3, ' win'),
(25, 'ХК Сочи', ' guest', 1508792400, ' normal', 2, 1, ' win'),
(25, 'Лада', ' home', 1509224400, ' normal', 3, 2, ' win'),
(25, 'Автомобилист', ' guest', 1509570000, ' ОТ', 3, 2, ' win'),
(25, 'Нефтехимик', ' guest', 1509742800, ' normal', 3, 4, ' lose'),
(25, 'Северсталь', ' guest', 1510606800, ' normal', 2, 3, ' lose'),
(25, 'Торпедо', ' guest', 1510779600, ' normal', 4, 1, ' win'),
(25, 'Спартак', ' guest', 1510952400, ' normal', 0, 2, ' lose'),
(25, 'Динамо Р', ' guest', 1511211600, ' normal', 3, 1, ' win'),
(25, 'Спартак', ' home', 1511470800, ' normal', 2, 0, ' win'),
(25, 'Северсталь', ' home', 1511643600, ' Б', 3, 2, ' win'),
(25, 'Динамо Р', ' home', 1511816400, ' Б', 2, 1, ' win'),
(25, 'Торпедо', ' home', 1511989200, ' normal', 1, 2, ' lose'),
(25, 'Югра', ' guest', 1512248400, ' normal', 3, 0, ' win'),
(25, 'Барыс', ' guest', 1512421200, ' ОТ', 3, 4, ' lose'),
(25, 'Барыс', ' home', 1512766800, ' normal', 4, 0, ' win'),
(25, 'Сибирь', ' home', 1512939600, ' normal', 3, 4, ' lose'),
(25, 'ЦСКА', ' guest', 1513630800, ' normal', 1, 3, ' lose'),
(25, 'Витязь', ' guest', 1513803600, ' normal', 2, 1, ' win'),
(25, 'Динамо Мн', ' home', 1514149200, ' normal', 2, 0, ' win'),
(25, 'Локомотив', ' home', 1514322000, ' normal', 3, 2, ' win'),
(25, 'Динамо М', ' home', 1514926800, ' Б', 2, 3, ' lose'),
(25, 'СКА', ' home', 1515099600, ' normal', 2, 6, ' lose'),
(25, 'Автомобилист', ' home', 1515272400, ' normal', 5, 2, ' win'),
(25, 'Йокерит', ' guest', 1515445200, ' normal', 0, 3, ' lose'),
(25, 'Слован', ' guest', 1515618000, ' normal', 3, 0, ' win'),
(25, 'Югра', ' guest', 1516050000, ' normal', 4, 0, ' win'),
(25, 'Авангард', ' guest', 1516222800, ' normal', 2, 1, ' win'),
(25, 'Югра', ' home', 1516395600, ' normal', 2, 1, ' win'),
(25, 'Авангард', ' home', 1516568400, ' normal', 3, 1, ' win'),
(26, 'СКА', ' guest', 1503262800, ' normal', 2, 4, ' lose'),
(26, 'Локомотив', ' guest', 1503435600, ' Б', 2, 1, ' win'),
(26, 'Динамо М', ' guest', 1503608400, ' normal', 6, 1, ' win'),
(26, 'Динамо Мн', ' guest', 1503781200, ' ОТ', 2, 1, ' win'),
(26, 'Авангард', ' home', 1504213200, ' normal', 3, 0, ' win'),
(26, 'Сибирь', ' home', 1504386000, ' normal', 3, 1, ' win'),
(26, 'Югра', ' home', 1504558800, ' normal', 5, 0, ' win'),
(26, 'Динамо М', ' home', 1504818000, ' normal', 3, 1, ' win'),
(26, 'Куньлунь Ред Стар', ' guest', 1505077200, ' ОТ', 4, 3, ' win'),
(26, 'Амур', ' guest', 1505250000, ' Б', 3, 2, ' win'),
(26, 'Адмирал', ' guest', 1505422800, ' normal', 1, 3, ' lose'),
(26, 'Йокерит', ' guest', 1505941200, ' normal', 0, 4, ' lose'),
(26, 'Слован', ' home', 1506286800, ' normal', 3, 2, ' win'),
(26, 'Торпедо', ' home', 1506805200, ' normal', 4, 0, ' win'),
(26, 'Динамо Р', ' home', 1506978000, ' ОТ', 3, 2, ' win'),
(26, 'Северсталь', ' home', 1507150800, ' normal', 3, 1, ' win'),
(26, 'Спартак', ' home', 1507323600, ' normal', 3, 1, ' win'),
(26, 'Локомотив', ' home', 1507496400, ' normal', 5, 2, ' win'),
(26, 'Автомобилист', ' guest', 1507928400, ' normal', 3, 2, ' win'),
(26, 'Трактор', ' guest', 1508101200, ' normal', 3, 0, ' win'),
(26, 'Металлург Мг', ' guest', 1508274000, ' normal', 7, 2, ' win'),
(26, 'Локомотив', ' home', 1508533200, ' ОТ', 2, 3, ' lose'),
(26, 'СКА', ' home', 1508706000, ' normal', 2, 5, ' lose'),
(26, 'Динамо Мн', ' home', 1508878800, ' normal', 4, 1, ' win'),
(26, 'Авангард', ' guest', 1509310800, ' ОТ', 2, 1, ' win'),
(26, 'Югра', ' guest', 1509483600, ' normal', 5, 0, ' win'),
(26, 'Сибирь', ' guest', 1509656400, ' normal', 5, 1, ' win'),
(26, 'Барыс', ' guest', 1509829200, ' normal', 3, 5, ' lose'),
(26, 'Салават Юлаев', ' home', 1510693200, ' normal', 3, 0, ' win'),
(26, 'Ак Барс', ' home', 1510866000, ' normal', 3, 0, ' win'),
(26, 'Нефтехимик', ' home', 1511038800, ' Б', 3, 2, ' win'),
(26, 'ХК Сочи', ' home', 1511298000, ' normal', 6, 3, ' win'),
(26, 'Адмирал', ' home', 1511643600, ' normal', 3, 1, ' win'),
(26, 'Куньлунь Ред Стар', ' home', 1511902800, ' normal', 3, 1, ' win'),
(26, 'Амур', ' home', 1512075600, ' normal', 4, 0, ' win'),
(26, 'Северсталь', ' guest', 1512248400, ' normal', 2, 0, ' win'),
(26, 'Динамо Р', ' guest', 1512421200, ' normal', 1, 0, ' win'),
(26, 'Спартак', ' guest', 1512594000, ' normal', 4, 0, ' win'),
(26, 'Барыс', ' home', 1512939600, ' normal', 4, 1, ' win'),
(26, 'Трактор', ' home', 1513630800, ' normal', 3, 1, ' win'),
(26, 'Металлург Мг', ' home', 1513803600, ' normal', 1, 4, ' lose'),
(26, 'Витязь', ' home', 1513976400, ' normal', 1, 3, ' lose'),
(26, 'Динамо М', ' guest', 1514149200, ' Б', 3, 2, ' win'),
(26, 'Торпедо', ' guest', 1514322000, ' normal', 5, 1, ' win'),
(26, 'Лада', ' guest', 1514494800, ' normal', 2, 1, ' win'),
(26, 'Йокерит', ' home', 1514926800, ' ОТ', 2, 1, ' win'),
(26, 'Витязь', ' guest', 1515099600, ' normal', 7, 0, ' win'),
(26, 'Слован', ' guest', 1515272400, ' normal', 3, 0, ' win'),
(26, 'Автомобилист', ' home', 1515445200, ' normal', 4, 3, ' win'),
(26, 'Лада', ' home', 1515618000, ' normal', 3, 0, ' win'),
(26, 'Нефтехимик', ' guest', 1516136400, ' normal', 0, 1, ' lose'),
(26, 'Салават Юлаев', ' guest', 1516309200, ' normal', 1, 2, ' lose'),
(26, 'ХК Сочи', ' guest', 1516482000, ' normal', 3, 1, ' win'),
(26, 'Ак Барс', ' guest', 1516654800, ' normal', 4, 6, ' lose'),
(27, 'Северсталь', ' home', 1503349200, ' ОТ', 2, 1, ' win'),
(27, 'Торпедо', ' home', 1503522000, ' normal', 1, 3, ' lose'),
(27, 'Спартак', ' home', 1503694800, ' normal', 2, 6, ' lose'),
(27, 'Динамо Р', ' home', 1503867600, ' ОТ', 2, 3, ' lose'),
(27, 'Витязь', ' guest', 1504213200, ' normal', 3, 2, ' win'),
(27, 'Слован', ' guest', 1504386000, ' Б', 3, 2, ' win'),
(27, 'ЦСКА', ' guest', 1504558800, ' normal', 0, 5, ' lose'),
(27, 'Ак Барс', ' home', 1504818000, ' normal', 2, 4, ' lose'),
(27, 'Авангард', ' home', 1505163600, ' normal', 0, 7, ' lose'),
(27, 'Авангард', ' guest', 1505595600, ' ОТ', 2, 3, ' lose'),
(27, 'Локомотив', ' home', 1505941200, ' normal', 2, 3, ' lose'),
(27, 'СКА', ' home', 1506114000, ' normal', 1, 9, ' lose'),
(27, 'Динамо Мн', ' home', 1506286800, ' normal', 1, 2, ' lose'),
(27, 'Динамо М', ' home', 1506459600, ' normal', 2, 3, ' lose'),
(27, 'ХК Сочи', ' guest', 1506718800, ' ОТ', 3, 2, ' win'),
(27, 'Салават Юлаев', ' guest', 1506891600, ' Б', 2, 1, ' win'),
(27, 'Ак Барс', ' guest', 1507064400, ' normal', 1, 3, ' lose'),
(27, 'Нефтехимик', ' guest', 1507237200, ' ОТ', 5, 4, ' win'),
(27, 'Куньлунь Ред Стар', ' home', 1507582800, ' normal', 2, 1, ' win'),
(27, 'Барыс', ' home', 1507755600, ' normal', 2, 5, ' lose'),
(27, 'Адмирал', ' home', 1507928400, ' normal', 1, 3, ' lose'),
(27, 'Автомобилист', ' guest', 1508101200, ' ОТ', 2, 3, ' lose'),
(27, 'Амур', ' home', 1508274000, ' Б', 3, 2, ' win'),
(27, 'Спартак', ' guest', 1508533200, ' normal', 3, 4, ' lose'),
(27, 'Северсталь', ' guest', 1508706000, ' normal', 0, 2, ' lose'),
(27, 'Торпедо', ' guest', 1508878800, ' Б', 2, 1, ' win'),
(27, 'Лада', ' guest', 1509051600, ' normal', 0, 4, ' lose'),
(27, 'Витязь', ' home', 1509310800, ' normal', 4, 1, ' win'),
(27, 'ЦСКА', ' home', 1509483600, ' normal', 0, 5, ' lose'),
(27, 'Слован', ' home', 1509656400, ' normal', 2, 4, ' lose'),
(27, 'Йокерит', ' home', 1509829200, ' normal', 0, 3, ' lose'),
(27, 'Сибирь', ' home', 1510693200, ' ОТ', 1, 2, ' lose'),
(27, 'СКА', ' guest', 1511211600, ' normal', 3, 4, ' lose'),
(27, 'Динамо М', ' guest', 1511384400, ' normal', 0, 2, ' lose'),
(27, 'Йокерит', ' guest', 1511643600, ' normal', 0, 1, ' lose'),
(27, 'Динамо Мн', ' guest', 1511816400, ' normal', 1, 2, ' lose'),
(27, 'Локомотив', ' guest', 1511989200, ' normal', 1, 3, ' lose'),
(27, 'Трактор', ' home', 1512248400, ' normal', 0, 3, ' lose'),
(27, 'Лада', ' home', 1512421200, ' ОТ', 3, 4, ' lose'),
(27, 'Автомобилист', ' home', 1512594000, ' normal', 0, 4, ' lose'),
(27, 'Автомобилист', ' guest', 1512939600, ' Б', 4, 3, ' win'),
(27, 'Авангард', ' guest', 1513544400, ' normal', 5, 1, ' win'),
(27, 'Сибирь', ' guest', 1513717200, ' normal', 1, 6, ' lose'),
(27, 'ХК Сочи', ' home', 1514149200, ' normal', 2, 0, ' win'),
(27, 'Нефтехимик', ' home', 1514322000, ' Б', 4, 3, ' win'),
(27, 'Салават Юлаев', ' home', 1514494800, ' ОТ', 3, 4, ' lose'),
(27, 'Барыс', ' guest', 1514926800, ' normal', 3, 2, ' win'),
(27, 'Куньлунь Ред Стар', ' guest', 1515099600, ' ОТ', 1, 2, ' lose'),
(27, 'Амур', ' guest', 1515272400, ' normal', 2, 1, ' win'),
(27, 'Адмирал', ' guest', 1515445200, ' normal', 1, 2, ' lose'),
(27, 'Трактор', ' home', 1516050000, ' normal', 0, 4, ' lose'),
(27, 'Металлург Мг', ' home', 1516222800, ' normal', 0, 3, ' lose'),
(27, 'Трактор', ' guest', 1516395600, ' normal', 1, 2, ' lose'),
(27, 'Динамо Р', ' guest', 1516568400, ' ОТ', 2, 1, ' win');

-- --------------------------------------------------------

--
-- Структура таблицы `stat_allow_puck`
--

CREATE TABLE IF NOT EXISTS `stat_allow_puck` (
  `id_team` int(11) DEFAULT NULL,
  `name` varchar(255) DEFAULT NULL,
  `allow_puck` int(11) DEFAULT NULL,
  `allow_puck_home` int(11) DEFAULT NULL,
  `allow_puck_guest` int(11) DEFAULT NULL,
  `allow_puck_average` float DEFAULT NULL,
  `allow_puck_average_home` float DEFAULT NULL,
  `allow_puck_average_guest` float DEFAULT NULL
) ENGINE=InnoDB DEFAULT CHARSET=utf8;

--
-- Дамп данных таблицы `stat_allow_puck`
--

INSERT INTO `stat_allow_puck` (`id_team`, `name`, `allow_puck`, `allow_puck_home`, `allow_puck_guest`, `allow_puck_average`, `allow_puck_average_home`, `allow_puck_average_guest`) VALUES
(1, 'Авангард', 116, 55, 61, 2.07, 1.96, 2.18),
(2, 'Автомобилист', 137, 70, 67, 2.45, 2.5, 2.39),
(3, 'Адмирал', 145, 62, 83, 2.59, 2.21, 2.96),
(4, 'Ак Барс', 126, 57, 69, 2.25, 2.04, 2.46),
(5, 'Амур', 141, 63, 78, 2.52, 2.25, 2.79),
(6, 'Барыс', 164, 80, 84, 2.93, 2.86, 3),
(7, 'Витязь', 160, 78, 82, 2.86, 2.79, 2.93),
(8, 'Динамо М', 139, 68, 71, 2.48, 2.43, 2.54),
(9, 'Динамо Мн', 129, 61, 68, 2.3, 2.18, 2.43),
(10, 'Динамо Р', 153, 74, 79, 2.73, 2.64, 2.82),
(11, 'Йокерит', 108, 54, 54, 1.93, 1.93, 1.93),
(12, 'Куньлунь РС', 146, 73, 73, 2.61, 2.61, 2.61),
(13, 'Лада', 149, 68, 81, 2.66, 2.43, 2.89),
(14, 'Локомотив', 129, 58, 71, 2.3, 2.07, 2.54),
(15, 'Металлург Мг', 135, 66, 69, 2.41, 2.36, 2.46),
(16, 'Нефтехимик', 135, 53, 82, 2.41, 1.89, 2.93),
(17, 'Салават Юлаев', 139, 69, 70, 2.48, 2.46, 2.5),
(18, 'Северсталь', 145, 73, 72, 2.59, 2.61, 2.57),
(19, 'Сибирь', 135, 63, 72, 2.41, 2.25, 2.57),
(20, 'СКА', 97, 53, 44, 1.73, 1.89, 1.57),
(21, 'Слован', 187, 78, 109, 3.34, 2.79, 3.89),
(22, 'ХК Сочи', 138, 60, 78, 2.46, 2.14, 2.79),
(23, 'Спартак', 146, 71, 75, 2.61, 2.54, 2.68),
(24, 'Торпедо', 127, 64, 63, 2.27, 2.29, 2.25),
(25, 'Трактор', 121, 62, 59, 2.16, 2.21, 2.11),
(26, 'ЦСКА', 89, 43, 46, 1.59, 1.54, 1.64),
(27, 'Югра', 167, 95, 72, 2.98, 3.39, 2.57);

-- --------------------------------------------------------

--
-- Структура таблицы `stat_attacks`
--

CREATE TABLE IF NOT EXISTS `stat_attacks` (
  `num` int(11) DEFAULT NULL,
  `id_player` int(11) DEFAULT NULL,
  `profile` varchar(255) DEFAULT NULL,
  `image` varchar(255) DEFAULT NULL,
  `last_name` varchar(255) DEFAULT NULL,
  `first_name` varchar(255) DEFAULT NULL,
  `number` int(11) DEFAULT NULL,
  `club` varchar(255) DEFAULT NULL,
  `games` int(11) DEFAULT NULL,
  `pucks` int(11) DEFAULT NULL,
  `pass` int(11) DEFAULT NULL,
  `scores` int(11) DEFAULT NULL,
  `plus_minus` int(11) DEFAULT NULL,
  `penalty` int(11) DEFAULT NULL,
  `pucks_equal` int(11) DEFAULT NULL,
  `pucks_most` int(11) DEFAULT NULL,
  `pucks_min` int(11) DEFAULT NULL,
  `pucks_ot` int(11) DEFAULT NULL,
  `pucks_win` int(11) DEFAULT NULL,
  `bullets_win` int(11) DEFAULT NULL,
  `throw` int(11) DEFAULT NULL,
  `throw_percent` float DEFAULT NULL,
  `throw_games` int(11) DEFAULT NULL,
  `faceoff` int(11) DEFAULT NULL,
  `faceoff_win` int(11) DEFAULT NULL,
  `faceoff_percent` float DEFAULT NULL,
  `time_game_m` int(11) DEFAULT NULL,
  `time_game_s` int(11) DEFAULT NULL,
  `change_game` float DEFAULT NULL,
  `power_recep` int(11) DEFAULT NULL,
  `block_throw` int(11) DEFAULT NULL,
  `fouls_against` int(11) DEFAULT NULL,
  `date_wrte` datetime DEFAULT NULL
) ENGINE=InnoDB DEFAULT CHARSET=utf8;

--
-- Дамп данных таблицы `stat_attacks`
--

INSERT INTO `stat_attacks` (`num`, `id_player`, `profile`, `image`, `last_name`, `first_name`, `number`, `club`, `games`, `pucks`, `pass`, `scores`, `plus_minus`, `penalty`, `pucks_equal`, `pucks_most`, `pucks_min`, `pucks_ot`, `pucks_win`, `bullets_win`, `throw`, `throw_percent`, `throw_games`, `faceoff`, `faceoff_win`, `faceoff_percent`, `time_game_m`, `time_game_s`, `change_game`, `power_recep`, `block_throw`, `fouls_against`, `date_wrte`) VALUES
(1, 3582, 'https://www.khl.ru/players/3582/', 'https://www.khl.ru/images/teamplayers/6712/3582.jpg', 'Ковальчук', 'Илья', 17, 'СКА', 53, 31, 32, 63, 12, 26, 18, 13, 0, 0, 6, 0, 230, 13.5, 4, 65, 34, 52.3, 18, 54, 19.6, 53, 14, 10, '2018-03-02 22:50:29'),
(2, 16006, 'https://www.khl.ru/players/16006/', 'https://www.khl.ru/images/teamplayers/6712/16006.jpg', 'Гусев', 'Никита', 97, 'СКА', 54, 22, 40, 62, 25, 2, 17, 5, 0, 0, 3, 2, 150, 14.7, 3, 7, 4, 57.1, 15, 52, 17.8, 5, 5, 15, '2018-03-02 22:50:29'),
(3, 17649, 'https://www.khl.ru/players/17649/', 'https://www.khl.ru/images/teamplayers/6660/17649.jpg', 'Доус', 'Найджел', 9, 'БАР', 46, 35, 21, 56, 5, 26, 20, 15, 0, 2, 9, 0, 179, 19.6, 4, 3, 2, 66.7, 20, 56, 22.8, 55, 26, 22, '2018-03-02 22:50:29'),
(4, 16114, 'https://www.khl.ru/players/16114/', 'https://www.khl.ru/images/teamplayers/6700/16114.jpg', 'Умарк', 'Линус', 67, 'СЮЛ', 55, 16, 39, 55, 6, 60, 10, 6, 0, 0, 4, 0, 152, 10.5, 3, 7, 2, 28.6, 18, 32, 19.8, 7, 6, 16, '2018-03-02 22:50:29'),
(5, 27040, 'https://www.khl.ru/players/27040/', 'https://www.khl.ru/images/teamplayers/6660/27040.jpg', 'Вей', 'Линден', 19, 'БАР', 50, 17, 35, 52, 1, 64, 8, 9, 0, 1, 1, 0, 113, 15, 2, 919, 509, 55.4, 21, 52, 22.8, 10, 12, 11, '2018-03-02 22:50:29'),
(6, 15860, 'https://www.khl.ru/players/15860/', 'https://www.khl.ru/images/teamplayers/6720/15860.jpg', 'Хохлачёв', 'Александр', 93, 'СПР', 52, 19, 31, 50, 3, 48, 10, 9, 0, 1, 3, 0, 112, 17, 2, 165, 81, 49.1, 18, 39, 21.3, 22, 20, 7, '2018-03-02 22:50:29'),
(7, 22107, 'https://www.khl.ru/players/22107/', 'https://www.khl.ru/images/teamplayers/6696/22107.jpg', 'Секстон', 'Дэн', 42, 'НХК', 52, 12, 35, 47, -7, 43, 10, 2, 0, 0, 2, 0, 207, 5.8, 4, 44, 21, 47.7, 20, 13, 23.8, 15, 26, 13, '2018-03-02 22:50:29'),
(8, 15217, 'https://www.khl.ru/players/15217/', 'https://www.khl.ru/images/teamplayers/6692/15217.jpg', 'Эллисон', 'Мэтт', 21, 'ММГ', 55, 20, 25, 45, 6, 24, 14, 5, 1, 1, 5, 3, 130, 15.4, 2, 988, 564, 57.1, 19, 47, 25.3, 84, 25, 8, '2018-03-02 22:50:29'),
(9, 14840, 'https://www.khl.ru/players/14840/', 'https://www.khl.ru/images/teamplayers/6704/14840.jpg', 'Кагарлицкий', 'Дмитрий', 9, 'СЕВ', 55, 17, 28, 45, 0, 57, 10, 6, 1, 1, 1, 0, 171, 9.9, 3, 3, 0, 0, 20, 42, 24.1, 25, 31, 18, '2018-03-02 22:50:29'),
(10, 17664, 'https://www.khl.ru/players/17664/', 'https://www.khl.ru/images/teamplayers/6656/17664.jpg', 'Бывальцев', 'Алексей', 28, 'АМР', 56, 19, 24, 43, 7, 36, 12, 6, 1, 1, 3, 0, 130, 14.6, 2, 1095, 538, 49.1, 19, 4, 26.9, 68, 26, 30, '2018-03-02 22:50:29'),
(11, 14733, 'https://www.khl.ru/players/14733/', 'https://www.khl.ru/images/teamplayers/6672/14733.jpg', 'Индрашис', 'Микс', 70, 'ДРГ', 56, 21, 21, 42, -2, 22, 14, 7, 0, 0, 3, 0, 132, 15.9, 2, 323, 143, 44.3, 19, 42, 23.8, 14, 13, 21, '2018-03-02 22:50:29'),
(12, 18954, 'https://www.khl.ru/players/18954/', 'https://www.khl.ru/images/teamplayers/6728/18954.jpg', 'Щехура', 'Пол', 38, 'ТРК', 55, 20, 22, 42, 4, 26, 12, 8, 0, 0, 4, 0, 120, 16.7, 2, 787, 431, 54.8, 17, 16, 21.9, 9, 39, 8, '2018-03-02 22:50:29'),
(13, 3550, 'https://www.khl.ru/players/3550/', 'https://www.khl.ru/images/teamplayers/6692/3550.jpg', 'Мозякин', 'Сергей', 10, 'ММГ', 42, 19, 23, 42, -1, 4, 8, 11, 0, 0, 4, 1, 147, 12.9, 4, 1, 0, 0, 20, 19, 22.8, 6, 3, 23, '2018-03-02 22:50:29'),
(14, 17885, 'https://www.khl.ru/players/17885/', 'https://www.khl.ru/images/teamplayers/6652/17885.jpg', 'Секач', 'Иржи', 92, 'АКБ', 50, 16, 26, 42, 17, 16, 13, 3, 0, 0, 2, 0, 114, 14, 2, 14, 7, 50, 16, 30, 21.1, 27, 16, 10, '2018-03-02 22:50:29'),
(15, 17538, 'https://www.khl.ru/players/17538/', 'https://www.khl.ru/images/teamplayers/6708/17538.jpg', 'Закриссон', 'Патрик', 19, 'СИБ', 56, 13, 29, 42, 4, 18, 4, 9, 0, 1, 5, 0, 91, 14.3, 2, 1013, 530, 52.3, 18, 20, 25.5, 30, 43, 8, '2018-03-02 22:50:29'),
(16, 26288, 'https://www.khl.ru/players/26288/', 'https://www.khl.ru/images/teamplayers/6708/26288.jpg', 'Бергстрём', 'Александр', 22, 'СИБ', 55, 21, 20, 41, 9, 10, 15, 6, 0, 2, 6, 2, 136, 15.4, 3, 7, 2, 28.6, 16, 10, 22.7, 12, 24, 16, '2018-03-02 22:50:29'),
(17, 20937, 'https://www.khl.ru/players/20937/', 'https://www.khl.ru/images/teamplayers/6700/20937.jpg', 'Хартикайнен', 'Тему', 70, 'СЮЛ', 55, 20, 21, 41, 6, 26, 12, 8, 0, 1, 4, 0, 128, 15.6, 2, 39, 22, 56.4, 17, 27, 19.9, 34, 12, 10, '2018-03-02 22:50:29'),
(18, 524, 'https://www.khl.ru/players/524/', 'https://www.khl.ru/images/teamplayers/6712/524.jpg', 'Широков', 'Сергей', 52, 'СКА', 49, 19, 22, 41, 25, 16, 12, 5, 2, 0, 5, 0, 103, 18.4, 2, 60, 30, 50, 14, 43, 18.8, 26, 4, 14, '2018-03-02 22:50:29'),
(19, 15995, 'https://www.khl.ru/players/15995/', 'https://www.khl.ru/images/teamplayers/6740/15995.jpg', 'Шалунов', 'Максим', 78, 'ЦСК', 46, 20, 20, 40, 28, 24, 14, 5, 1, 1, 4, 1, 167, 12, 4, 571, 315, 55.2, 16, 13, 22.4, 19, 18, 7, '2018-03-02 22:50:29'),
(20, 19014, 'https://www.khl.ru/players/19014/', 'https://www.khl.ru/images/teamplayers/6700/19014.jpg', 'Ткачёв', 'Владимир', 95, 'СЮЛ', 48, 18, 22, 40, -3, 42, 8, 10, 0, 1, 3, 0, 108, 16.7, 2, 52, 12, 23.1, 18, 5, 19.4, 36, 5, 26, '2018-03-02 22:50:29'),
(21, 16230, 'https://www.khl.ru/players/16230/', 'https://www.khl.ru/images/teamplayers/6740/16230.jpg', 'Шумаков', 'Сергей', 70, 'ЦСК', 47, 17, 23, 40, 28, 42, 11, 5, 1, 1, 6, 0, 111, 15.3, 2, 3, 1, 33.3, 15, 7, 21.2, 22, 19, 18, '2018-03-02 22:50:29'),
(22, 21131, 'https://www.khl.ru/players/21131/', 'https://www.khl.ru/images/teamplayers/6740/21131.jpg', 'Капризов', 'Кирилл', 97, 'ЦСК', 46, 15, 25, 40, 22, 14, 10, 5, 0, 0, 6, 0, 97, 15.5, 2, 16, 9, 56.2, 16, 5, 21.9, 24, 17, 9, '2018-03-02 22:50:29'),
(23, 17297, 'https://www.khl.ru/players/17297/', 'https://www.khl.ru/images/teamplayers/6692/17297.jpg', 'Вольский', 'Войтек', 17, 'ММГ', 46, 12, 28, 40, 6, 52, 8, 4, 0, 0, 3, 0, 115, 10.4, 3, 25, 12, 48, 19, 22, 22.9, 35, 18, 9, '2018-03-02 22:50:29'),
(24, 15668, 'https://www.khl.ru/players/15668/', 'https://www.khl.ru/images/teamplayers/6712/15668.jpg', 'Плотников', 'Сергей', 16, 'СКА', 55, 16, 23, 39, 20, 60, 6, 10, 0, 0, 2, 0, 124, 12.9, 2, 20, 7, 35, 19, 15, 20.5, 100, 13, 14, '2018-03-02 22:50:29'),
(25, 17692, 'https://www.khl.ru/players/17692/', 'https://www.khl.ru/images/teamplayers/6640/17692.jpg', 'Михеев', 'Илья', 66, 'АВГ', 54, 19, 19, 38, 24, 6, 17, 2, 0, 0, 3, 1, 159, 11.9, 3, 21, 12, 57.1, 18, 24, 24.2, 22, 12, 11, '2018-03-02 22:50:29'),
(26, 19368, 'https://www.khl.ru/players/19368/', 'https://www.khl.ru/images/teamplayers/6664/19368.jpg', 'Макеев', 'Алексей', 91, 'ВИТ', 55, 18, 20, 38, -3, 14, 8, 7, 3, 0, 2, 0, 151, 11.9, 3, 6, 1, 16.7, 17, 56, 25.5, 11, 27, 7, '2018-03-02 22:50:29'),
(27, 19637, 'https://www.khl.ru/players/19637/', 'https://www.khl.ru/images/teamplayers/6720/19637.jpg', 'Радил', 'Лукаш', 69, 'СПР', 51, 16, 22, 38, 11, 12, 7, 8, 1, 0, 1, 0, 131, 12.2, 3, 11, 7, 63.6, 19, 5, 22.5, 19, 21, 13, '2018-03-02 22:50:29'),
(28, 16747, 'https://www.khl.ru/players/16747/', 'https://www.khl.ru/images/teamplayers/6652/16747.jpg', 'Ландер', 'Антон', 58, 'АКБ', 54, 9, 29, 38, 9, 40, 7, 2, 0, 1, 2, 0, 129, 7, 2, 889, 500, 56.2, 17, 18, 22.9, 26, 17, 12, '2018-03-02 22:50:29'),
(29, 19025, 'https://www.khl.ru/players/19025/', 'https://www.khl.ru/images/teamplayers/6676/19025.jpg', 'Енсен', 'Никлас', 71, 'ЙОК', 54, 19, 18, 37, 3, 36, 13, 6, 0, 0, 4, 0, 184, 10.3, 3, 42, 17, 40.5, 16, 51, 20.9, 15, 14, 7, '2018-03-02 22:50:29'),
(30, 24938, 'https://www.khl.ru/players/24938/', 'https://www.khl.ru/images/teamplayers/6700/24938.jpg', 'Кемппайнен', 'Йоонас', 23, 'СЮЛ', 55, 16, 21, 37, 12, 12, 13, 3, 0, 0, 2, 0, 95, 16.8, 2, 1114, 662, 59.4, 19, 17, 22.9, 20, 42, 9, '2018-03-02 22:50:29'),
(31, 15481, 'https://www.khl.ru/players/15481/', 'https://www.khl.ru/images/teamplayers/6652/15481.jpg', 'Ткачёв', 'Владимир', 55, 'АКБ', 53, 22, 14, 36, 11, 28, 15, 7, 0, 1, 3, 0, 111, 19.8, 2, 702, 395, 56.3, 16, 41, 22, 8, 12, 9, '2018-03-02 22:50:29'),
(32, 27752, 'https://www.khl.ru/players/27752/', 'https://www.khl.ru/images/teamplayers/6676/27752.jpg', 'Толванен', 'Эли', 20, 'ЙОК', 49, 19, 17, 36, 14, 28, 10, 9, 0, 0, 3, 0, 172, 11, 4, 7, 3, 42.9, 15, 54, 19.6, 49, 19, 9, '2018-03-02 22:50:29'),
(33, 22027, 'https://www.khl.ru/players/22027/', 'https://www.khl.ru/images/teamplayers/6680/22027.jpg', 'Брюле', 'Жильбер', 17, 'КРС', 53, 17, 19, 36, -9, 48, 10, 7, 0, 0, 1, 0, 145, 11.7, 3, 914, 577, 63.1, 18, 59, 21.8, 80, 24, 23, '2018-03-02 22:50:29'),
(34, 13121, 'https://www.khl.ru/players/13121/', 'https://www.khl.ru/images/teamplayers/6664/13121.jpg', 'Афиногенов', 'Максим', 61, 'ВИТ', 47, 16, 20, 36, -8, 54, 10, 6, 0, 0, 2, 0, 133, 12, 3, 19, 5, 26.3, 17, 14, 23.7, 17, 11, 17, '2018-03-02 22:50:29'),
(35, 4698, 'https://www.khl.ru/players/4698/', 'https://www.khl.ru/images/teamplayers/6712/4698.jpg', 'Дацюк', 'Павел', 13, 'СКА', 37, 8, 27, 35, 6, 8, 5, 3, 0, 1, 3, 1, 73, 11, 2, 802, 493, 61.5, 19, 17, 20.9, 16, 13, 10, '2018-03-02 22:50:29'),
(36, 20720, 'https://www.khl.ru/players/20720/', 'https://www.khl.ru/images/teamplayers/6692/20720.jpg', 'Коварж', 'Ян', 43, 'ММГ', 54, 7, 28, 35, -4, 80, 4, 3, 0, 0, 1, 0, 95, 7.4, 2, 681, 383, 56.2, 20, 27, 23.1, 45, 13, 13, '2018-03-02 22:50:29'),
(37, 16478, 'https://www.khl.ru/players/16478/', 'https://www.khl.ru/images/teamplayers/6712/16478.jpg', 'Прохоркин', 'Николай', 74, 'СКА', 47, 16, 17, 33, 25, 24, 13, 2, 1, 0, 4, 0, 97, 16.5, 2, 527, 287, 54.5, 13, 4, 15.6, 45, 7, 10, '2018-03-02 22:50:29'),
(38, 23720, 'https://www.khl.ru/players/23720/', 'https://www.khl.ru/images/teamplayers/6688/23720.jpg', 'Козун', 'Брэндон', 15, 'ЛОК', 53, 13, 20, 33, 9, 42, 7, 6, 0, 1, 3, 0, 151, 8.6, 3, 0, 0, 0, 16, 41, 22.2, 39, 9, 17, '2018-03-02 22:50:29'),
(39, 13916, 'https://www.khl.ru/players/13916/', 'https://www.khl.ru/images/teamplayers/6704/13916.jpg', 'Бумагин', 'Александр', 29, 'СЕВ', 52, 9, 24, 33, -6, 12, 5, 4, 0, 0, 2, 0, 109, 8.3, 2, 37, 10, 27, 17, 31, 21.1, 25, 17, 18, '2018-03-02 22:50:29'),
(40, 29148, 'https://www.khl.ru/players/29148/', 'https://www.khl.ru/images/teamplayers/6668/29148.jpg', 'Хауден', 'Куинтон', 21, 'ДМН', 56, 17, 15, 32, -13, 34, 10, 7, 0, 0, 1, 0, 141, 12.1, 3, 1087, 545, 50.1, 18, 43, 21.3, 21, 25, 27, '2018-03-02 22:50:29'),
(42, 18947, 'https://www.khl.ru/players/18947/', 'https://www.khl.ru/images/teamplayers/6728/18947.jpg', 'Гюнге', 'Рихард', 11, 'ТРК', 49, 14, 18, 32, 2, 16, 8, 6, 0, 0, 3, 0, 157, 8.9, 3, 5, 2, 40, 16, 46, 21, 7, 30, 7, '2018-03-02 22:50:29'),
(43, 19058, 'https://www.khl.ru/players/19058/', 'https://www.khl.ru/images/teamplayers/6644/19058.jpg', 'Голышев', 'Анатолий', 15, 'АВТ', 40, 18, 13, 31, 10, 16, 14, 4, 0, 1, 5, 1, 88, 20.5, 2, 10, 8, 80, 15, 12, 20.6, 34, 9, 20, '2018-03-02 22:50:29'),
(44, 16019, 'https://www.khl.ru/players/16019/', 'https://www.khl.ru/images/teamplayers/6712/16019.jpg', 'Калинин', 'Сергей', 21, 'СКА', 49, 15, 16, 31, 26, 20, 8, 7, 0, 0, 3, 0, 81, 18.5, 2, 156, 81, 51.9, 14, 15, 18.4, 82, 17, 12, '2018-03-02 22:50:29'),
(45, 23687, 'https://www.khl.ru/players/23687/', 'https://www.khl.ru/images/teamplayers/6736/23687.jpg', 'Уэллмэн', 'Кейси', 9, 'СОЧ', 47, 10, 21, 31, 5, 6, 7, 2, 1, 1, 2, 0, 133, 7.5, 3, 33, 14, 42.4, 18, 18, 23.4, 24, 26, 16, '2018-03-02 22:50:29'),
(46, 125, 'https://www.khl.ru/players/125/', 'https://www.khl.ru/images/teamplayers/6644/125.jpg', 'Крикунов', 'Илья', 17, 'АВТ', 50, 10, 21, 31, 9, 16, 8, 2, 0, 0, 3, 3, 105, 9.5, 2, 30, 5, 16.7, 16, 32, 23.3, 40, 5, 25, '2018-03-02 22:50:29'),
(47, 22145, 'https://www.khl.ru/players/22145/', 'https://www.khl.ru/images/teamplayers/6736/22145.jpg', 'Падакин', 'Павел', 12, 'СОЧ', 53, 9, 22, 31, 21, 22, 9, 0, 0, 1, 4, 0, 110, 8.2, 2, 59, 26, 44.1, 15, 35, 21.9, 19, 35, 17, '2018-03-02 22:50:29'),
(48, 23899, 'https://www.khl.ru/players/23899/', 'https://www.khl.ru/images/teamplayers/6716/23899.jpg', 'Геноуэй', 'Колби', 55, 'СЛВ', 56, 9, 22, 31, -19, 56, 2, 6, 1, 0, 2, 0, 82, 11, 2, 763, 402, 52.7, 18, 20, 23.7, 9, 22, 13, '2018-03-02 22:50:29'),
(49, 15606, 'https://www.khl.ru/players/15606/', 'https://www.khl.ru/images/teamplayers/6684/15606.jpg', 'Белоусов', 'Георгий', 18, 'ЛАД', 51, 8, 23, 31, -3, 22, 1, 7, 0, 0, 1, 0, 117, 6.8, 2, 11, 3, 27.3, 18, 12, 22.9, 25, 20, 16, '2018-03-02 22:50:29'),
(50, 23601, 'https://www.khl.ru/players/23601/', 'https://www.khl.ru/images/teamplayers/6676/23601.jpg', 'Регин', 'Петер', 93, 'ЙОК', 56, 8, 23, 31, 2, 26, 6, 2, 0, 0, 1, 0, 110, 7.3, 2, 991, 579, 58.4, 16, 50, 21.8, 22, 19, 8, '2018-03-02 22:50:29'),
(51, 22447, 'https://www.khl.ru/players/22447/', 'https://www.khl.ru/images/teamplayers/6720/22447.jpg', 'Стоа', 'Райан', 94, 'СПР', 53, 15, 15, 30, 9, 36, 10, 5, 0, 0, 3, 0, 127, 11.8, 2, 729, 340, 46.6, 18, 25, 21.7, 49, 17, 2, '2018-03-02 22:50:29'),
(53, 28564, 'https://www.khl.ru/players/28564/', 'https://www.khl.ru/images/teamplayers/6668/28564.jpg', 'Фонтэйн', 'Джастин', 37, 'ДМН', 52, 13, 17, 30, -8, 33, 7, 4, 2, 1, 4, 0, 108, 12, 2, 3, 1, 33.3, 17, 55, 20.5, 2, 16, 9, '2018-03-02 22:50:29'),
(54, 17695, 'https://www.khl.ru/players/17695/', 'https://www.khl.ru/images/teamplayers/6640/17695.jpg', 'Семёнов', 'Кирилл', 94, 'АВГ', 54, 13, 17, 30, 19, 34, 8, 5, 0, 1, 4, 2, 141, 9.2, 3, 802, 376, 46.9, 17, 52, 22.8, 66, 23, 17, '2018-03-02 22:50:29'),
(55, 19641, 'https://www.khl.ru/players/19641/', 'https://www.khl.ru/images/teamplayers/6656/19641.jpg', 'Зогорна', 'Томаш', 80, 'АМР', 52, 11, 19, 30, -7, 68, 7, 4, 0, 1, 2, 0, 108, 10.2, 2, 277, 113, 40.8, 18, 17, 25.6, 55, 18, 14, '2018-03-02 22:50:29'),
(56, 16674, 'https://www.khl.ru/players/16674/', 'https://www.khl.ru/images/teamplayers/6696/16674.jpg', 'Нестрашил', 'Андрей', 19, 'НХК', 49, 10, 20, 30, -3, 39, 8, 2, 0, 1, 5, 0, 116, 8.6, 2, 770, 366, 47.5, 18, 57, 23.9, 15, 31, 8, '2018-03-02 22:50:29'),
(57, 17940, 'https://www.khl.ru/players/17940/', 'https://www.khl.ru/images/teamplayers/6656/17940.jpg', 'Ушенин', 'Владислав', 71, 'АМР', 52, 16, 13, 29, 1, 36, 9, 7, 0, 1, 2, 0, 101, 15.8, 2, 10, 5, 50, 15, 37, 21.9, 28, 18, 19, '2018-03-02 22:50:29'),
(58, 23355, 'https://www.khl.ru/players/23355/', 'https://www.khl.ru/images/teamplayers/6684/23355.jpg', 'Зернов', 'Денис', 16, 'ЛАД', 56, 16, 13, 29, 0, 55, 13, 3, 0, 1, 2, 0, 120, 13.3, 2, 858, 402, 46.9, 19, 14, 25.3, 84, 28, 15, '2018-03-02 22:50:29'),
(59, 15997, 'https://www.khl.ru/players/15997/', 'https://www.khl.ru/images/teamplayers/6696/15997.jpg', 'Галимов', 'Эмиль', 27, 'НХК', 46, 15, 14, 29, -4, 38, 11, 4, 0, 0, 4, 1, 149, 10.1, 3, 11, 4, 36.4, 17, 19, 21.9, 31, 21, 10, '2018-03-02 22:50:29'),
(60, 25284, 'https://www.khl.ru/players/25284/', 'https://www.khl.ru/images/teamplayers/6736/25284.jpg', 'Коллинз', 'Шон', 81, 'СОЧ', 56, 15, 14, 29, 8, 22, 11, 4, 0, 1, 2, 0, 107, 14, 2, 921, 509, 55.3, 18, 24, 23.9, 13, 25, 14, '2018-03-02 22:50:29'),
(61, 3507, 'https://www.khl.ru/players/3507/', 'https://www.khl.ru/images/teamplayers/6692/3507.jpg', 'Кокарев', 'Денис', 18, 'ММГ', 53, 12, 17, 29, 6, 14, 11, 1, 0, 0, 2, 0, 84, 14.3, 2, 29, 9, 31, 15, 42, 20.1, 38, 14, 6, '2018-03-02 22:50:30'),
(62, 28020, 'https://www.khl.ru/players/28020/', 'https://www.khl.ru/images/teamplayers/6660/28020.jpg', 'Фрэттин', 'Мэттью', 57, 'БАР', 42, 11, 18, 29, -7, 64, 8, 3, 0, 1, 4, 0, 119, 9.2, 3, 46, 23, 50, 19, 43, 21.8, 74, 21, 19, '2018-03-02 22:50:30'),
(63, 22042, 'https://www.khl.ru/players/22042/', 'https://www.khl.ru/images/teamplayers/6644/22042.jpg', 'Паре', 'Франсис', 19, 'АВТ', 49, 11, 18, 29, 17, 10, 10, 1, 0, 0, 1, 0, 109, 10.1, 2, 887, 480, 54.1, 17, 53, 23.6, 7, 13, 9, '2018-03-02 22:50:30'),
(64, 25096, 'https://www.khl.ru/players/25096/', 'https://www.khl.ru/images/teamplayers/6724/25096.jpg', 'Саболич', 'Роберт', 47, 'ТОР', 52, 10, 19, 29, -7, 38, 5, 4, 1, 0, 1, 0, 173, 5.8, 3, 89, 37, 41.6, 18, 26, 21.6, 74, 14, 11, '2018-03-02 22:50:30'),
(65, 16069, 'https://www.khl.ru/players/16069/', 'https://www.khl.ru/images/teamplayers/6656/16069.jpg', 'Ли', 'Олег', 90, 'АМР', 54, 10, 19, 29, 8, 48, 7, 2, 1, 1, 4, 0, 148, 6.8, 3, 8, 2, 25, 18, 14, 25.4, 82, 14, 15, '2018-03-02 22:50:30'),
(66, 17941, 'https://www.khl.ru/players/17941/', 'https://www.khl.ru/images/teamplayers/6656/17941.jpg', 'Ушенин', 'Вячеслав', 79, 'АМР', 51, 9, 20, 29, -6, 27, 6, 3, 0, 0, 1, 0, 107, 8.4, 2, 641, 288, 44.9, 16, 55, 24.4, 63, 20, 14, '2018-03-02 22:50:30'),
(67, 19514, 'https://www.khl.ru/players/19514/', 'https://www.khl.ru/images/teamplayers/6704/19514.jpg', 'Вовченко', 'Даниил', 28, 'СЕВ', 55, 16, 12, 28, -5, 24, 10, 4, 2, 0, 3, 0, 118, 13.6, 2, 6, 1, 16.7, 16, 8, 22.1, 44, 29, 23, '2018-03-02 22:50:30'),
(68, 20709, 'https://www.khl.ru/players/20709/', 'https://www.khl.ru/images/teamplayers/6652/20709.jpg', 'Азеведо', 'Джастин', 51, 'АКБ', 31, 15, 13, 28, 4, 22, 10, 5, 0, 0, 4, 0, 102, 14.7, 3, 161, 96, 59.6, 16, 38, 22.3, 17, 14, 10, '2018-03-02 22:50:30'),
(69, 13277, 'https://www.khl.ru/players/13277/', 'https://www.khl.ru/images/teamplayers/6728/13277.jpg', 'Полыгалов', 'Игорь', 71, 'ТРК', 56, 15, 13, 28, 7, 36, 11, 4, 0, 1, 3, 0, 91, 16.5, 2, 857, 418, 48.8, 17, 35, 22, 45, 27, 11, '2018-03-02 22:50:30'),
(70, 22117, 'https://www.khl.ru/players/22117/', 'https://www.khl.ru/images/teamplayers/6720/22117.jpg', 'Максвелл', 'Бен', 49, 'СПР', 39, 12, 16, 28, 8, 16, 7, 4, 1, 0, 5, 0, 69, 17.4, 2, 686, 366, 53.4, 19, 12, 23.2, 11, 20, 8, '2018-03-02 22:50:30'),
(71, 15307, 'https://www.khl.ru/players/15307/', 'https://www.khl.ru/images/teamplayers/6724/15307.jpg', 'Дугин', 'Егор', 17, 'ТОР', 52, 12, 16, 28, 1, 38, 9, 3, 0, 1, 3, 0, 112, 10.7, 2, 562, 237, 42.2, 16, 24, 22.3, 32, 14, 11, '2018-03-02 22:50:30'),
(72, 16158, 'https://www.khl.ru/players/16158/', 'https://www.khl.ru/images/teamplayers/6688/16158.jpg', 'Контиола', 'Петри', 47, 'ЛОК', 52, 11, 17, 28, 4, 24, 7, 4, 0, 0, 2, 0, 120, 9.2, 2, 911, 522, 57.3, 17, 37, 24.5, 37, 29, 9, '2018-03-02 22:50:30'),
(73, 14622, 'https://www.khl.ru/players/14622/', 'https://www.khl.ru/images/teamplayers/6740/14622.jpg', 'Петров', 'Кирилл', 27, 'ЦСК', 45, 9, 19, 28, 14, 26, 8, 1, 0, 0, 0, 0, 71, 12.7, 2, 10, 4, 40, 14, 56, 22.6, 22, 7, 9, '2018-03-02 22:50:30'),
(74, 13964, 'https://www.khl.ru/players/13964/', 'https://www.khl.ru/images/teamplayers/6644/13964.jpg', 'Кучерявенко', 'Александр', 42, 'АВТ', 45, 9, 19, 28, 8, 24, 5, 4, 0, 0, 1, 0, 81, 11.1, 2, 709, 379, 53.5, 16, 27, 23.3, 32, 18, 7, '2018-03-02 22:50:30'),
(75, 18748, 'https://www.khl.ru/players/18748/', 'https://www.khl.ru/images/teamplayers/6728/18748.jpg', 'Виделль', 'Линус', 26, 'ТРК', 46, 8, 20, 28, 4, 10, 6, 2, 0, 0, 0, 0, 89, 9, 2, 69, 34, 49.3, 16, 9, 20.2, 9, 28, 13, '2018-03-02 22:50:30'),
(76, 24685, 'https://www.khl.ru/players/24685/', 'https://www.khl.ru/images/teamplayers/6676/24685.jpg', 'Норман', 'Джон', 37, 'ЙОК', 50, 8, 20, 28, 9, 46, 5, 3, 0, 0, 0, 0, 69, 11.6, 1, 534, 274, 51.3, 15, 10, 19.9, 18, 15, 5, '2018-03-02 22:50:30'),
(77, 4084, 'https://www.khl.ru/players/4084/', 'https://www.khl.ru/images/teamplayers/6728/4084.jpg', 'Якуценя', 'Максим', 28, 'ТРК', 56, 7, 21, 28, -3, 14, 6, 1, 0, 0, 1, 0, 173, 4, 3, 18, 5, 27.8, 17, 56, 21.7, 35, 22, 11, '2018-03-02 22:50:30'),
(78, 14893, 'https://www.khl.ru/players/14893/', 'https://www.khl.ru/images/teamplayers/6648/14893.jpg', 'Сен-Пьер', 'Мартен', 93, 'АДМ', 40, 6, 22, 28, 9, 8, 3, 3, 0, 1, 4, 0, 51, 11.8, 1, 589, 366, 62.1, 15, 45, 19.1, 7, 6, 10, '2018-03-02 22:50:30'),
(79, 17688, 'https://www.khl.ru/players/17688/', 'https://www.khl.ru/images/teamplayers/6740/17688.jpg', 'Ничушкин', 'Валерий', 43, 'ЦСК', 50, 16, 11, 27, 11, 14, 11, 2, 3, 2, 7, 0, 115, 13.9, 2, 9, 3, 33.3, 16, 28, 23.9, 58, 16, 5, '2018-03-02 22:50:30'),
(80, 16047, 'https://www.khl.ru/players/16047/', 'https://www.khl.ru/images/teamplayers/6724/16047.jpg', 'Даугавиньш', 'Каспарс', 16, 'ТОР', 56, 11, 16, 27, 0, 18, 8, 3, 0, 1, 2, 0, 123, 8.9, 2, 464, 222, 47.8, 18, 34, 25.4, 19, 22, 10, '2018-03-02 22:50:30'),
(81, 22366, 'https://www.khl.ru/players/22366/', 'https://www.khl.ru/images/teamplayers/6640/22366.jpg', 'Петерссон', 'Андре', 20, 'АВГ', 40, 10, 17, 27, 7, 18, 6, 4, 0, 1, 1, 0, 84, 11.9, 2, 14, 2, 14.3, 15, 38, 20.5, 7, 9, 10, '2018-03-02 22:50:30'),
(82, 4351, 'https://www.khl.ru/players/4351/', 'https://www.khl.ru/images/teamplayers/6736/4351.jpg', 'Лапенков', 'Евгений', 37, 'СОЧ', 55, 9, 18, 27, 0, 44, 6, 3, 0, 1, 2, 0, 107, 8.4, 2, 69, 31, 44.9, 15, 53, 20.8, 50, 11, 9, '2018-03-02 22:50:30'),
(83, 15308, 'https://www.khl.ru/players/15308/', 'https://www.khl.ru/images/teamplayers/6700/15308.jpg', 'Бурдасов', 'Антон', 78, 'СЮЛ', 41, 15, 11, 26, 3, 18, 6, 9, 0, 0, 4, 1, 141, 10.6, 3, 7, 1, 14.3, 15, 24, 19.4, 12, 8, 7, '2018-03-02 22:50:30'),
(84, 14148, 'https://www.khl.ru/players/14148/', 'https://www.khl.ru/images/teamplayers/6688/14148.jpg', 'Капустин', 'Кирилл', 43, 'ЛАД', 50, 13, 13, 26, -4, 8, 11, 2, 0, 1, 4, 0, 103, 12.6, 2, 230, 91, 39.6, 16, 48, 23.5, 54, 22, 9, '2018-03-02 22:50:30'),
(85, 16307, 'https://www.khl.ru/players/16307/', 'https://www.khl.ru/images/teamplayers/6652/16307.jpg', 'Галиев', 'Станислав', 22, 'АКБ', 52, 12, 14, 26, 16, 55, 8, 4, 0, 0, 3, 0, 124, 9.7, 2, 4, 0, 0, 15, 0, 19.7, 28, 11, 12, '2018-03-02 22:50:30'),
(86, 494, 'https://www.khl.ru/players/494/', 'https://www.khl.ru/images/teamplayers/6724/494.jpg', 'Паршин', 'Денис', 27, 'ТОР', 56, 11, 15, 26, -1, 32, 6, 5, 0, 0, 3, 2, 121, 9.1, 2, 3, 1, 33.3, 16, 46, 22.8, 11, 18, 15, '2018-03-02 22:50:30'),
(87, 15625, 'https://www.khl.ru/players/15625/', 'https://www.khl.ru/images/teamplayers/6708/15625.jpg', 'Санников', 'Степан', 39, 'СИБ', 50, 10, 16, 26, -4, 49, 10, 0, 0, 0, 3, 0, 99, 10.1, 2, 31, 10, 32.3, 17, 9, 24.9, 26, 34, 8, '2018-03-02 22:50:30'),
(88, 16695, 'https://www.khl.ru/players/16695/', 'https://www.khl.ru/images/teamplayers/6664/16695.jpg', 'Хорак', 'Роман', 15, 'ВИТ', 54, 10, 16, 26, -6, 18, 8, 1, 1, 0, 1, 0, 112, 8.9, 2, 885, 448, 50.6, 19, 13, 25.1, 22, 48, 9, '2018-03-02 22:50:30'),
(89, 16783, 'https://www.khl.ru/players/16783/', 'https://www.khl.ru/images/teamplayers/6708/16783.jpg', 'Энлунд', 'Йонас', 26, 'СИБ', 55, 9, 17, 26, 10, 20, 6, 2, 1, 0, 1, 0, 92, 9.8, 2, 226, 91, 40.3, 16, 53, 25, 20, 17, 13, '2018-03-02 22:50:30'),
(90, 16502, 'https://www.khl.ru/players/16502/', 'https://www.khl.ru/images/teamplayers/6656/16502.jpg', 'Горшков', 'Александр', 17, 'АМР', 48, 8, 18, 26, -1, 16, 4, 4, 0, 0, 2, 0, 88, 9.1, 2, 0, 0, 0, 14, 18, 20.7, 40, 10, 12, '2018-03-02 22:50:30'),
(91, 20766, 'https://www.khl.ru/players/20766/', 'https://www.khl.ru/images/teamplayers/6688/20766.jpg', 'Коршков', 'Егор', 96, 'ЛОК', 52, 8, 18, 26, 4, 45, 8, 0, 0, 0, 2, 0, 96, 8.3, 2, 33, 15, 45.5, 13, 59, 22.2, 54, 12, 25, '2018-03-02 22:50:30'),
(92, 9843, 'https://www.khl.ru/players/9843/', 'https://www.khl.ru/images/teamplayers/6744/9843.jpg', 'Пестушко', 'Максим', 85, 'ЮГР', 53, 7, 19, 26, -12, 32, 4, 3, 0, 0, 1, 1, 110, 6.4, 2, 2, 0, 0, 17, 6, 22.7, 19, 17, 4, '2018-03-02 22:50:30'),
(93, 16003, 'https://www.khl.ru/players/16003/', 'https://www.khl.ru/images/teamplayers/6688/16003.jpg', 'Апальков', 'Даниил', 40, 'ЛОК', 55, 15, 10, 25, 13, 32, 14, 1, 0, 1, 3, 0, 140, 10.7, 3, 564, 281, 49.8, 16, 45, 24.2, 11, 10, 8, '2018-03-02 22:50:30'),
(94, 14822, 'https://www.khl.ru/players/14822/', 'https://www.khl.ru/images/teamplayers/6644/14822.jpg', 'Чесалин', 'Евгений', 22, 'АВТ', 56, 15, 10, 25, 12, 16, 12, 3, 0, 0, 1, 0, 89, 16.9, 2, 26, 10, 38.5, 15, 14, 21.1, 34, 27, 28, '2018-03-02 22:50:30'),
(95, 14257, 'https://www.khl.ru/players/14257/', 'https://www.khl.ru/images/teamplayers/6644/14257.jpg', 'Миловзоров', 'Егор', 70, 'АВТ', 44, 13, 12, 25, 8, 16, 9, 4, 0, 0, 2, 0, 101, 12.9, 2, 2, 1, 50, 14, 15, 19.9, 7, 9, 11, '2018-03-02 22:50:30'),
(96, 19215, 'https://www.khl.ru/players/19215/', 'https://www.khl.ru/images/teamplayers/6740/19215.jpg', 'Кузьменко', 'Андрей', 96, 'ЦСК', 45, 13, 12, 25, 21, 12, 10, 3, 0, 0, 1, 1, 85, 15.3, 2, 1, 1, 100, 12, 40, 18.7, 3, 4, 15, '2018-03-02 22:50:30'),
(97, 19066, 'https://www.khl.ru/players/19066/', 'https://www.khl.ru/images/teamplayers/6744/19066.jpg', 'Варфоломеев', 'Павел', 66, 'ЮГР', 51, 13, 12, 25, -16, 30, 9, 4, 0, 1, 2, 1, 134, 9.7, 3, 202, 89, 44.1, 16, 19, 20.7, 13, 13, 10, '2018-03-02 22:50:30'),
(98, 29780, 'https://www.khl.ru/players/29780/', 'https://www.khl.ru/images/teamplayers/6668/29780.jpg', 'Скилли', 'Джек', 20, 'ДМН', 41, 11, 14, 25, -8, 68, 6, 5, 0, 0, 2, 2, 162, 6.8, 4, 38, 14, 36.8, 17, 11, 19.7, 50, 21, 8, '2018-03-02 22:50:30'),
(99, 8875, 'https://www.khl.ru/players/8875/', 'https://www.khl.ru/images/teamplayers/6664/8875.jpg', 'Никулин', 'Александр', 36, 'ВИТ', 48, 11, 14, 25, -3, 6, 6, 5, 0, 0, 0, 0, 84, 13.1, 2, 802, 390, 48.6, 15, 55, 22.9, 3, 36, 5, '2018-03-02 22:50:30'),
(100, 15925, 'https://www.khl.ru/players/15925/', 'https://www.khl.ru/images/teamplayers/6640/15925.jpg', 'Кугрышев', 'Дмитрий', 18, 'АВГ', 50, 11, 14, 25, -1, 10, 7, 4, 0, 1, 2, 0, 119, 9.2, 2, 1, 1, 100, 15, 34, 21.3, 4, 5, 13, '2018-03-02 22:50:30'),
(101, 14466, 'https://www.khl.ru/players/14466/', 'https://www.khl.ru/images/teamplayers/6712/14466.jpg', 'Шипачёв', 'Вадим', 87, 'СКА', 22, 9, 16, 25, 12, 8, 6, 3, 0, 0, 3, 0, 41, 22, 2, 332, 156, 47, 17, 30, 19.1, 15, 3, 5, '2018-03-02 22:50:30'),
(102, 27168, 'https://www.khl.ru/players/27168/', 'https://www.khl.ru/images/teamplayers/6696/27168.jpg', 'Ганзл', 'Робин', 78, 'НХК', 40, 8, 17, 25, -4, 20, 6, 2, 0, 0, 4, 0, 57, 14, 1, 779, 441, 56.6, 18, 13, 23.4, 25, 9, 10, '2018-03-02 22:50:30'),
(103, 587, 'https://www.khl.ru/players/587/', 'https://www.khl.ru/images/teamplayers/6700/587.jpg', 'Лисин', 'Энвер', 7, 'СЮЛ', 54, 14, 10, 24, -6, 30, 11, 3, 0, 0, 1, 0, 93, 15.1, 2, 20, 6, 30, 13, 23, 18.2, 13, 12, 9, '2018-03-02 22:50:30'),
(104, 17262, 'https://www.khl.ru/players/17262/', 'https://www.khl.ru/images/teamplayers/6716/17262.jpg', 'Бойчак', 'Зак', 11, 'СЛВ', 35, 11, 13, 24, -15, 38, 8, 3, 0, 1, 2, 0, 69, 15.9, 2, 329, 173, 52.6, 17, 3, 23.6, 29, 18, 19, '2018-03-02 22:50:30'),
(105, 19388, 'https://www.khl.ru/players/19388/', 'https://www.khl.ru/images/teamplayers/6720/19388.jpg', 'Лещенко', 'Вячеслав', 27, 'СПР', 52, 11, 13, 24, 8, 16, 10, 1, 0, 1, 3, 0, 116, 9.5, 2, 36, 13, 36.1, 15, 0, 18.5, 22, 20, 28, '2018-03-02 22:50:30'),
(106, 14815, 'https://www.khl.ru/players/14815/', 'https://www.khl.ru/images/teamplayers/6724/14815.jpg', 'Галузин', 'Владимир', 10, 'ТОР', 53, 11, 13, 24, -2, 24, 9, 2, 0, 1, 5, 0, 88, 12.5, 2, 754, 347, 46, 16, 29, 23, 55, 24, 13, '2018-03-02 22:50:30'),
(107, 16374, 'https://www.khl.ru/players/16374/', 'https://www.khl.ru/images/teamplayers/6708/16374.jpg', 'Сигарёв', 'Андрей', 36, 'СИБ', 48, 9, 15, 24, 2, 46, 7, 2, 0, 0, 2, 0, 89, 10.1, 2, 23, 8, 34.8, 14, 37, 20.8, 35, 18, 18, '2018-03-02 22:50:30'),
(108, 15977, 'https://www.khl.ru/players/15977/', 'https://www.khl.ru/images/teamplayers/6644/15977.jpg', 'Гареев', 'Артём', 60, 'АВТ', 47, 7, 17, 24, 2, 8, 6, 1, 0, 1, 5, 0, 76, 9.2, 2, 13, 5, 38.5, 15, 5, 21.2, 17, 23, 13, '2018-03-02 22:50:30'),
(109, 23421, 'https://www.khl.ru/players/23421/', 'https://www.khl.ru/images/teamplayers/6676/23421.jpg', 'Палола', 'Олли', 34, 'ЙОК', 50, 7, 17, 24, 5, 16, 5, 2, 0, 0, 1, 1, 119, 5.9, 2, 2, 1, 50, 13, 48, 17.5, 30, 5, 6, '2018-03-02 22:50:30'),
(110, 15721, 'https://www.khl.ru/players/15721/', 'https://www.khl.ru/images/teamplayers/6732/15721.jpg', 'Тарасов', 'Даниил', 79, 'ДИН', 55, 14, 9, 23, -4, 39, 9, 5, 0, 0, 4, 0, 168, 8.3, 3, 7, 3, 42.9, 15, 57, 23.7, 54, 20, 9, '2018-03-02 22:50:30'),
(111, 17925, 'https://www.khl.ru/players/17925/', 'https://www.khl.ru/images/teamplayers/6692/17925.jpg', 'Осала', 'Оскар', 62, 'ММГ', 55, 14, 9, 23, -6, 90, 9, 4, 1, 0, 2, 0, 111, 12.6, 2, 595, 409, 68.7, 17, 10, 24.7, 88, 43, 8, '2018-03-02 22:50:30'),
(112, 16040, 'https://www.khl.ru/players/16040/', 'https://www.khl.ru/images/teamplayers/6716/16040.jpg', 'Ржепик', 'Михал', 62, 'СЛВ', 51, 12, 11, 23, -16, 14, 8, 4, 0, 0, 4, 0, 158, 7.6, 3, 76, 23, 30.3, 17, 34, 24.4, 27, 9, 9, '2018-03-02 22:50:30'),
(113, 14834, 'https://www.khl.ru/players/14834/', 'https://www.khl.ru/images/teamplayers/6704/14834.jpg', 'Чернов', 'Павел', 53, 'СЕВ', 41, 11, 12, 23, 1, 57, 7, 3, 1, 1, 2, 0, 84, 13.1, 2, 813, 441, 54.2, 18, 51, 23, 31, 11, 10, '2018-03-02 22:50:30'),
(114, 17551, 'https://www.khl.ru/players/17551/', 'https://www.khl.ru/images/teamplayers/6708/17551.jpg', 'Основин', 'Вячеслав', 17, 'СИБ', 53, 11, 12, 23, 4, 76, 7, 2, 2, 0, 0, 1, 110, 10, 2, 669, 332, 49.6, 15, 1, 22.3, 33, 17, 6, '2018-03-02 22:50:30'),
(115, 4967, 'https://www.khl.ru/players/4967/', 'https://www.khl.ru/images/teamplayers/6732/4967.jpg', 'Варнаков', 'Михаил', 18, 'ДИН', 34, 10, 13, 23, 0, 20, 8, 2, 0, 0, 2, 3, 88, 11.4, 3, 19, 8, 42.1, 17, 17, 25.4, 27, 23, 12, '2018-03-02 22:50:30'),
(116, 16874, 'https://www.khl.ru/players/16874/', 'https://www.khl.ru/images/teamplayers/6740/16874.jpg', 'Григоренко', 'Михаил', 21, 'ЦСК', 45, 10, 13, 23, 15, 14, 8, 2, 0, 0, 1, 1, 100, 10, 2, 478, 272, 56.9, 15, 45, 22.8, 20, 12, 4, '2018-03-02 22:50:30'),
(117, 17850, 'https://www.khl.ru/players/17850/', 'https://www.khl.ru/images/teamplayers/6732/17850.jpg', 'Алексеев', 'Андрей', 13, 'ДИН', 54, 8, 15, 23, 5, 30, 7, 1, 0, 0, 2, 0, 76, 10.5, 1, 13, 8, 61.5, 12, 39, 19.1, 36, 21, 18, '2018-03-02 22:50:30'),
(118, 17852, 'https://www.khl.ru/players/17852/', 'https://www.khl.ru/images/teamplayers/6732/17852.jpg', 'Брюквин', 'Владимир', 83, 'ДИН', 47, 14, 8, 22, -4, 35, 9, 3, 2, 0, 3, 1, 73, 19.2, 2, 17, 3, 17.6, 16, 36, 24.1, 45, 30, 13, '2018-03-02 22:50:30'),
(119, 25316, 'https://www.khl.ru/players/25316/', 'https://www.khl.ru/images/teamplayers/6672/25316.jpg', 'Макмиллан', 'Брэндон', 88, 'ДРГ', 51, 14, 8, 22, -9, 70, 7, 7, 0, 0, 2, 0, 103, 13.6, 2, 832, 417, 50.1, 18, 42, 24.9, 57, 30, 16, '2018-03-02 22:50:30'),
(120, 3549, 'https://www.khl.ru/players/3549/', 'https://www.khl.ru/images/teamplayers/6644/3549.jpg', 'Михнов', 'Алексей', 8, 'АВТ', 45, 12, 10, 22, 5, 8, 10, 2, 0, 0, 2, 0, 70, 17.1, 2, 2, 0, 0, 13, 59, 19.3, 10, 5, 1, '2018-03-02 22:50:30'),
(121, 15513, 'https://www.khl.ru/players/15513/', 'https://www.khl.ru/images/teamplayers/6692/15513.jpg', 'Тимкин', 'Евгений', 23, 'ММГ', 56, 12, 10, 22, -4, 54, 6, 6, 0, 0, 0, 0, 123, 9.8, 2, 14, 7, 50, 15, 16, 21.8, 105, 38, 20, '2018-03-02 22:50:30'),
(122, 4508, 'https://www.khl.ru/players/4508/', 'https://www.khl.ru/images/teamplayers/6648/4508.jpg', 'Александров', 'Виктор', 23, 'АДМ', 37, 11, 11, 22, -11, 47, 4, 7, 0, 0, 1, 2, 56, 19.6, 2, 10, 3, 30, 16, 45, 18.3, 22, 16, 11, '2018-03-02 22:50:30'),
(123, 15250, 'https://www.khl.ru/players/15250/', 'https://www.khl.ru/images/teamplayers/6672/15250.jpg', 'Редлихс', 'Микелис', 19, 'ДРГ', 44, 11, 11, 22, -1, 42, 6, 5, 0, 1, 2, 0, 69, 15.9, 2, 26, 11, 42.3, 17, 53, 22.4, 23, 5, 12, '2018-03-02 22:50:30'),
(124, 17210, 'https://www.khl.ru/players/17210/', 'https://www.khl.ru/images/teamplayers/6712/17210.jpg', 'Барабанов', 'Александр', 94, 'СКА', 46, 10, 12, 22, 17, 4, 8, 2, 0, 0, 1, 0, 87, 11.5, 2, 1, 0, 0, 13, 53, 17.5, 11, 14, 16, '2018-03-02 22:50:30'),
(125, 3649, 'https://www.khl.ru/players/3649/', 'https://www.khl.ru/images/teamplayers/6704/3649.jpg', 'Трубачёв', 'Юрий', 15, 'СЕВ', 49, 9, 13, 22, 1, 32, 6, 3, 0, 1, 2, 1, 69, 13, 1, 759, 407, 53.6, 16, 43, 23, 22, 21, 5, '2018-03-02 22:50:30'),
(126, 17903, 'https://www.khl.ru/players/17903/', 'https://www.khl.ru/images/teamplayers/6640/17903.jpg', 'Кошелев', 'Семён', 19, 'АВГ', 45, 8, 14, 22, 14, 8, 7, 1, 0, 0, 3, 0, 79, 10.1, 2, 94, 45, 47.9, 15, 39, 21.6, 17, 21, 8, '2018-03-02 22:50:30'),
(127, 6336, 'https://www.khl.ru/players/6336/', 'https://www.khl.ru/images/teamplayers/6736/6336.jpg', 'Цветков', 'Алексей', 72, 'СОЧ', 46, 8, 14, 22, -3, 42, 6, 2, 0, 0, 0, 0, 53, 15.1, 1, 485, 238, 49.1, 15, 47, 20.1, 24, 37, 14, '2018-03-02 22:50:30'),
(128, 25091, 'https://www.khl.ru/players/25091/', 'https://www.khl.ru/images/teamplayers/6652/25091.jpg', 'Клинкхаммер', 'Роб', 49, 'АКБ', 49, 8, 14, 22, 9, 59, 6, 2, 0, 0, 3, 0, 107, 7.5, 2, 74, 42, 56.8, 16, 57, 21.9, 67, 26, 11, '2018-03-02 22:50:30'),
(129, 14597, 'https://www.khl.ru/players/14597/', 'https://www.khl.ru/images/teamplayers/6688/14597.jpg', 'Аверин', 'Егор', 29, 'ЛОК', 53, 8, 14, 22, 19, 16, 7, 0, 1, 0, 1, 0, 72, 11.1, 1, 22, 10, 45.5, 16, 36, 24.3, 54, 25, 10, '2018-03-02 22:50:30'),
(130, 16705, 'https://www.khl.ru/players/16705/', 'https://www.khl.ru/images/teamplayers/6716/16705.jpg', 'Вьеденски', 'Марек', 25, 'СЛВ', 42, 11, 10, 21, 2, 52, 6, 5, 0, 0, 0, 0, 59, 18.6, 1, 666, 411, 61.7, 15, 2, 20.9, 9, 17, 7, '2018-03-02 22:50:30'),
(131, 16355, 'https://www.khl.ru/players/16355/', 'https://www.khl.ru/images/teamplayers/6728/16355.jpg', 'Кручинин', 'Алексей', 78, 'ТРК', 52, 10, 11, 21, -6, 4, 6, 3, 1, 0, 3, 0, 107, 9.3, 2, 116, 43, 37.1, 18, 1, 21.9, 42, 26, 25, '2018-03-02 22:50:30'),
(132, 27512, 'https://www.khl.ru/players/27512/', 'https://www.khl.ru/images/teamplayers/6672/27512.jpg', 'Кристо', 'Дэнни', 29, 'ДРГ', 42, 8, 13, 21, -14, 6, 7, 1, 0, 0, 1, 2, 95, 8.4, 2, 81, 36, 44.4, 18, 24, 22.5, 10, 10, 15, '2018-03-02 22:50:30'),
(133, 19299, 'https://www.khl.ru/players/19299/', 'https://www.khl.ru/images/teamplayers/6664/19299.jpg', 'Швец-Роговой', 'Артём', 57, 'ВИТ', 56, 8, 13, 21, -5, 21, 4, 1, 3, 0, 1, 0, 80, 10, 1, 400, 172, 43, 15, 58, 23.9, 23, 48, 15, '2018-03-02 22:50:30'),
(134, 14444, 'https://www.khl.ru/players/14444/', 'https://www.khl.ru/images/teamplayers/6688/14444.jpg', 'Мосалёв', 'Денис', 54, 'ЛОК', 47, 7, 14, 21, 9, 4, 5, 2, 0, 1, 3, 0, 73, 9.6, 2, 18, 3, 16.7, 14, 11, 21.6, 41, 16, 11, '2018-03-02 22:50:30'),
(135, 16788, 'https://www.khl.ru/players/16788/', 'https://www.khl.ru/images/teamplayers/6716/16788.jpg', 'Кашпар', 'Лукаш', 83, 'СЛВ', 46, 4, 17, 21, -5, 54, 2, 1, 1, 0, 2, 0, 111, 3.6, 2, 18, 2, 11.1, 16, 9, 22.9, 28, 14, 11, '2018-03-02 22:50:30'),
(136, 23604, 'https://www.khl.ru/players/23604/', 'https://www.khl.ru/images/teamplayers/6676/23604.jpg', 'Йормакка', 'Пекка', 25, 'ЙОК', 47, 12, 8, 20, 2, 12, 9, 3, 0, 0, 2, 0, 94, 12.8, 2, 17, 9, 52.9, 13, 43, 18.1, 10, 9, 15, '2018-03-02 22:50:30'),
(137, 27224, 'https://www.khl.ru/players/27224/', 'https://www.khl.ru/images/teamplayers/6680/27224.jpg', 'Кейн', 'Кори', 47, 'КРС', 55, 12, 8, 20, -11, 66, 10, 0, 2, 0, 2, 0, 121, 9.9, 2, 768, 372, 48.4, 18, 46, 24, 64, 39, 13, '2018-03-02 22:50:30'),
(138, 13782, 'https://www.khl.ru/players/13782/', 'https://www.khl.ru/images/teamplayers/6660/13782.jpg', 'Старченко', 'Роман', 48, 'БАР', 39, 11, 9, 20, 3, 28, 10, 1, 0, 0, 2, 0, 87, 12.6, 2, 123, 54, 43.9, 15, 42, 20.2, 19, 7, 5, '2018-03-02 22:50:30'),
(139, 27280, 'https://www.khl.ru/players/27280/', 'https://www.khl.ru/images/teamplayers/6680/27280.jpg', 'Бек', 'Тэйлор', 41, 'АВТ', 41, 7, 13, 20, 7, 20, 5, 1, 1, 1, 1, 0, 109, 6.4, 3, 46, 19, 41.3, 17, 46, 22, 19, 11, 6, '2018-03-02 22:50:30'),
(140, 7211, 'https://www.khl.ru/players/7211/', 'https://www.khl.ru/images/teamplayers/6700/7211.jpg', 'Зубов', 'Илья', 38, 'СЮЛ', 40, 5, 15, 20, -2, 31, 3, 2, 0, 0, 3, 0, 44, 11.4, 1, 565, 294, 52, 17, 31, 21.1, 15, 22, 7, '2018-03-02 22:50:30'),
(141, 17126, 'https://www.khl.ru/players/17126/', 'https://www.khl.ru/images/teamplayers/6712/17126.jpg', 'Карпов', 'Максим', 91, 'СКА', 35, 4, 16, 20, 10, 2, 4, 0, 0, 0, 1, 0, 83, 4.8, 2, 13, 7, 53.8, 12, 14, 16, 8, 5, 5, '2018-03-02 22:50:30'),
(142, 14633, 'https://www.khl.ru/players/14633/', 'https://www.khl.ru/images/teamplayers/6700/14633.jpg', 'Саюстов', 'Дмитрий', 81, 'СЮЛ', 40, 13, 6, 19, 1, 37, 5, 8, 0, 0, 2, 1, 67, 19.4, 2, 531, 232, 43.7, 17, 1, 20.2, 21, 20, 5, '2018-03-02 22:50:30'),
(143, 19000, 'https://www.khl.ru/players/19000/', 'https://www.khl.ru/images/teamplayers/6708/19000.jpg', 'Шаров', 'Александр', 86, 'СИБ', 56, 9, 10, 19, 5, 12, 5, 4, 0, 0, 1, 0, 84, 10.7, 2, 434, 177, 40.8, 16, 16, 23.6, 37, 58, 14, '2018-03-02 22:50:30'),
(144, 25441, 'https://www.khl.ru/players/25441/', 'https://www.khl.ru/images/teamplayers/6664/25441.jpg', 'Рендулич', 'Борна', 71, 'ВИТ', 32, 8, 11, 19, -2, 16, 5, 3, 0, 1, 2, 0, 79, 10.1, 3, 8, 3, 37.5, 16, 12, 20.6, 7, 16, 8, '2018-03-02 22:50:30'),
(145, 25069, 'https://www.khl.ru/players/25069/', 'https://www.khl.ru/images/teamplayers/6688/25069.jpg', 'Тальбо', 'Максим', 25, 'ЛОК', 43, 8, 11, 19, 4, 65, 5, 3, 0, 0, 1, 0, 84, 9.5, 2, 45, 25, 55.6, 16, 41, 21.7, 45, 16, 7, '2018-03-02 22:50:30'),
(146, 17650, 'https://www.khl.ru/players/17650/', 'https://www.khl.ru/images/teamplayers/6732/17650.jpg', 'Бойд', 'Дастин', 41, 'ДИН', 48, 8, 11, 19, -3, 14, 4, 4, 0, 0, 0, 0, 101, 7.9, 2, 807, 472, 58.5, 16, 43, 24.2, 33, 41, 18, '2018-03-02 22:50:30'),
(147, 4101, 'https://www.khl.ru/players/4101/', 'https://www.khl.ru/images/teamplayers/6740/4101.jpg', 'Попов', 'Александр', 22, 'ЦСК', 36, 7, 12, 19, 14, 2, 5, 2, 0, 0, 0, 0, 37, 18.9, 1, 533, 249, 46.7, 15, 38, 24.1, 11, 15, 5, '2018-03-02 22:50:30'),
(148, 15912, 'https://www.khl.ru/players/15912/', 'https://www.khl.ru/images/teamplayers/6644/15912.jpg', 'Торченюк', 'Александр', 12, 'АВТ', 53, 7, 12, 19, 8, 33, 3, 3, 1, 0, 1, 0, 73, 9.6, 1, 786, 403, 51.3, 16, 4, 22.4, 18, 35, 8, '2018-03-02 22:50:30'),
(149, 18770, 'https://www.khl.ru/players/18770/', 'https://www.khl.ru/images/teamplayers/6740/18770.jpg', 'Окулов', 'Константин', 77, 'ЦСК', 35, 6, 13, 19, 14, 14, 6, 0, 0, 0, 2, 0, 63, 9.5, 2, 81, 42, 51.9, 13, 20, 18.3, 8, 11, 6, '2018-03-02 22:50:30'),
(150, 16179, 'https://www.khl.ru/players/16179/', 'https://www.khl.ru/images/teamplayers/6716/16179.jpg', 'Смоленяк', 'Радек', 70, 'СЛВ', 24, 5, 14, 19, -6, 14, 1, 4, 0, 0, 1, 0, 69, 7.2, 3, 42, 19, 45.2, 17, 39, 21.6, 5, 12, 5, '2018-03-02 22:50:30'),
(151, 21251, 'https://www.khl.ru/players/21251/', 'https://www.khl.ru/images/teamplayers/6692/21251.jpg', 'Чибисов', 'Андрей', 76, 'ММГ', 37, 10, 8, 18, 3, 16, 9, 0, 1, 2, 4, 1, 67, 14.9, 2, 10, 5, 50, 16, 30, 22.1, 46, 28, 8, '2018-03-02 22:50:30'),
(152, 14738, 'https://www.khl.ru/players/14738/', 'https://www.khl.ru/images/teamplayers/6652/14738.jpg', 'Глинкин', 'Антон', 10, 'АКБ', 44, 9, 9, 18, 5, 6, 7, 2, 0, 0, 0, 0, 53, 17, 1, 2, 0, 0, 12, 17, 16.5, 8, 9, 12, '2018-03-02 22:50:30'),
(153, 26926, 'https://www.khl.ru/players/26926/', 'https://www.khl.ru/images/teamplayers/6680/26926.jpg', 'Ип', 'Брэндон', 18, 'КРС', 48, 9, 9, 18, -9, 44, 7, 2, 0, 0, 2, 0, 111, 8.1, 2, 42, 14, 33.3, 17, 39, 22.6, 56, 9, 7, '2018-03-02 22:50:30'),
(154, 15251, 'https://www.khl.ru/players/15251/', 'https://www.khl.ru/images/teamplayers/6672/15251.jpg', 'Дарзиньш', 'Лаурис', 10, 'ДРГ', 24, 5, 13, 18, 2, 4, 3, 2, 0, 0, 0, 0, 59, 8.5, 3, 6, 2, 33.3, 18, 42, 23.5, 3, 4, 3, '2018-03-02 22:50:30'),
(155, 15323, 'https://www.khl.ru/players/15323/', 'https://www.khl.ru/images/teamplayers/6684/15323.jpg', 'Бочаров', 'Станислав', 71, 'ЛАД', 55, 5, 13, 18, -12, 8, 4, 0, 1, 0, 0, 0, 123, 4.1, 2, 8, 3, 37.5, 14, 10, 19.8, 24, 14, 10, '2018-03-02 22:50:30'),
(156, 15270, 'https://www.khl.ru/players/15270/', 'https://www.khl.ru/images/teamplayers/6656/15270.jpg', 'Литовченко', 'Вячеслав', 51, 'АМР', 43, 9, 8, 17, -2, 8, 3, 6, 0, 1, 3, 0, 84, 10.7, 2, 62, 26, 41.9, 17, 17, 24.1, 37, 36, 4, '2018-03-02 22:50:30'),
(157, 21135, 'https://www.khl.ru/players/21135/', 'https://www.khl.ru/images/teamplayers/6744/21135.jpg', 'Савинайнен', 'Вели-Матти', 86, 'ЮГР', 50, 9, 8, 17, -23, 14, 3, 5, 1, 0, 2, 0, 102, 8.8, 2, 89, 38, 42.7, 18, 22, 23.1, 20, 41, 17, '2018-03-02 22:50:30'),
(158, 548, 'https://www.khl.ru/players/548/', 'https://www.khl.ru/images/teamplayers/6724/548.jpg', 'Столяров', 'Геннадий', 71, 'ТОР', 54, 9, 8, 17, 2, 67, 5, 3, 1, 0, 1, 0, 78, 11.5, 1, 96, 42, 43.8, 16, 47, 24.3, 42, 24, 8, '2018-03-02 22:50:30'),
(159, 19218, 'https://www.khl.ru/players/19218/', 'https://www.khl.ru/images/teamplayers/6740/19218.jpg', 'Светлаков', 'Андрей', 87, 'ЦСК', 37, 7, 10, 17, 19, 44, 5, 2, 0, 1, 1, 0, 92, 7.6, 3, 465, 253, 54.4, 14, 20, 21.5, 28, 21, 13, '2018-03-02 22:50:30'),
(160, 16738, 'https://www.khl.ru/players/16738/', 'https://www.khl.ru/images/teamplayers/6692/16738.jpg', 'Филиппи', 'Томаш', 41, 'ММГ', 25, 6, 11, 17, 5, 10, 3, 3, 0, 0, 3, 0, 74, 8.1, 3, 202, 107, 53, 18, 24, 22.8, 15, 11, 1, '2018-03-02 22:50:30'),
(161, 16049, 'https://www.khl.ru/players/16049/', 'https://www.khl.ru/images/teamplayers/6720/16049.jpg', 'Воронин', 'Артём', 17, 'СПР', 46, 6, 11, 17, -5, 35, 5, 0, 1, 0, 1, 0, 53, 11.3, 1, 529, 264, 49.9, 14, 21, 19.2, 22, 33, 2, '2018-03-02 22:50:30'),
(162, 16352, 'https://www.khl.ru/players/16352/', 'https://www.khl.ru/images/teamplayers/6684/16352.jpg', 'Мастрюков', 'Алексей', 36, 'ЛАД', 51, 6, 11, 17, -2, 12, 3, 3, 0, 1, 1, 0, 113, 5.3, 2, 346, 134, 38.7, 14, 29, 20.4, 23, 20, 4, '2018-03-02 22:50:30'),
(163, 16870, 'https://www.khl.ru/players/16870/', 'https://www.khl.ru/images/teamplayers/6668/16870.jpg', 'Лингле', 'Шарль', 70, 'ДМН', 55, 6, 11, 17, -15, 38, 1, 5, 0, 0, 1, 0, 88, 6.8, 2, 11, 4, 36.4, 12, 55, 15.4, 18, 10, 5, '2018-03-02 22:50:30'),
(164, 16623, 'https://www.khl.ru/players/16623/', 'https://www.khl.ru/images/teamplayers/6700/16623.jpg', 'Фёдоров', 'Артём', 88, 'СЮЛ', 49, 3, 14, 17, -4, 18, 2, 1, 0, 1, 1, 0, 88, 3.4, 2, 10, 3, 30, 13, 50, 17.1, 29, 14, 16, '2018-03-02 22:50:30'),
(165, 25282, 'https://www.khl.ru/players/25282/', 'https://www.khl.ru/images/teamplayers/6640/25282.jpg', 'Рау', 'Чед', 15, 'АВГ', 44, 12, 4, 16, -5, 4, 5, 7, 0, 0, 1, 0, 96, 12.5, 2, 292, 160, 54.8, 16, 18, 22.4, 9, 11, 3, '2018-03-02 22:50:30'),
(166, 27020, 'https://www.khl.ru/players/27020/', 'https://www.khl.ru/images/teamplayers/6696/27020.jpg', 'Эверберг', 'Деннис', 79, 'АВГ', 50, 11, 5, 16, 4, 26, 8, 3, 0, 0, 1, 0, 76, 14.5, 2, 81, 33, 40.7, 14, 27, 20.8, 37, 33, 18, '2018-03-02 22:50:30'),
(167, 497, 'https://www.khl.ru/players/497/', 'https://www.khl.ru/images/teamplayers/6684/497.jpg', 'Скороходов', 'Игорь', 33, 'ЛАД', 43, 10, 6, 16, 2, 12, 8, 2, 0, 0, 0, 0, 80, 12.5, 2, 25, 5, 20, 13, 21, 18.2, 26, 9, 8, '2018-03-02 22:50:30'),
(168, 14362, 'https://www.khl.ru/players/14362/', 'https://www.khl.ru/images/teamplayers/6712/14362.jpg', 'Тихонов', 'Виктор', 10, 'СКА', 45, 8, 8, 16, 15, 24, 8, 0, 0, 0, 1, 0, 58, 13.8, 1, 173, 87, 50.3, 12, 16, 15.4, 38, 9, 10, '2018-03-02 22:50:30'),
(169, 20970, 'https://www.khl.ru/players/20970/', 'https://www.khl.ru/images/teamplayers/6676/20970.jpg', 'Анттила', 'Марко', 12, 'ЙОК', 52, 8, 8, 16, 4, 26, 7, 0, 1, 0, 3, 0, 117, 6.8, 2, 160, 74, 46.2, 14, 9, 19.7, 39, 11, 7, '2018-03-02 22:50:30'),
(170, 3545, 'https://www.khl.ru/players/3545/', 'https://www.khl.ru/images/teamplayers/6708/3545.jpg', 'Коньков', 'Сергей', 72, 'СИБ', 56, 8, 8, 16, 0, 30, 7, 1, 0, 0, 1, 0, 65, 12.3, 1, 289, 142, 49.1, 14, 42, 20.8, 44, 23, 8, '2018-03-02 22:50:30'),
(171, 5416, 'https://www.khl.ru/players/5416/', 'https://www.khl.ru/images/teamplayers/6660/5416.jpg', 'Пушкарёв', 'Константин', 81, 'БАР', 47, 7, 9, 16, 0, 45, 5, 2, 0, 0, 1, 0, 56, 12.5, 1, 62, 25, 40.3, 15, 44, 20.8, 95, 44, 12, '2018-03-02 22:50:30'),
(172, 23603, 'https://www.khl.ru/players/23603/', 'https://www.khl.ru/images/teamplayers/6676/23603.jpg', 'Йоэнсуу', 'Ессе', 6, 'ЙОК', 49, 7, 9, 16, 11, 64, 2, 5, 0, 0, 1, 0, 62, 11.3, 1, 0, 0, 0, 15, 19, 19, 81, 9, 13, '2018-03-02 22:50:30'),
(173, 590, 'https://www.khl.ru/players/590/', 'https://www.khl.ru/images/teamplayers/6668/590.jpg', 'Степанов', 'Андрей', 61, 'ДМН', 54, 7, 9, 16, -5, 14, 6, 1, 0, 0, 1, 1, 118, 5.9, 2, 3, 2, 66.7, 14, 24, 17, 40, 7, 21, '2018-03-02 22:50:30'),
(174, 17656, 'https://www.khl.ru/players/17656/', 'https://www.khl.ru/images/teamplayers/6648/17656.jpg', 'Бутузов', 'Владимир', 71, 'АДМ', 44, 6, 10, 16, -2, 16, 5, 1, 0, 0, 1, 0, 83, 7.2, 2, 45, 16, 35.6, 14, 25, 18.7, 21, 17, 14, '2018-03-02 22:50:30'),
(175, 14613, 'https://www.khl.ru/players/14613/', 'https://www.khl.ru/images/teamplayers/6712/14613.jpg', 'Каблуков', 'Илья', 29, 'СКА', 47, 3, 13, 16, 14, 22, 3, 0, 0, 0, 0, 0, 44, 6.8, 1, 455, 240, 52.7, 13, 12, 16.5, 48, 12, 6, '2018-03-02 22:50:30'),
(176, 15708, 'https://www.khl.ru/players/15708/', 'https://www.khl.ru/images/teamplayers/6696/15708.jpg', 'Авцин', 'Александр', 10, 'НХК', 44, 12, 3, 15, -3, 8, 9, 3, 0, 0, 2, 0, 74, 16.2, 2, 19, 7, 36.8, 14, 24, 19.5, 57, 25, 7, '2018-03-02 22:50:30'),
(177, 27228, 'https://www.khl.ru/players/27228/', 'https://www.khl.ru/images/teamplayers/6680/27228.jpg', 'Дефацио', 'Брэндон', 19, 'КРС', 55, 10, 5, 15, -2, 84, 6, 3, 1, 0, 1, 0, 117, 8.5, 2, 11, 1, 9.1, 16, 36, 21.7, 65, 27, 13, '2018-03-02 22:50:30'),
(178, 17591, 'https://www.khl.ru/players/17591/', 'https://www.khl.ru/images/teamplayers/6648/17591.jpg', 'Жафяров', 'Дамир', 88, 'АДМ', 35, 8, 7, 15, -1, 4, 7, 1, 0, 0, 0, 0, 93, 8.6, 3, 57, 15, 26.3, 15, 40, 20.1, 8, 10, 11, '2018-03-02 22:50:30'),
(179, 13253, 'https://www.khl.ru/players/13253/', 'https://www.khl.ru/images/teamplayers/6728/13253.jpg', 'Рыбаков', 'Александр', 10, 'ТРК', 54, 8, 7, 15, -10, 28, 7, 1, 0, 1, 1, 0, 83, 9.6, 2, 715, 317, 44.3, 16, 53, 21.4, 28, 30, 13, '2018-03-02 22:50:30'),
(180, 14766, 'https://www.khl.ru/players/14766/', 'https://www.khl.ru/images/teamplayers/6720/14766.jpg', 'Подшендялов', 'Артём', 55, 'СПР', 55, 7, 8, 15, 0, 18, 6, 1, 0, 0, 0, 1, 59, 11.9, 1, 8, 2, 25, 14, 17, 19, 14, 19, 18, '2018-03-02 22:50:30'),
(181, 17763, 'https://www.khl.ru/players/17763/', 'https://www.khl.ru/images/teamplayers/6696/17763.jpg', 'Шиксатдаров', 'Ильдар', 11, 'НХК', 48, 6, 9, 15, 2, 58, 4, 0, 2, 0, 0, 0, 93, 6.5, 2, 25, 8, 32, 14, 57, 21.2, 90, 32, 11, '2018-03-02 22:50:30'),
(182, 120, 'https://www.khl.ru/players/120/', 'https://www.khl.ru/images/teamplayers/6732/120.jpg', 'Игнатушкин', 'Игорь', 84, 'ДИН', 30, 5, 10, 15, 3, 8, 5, 0, 0, 0, 0, 0, 39, 12.8, 1, 389, 197, 50.6, 14, 58, 22.5, 8, 18, 2, '2018-03-02 22:50:30'),
(183, 3593, 'https://www.khl.ru/players/3593/', 'https://www.khl.ru/images/teamplayers/6664/3593.jpg', 'Сёмин', 'Дмитрий', 42, 'ВИТ', 46, 5, 10, 15, -18, 38, 3, 2, 0, 0, 2, 0, 53, 9.4, 1, 633, 343, 54.2, 15, 35, 22.5, 15, 21, 4, '2018-03-02 22:50:30'),
(184, 13963, 'https://www.khl.ru/players/13963/', 'https://www.khl.ru/images/teamplayers/6652/13963.jpg', 'Глухов', 'Михаил', 12, 'АКБ', 48, 4, 11, 15, 8, 45, 4, 0, 0, 0, 1, 0, 48, 8.3, 1, 175, 69, 39.4, 14, 7, 19.5, 50, 37, 10, '2018-03-02 22:50:30'),
(185, 16442, 'https://www.khl.ru/players/16442/', 'https://www.khl.ru/images/teamplayers/6732/16442.jpg', 'Карсумс', 'Мартиньш', 15, 'ДИН', 34, 3, 12, 15, -4, 57, 3, 0, 0, 0, 0, 0, 46, 6.5, 1, 97, 62, 63.9, 15, 33, 23, 82, 22, 6, '2018-03-02 22:50:30'),
(186, 14800, 'https://www.khl.ru/players/14800/', 'https://www.khl.ru/images/teamplayers/6744/14800.jpg', 'Королёв', 'Антон', 42, 'ЮГР', 54, 11, 3, 14, -7, 34, 6, 5, 0, 2, 2, 0, 105, 10.5, 2, 37, 6, 16.2, 16, 33, 22.7, 29, 19, 17, '2018-03-02 22:50:30'),
(187, 5403, 'https://www.khl.ru/players/5403/', 'https://www.khl.ru/images/teamplayers/6660/5403.jpg', 'Жайлауов', 'Талгат', 8, 'БАР', 43, 9, 5, 14, -2, 20, 6, 3, 0, 0, 0, 0, 62, 14.5, 1, 12, 7, 58.3, 14, 11, 18.3, 21, 13, 7, '2018-03-02 22:50:30'),
(188, 15112, 'https://www.khl.ru/players/15112/', 'https://www.khl.ru/images/teamplayers/6688/15112.jpg', 'Локтионов', 'Андрей', 90, 'ЛОК', 25, 8, 6, 14, 11, 6, 7, 1, 0, 2, 3, 1, 69, 11.6, 3, 371, 198, 53.4, 16, 51, 25.8, 7, 13, 2, '2018-03-02 22:50:30'),
(189, 15508, 'https://www.khl.ru/players/15508/', 'https://www.khl.ru/images/teamplayers/6720/15508.jpg', 'Никонцев', 'Анатолий', 12, 'СПР', 49, 8, 6, 14, -2, 12, 5, 1, 2, 1, 1, 0, 73, 11, 2, 16, 4, 25, 14, 59, 20.3, 24, 25, 9, '2018-03-02 22:50:30'),
(190, 16168, 'https://www.khl.ru/players/16168/', 'https://www.khl.ru/images/teamplayers/6668/16168.jpg', 'Ковыршин', 'Евгений', 88, 'ДМН', 50, 8, 6, 14, -4, 18, 5, 3, 0, 0, 2, 0, 42, 19, 1, 559, 280, 50.1, 14, 19, 17.5, 15, 25, 7, '2018-03-02 22:50:30'),
(191, 15413, 'https://www.khl.ru/players/15413/', 'https://www.khl.ru/images/teamplayers/6640/15413.jpg', 'Хохряков', 'Пётр', 62, 'АВГ', 51, 8, 6, 14, -4, 9, 5, 3, 0, 0, 2, 0, 85, 9.4, 2, 505, 216, 42.8, 15, 56, 22.1, 11, 23, 6, '2018-03-02 22:50:30'),
(192, 16853, 'https://www.khl.ru/players/16853/', 'https://www.khl.ru/images/teamplayers/6724/16853.jpg', 'Мозер', 'Евгений', 11, 'ТОР', 54, 8, 6, 14, -3, 36, 5, 2, 1, 1, 1, 0, 73, 11, 1, 547, 264, 48.3, 12, 42, 20.9, 23, 23, 8, '2018-03-02 22:50:30'),
(193, 15476, 'https://www.khl.ru/players/15476/', 'https://www.khl.ru/images/teamplayers/6684/15476.jpg', 'Валуйский', 'Семён', 19, 'ЛАД', 34, 7, 7, 14, 1, 6, 4, 3, 0, 0, 0, 0, 46, 15.2, 1, 168, 68, 40.5, 15, 31, 22.4, 24, 9, 3, '2018-03-02 22:50:30'),
(194, 18247, 'https://www.khl.ru/players/18247/', 'https://www.khl.ru/images/teamplayers/6712/18247.jpg', 'Коскиранта', 'Ярно', 4, 'СКА', 41, 7, 7, 14, 7, 6, 7, 0, 0, 0, 0, 0, 46, 15.2, 1, 610, 374, 61.3, 15, 23, 19.8, 25, 14, 3, '2018-03-02 22:50:30'),
(195, 20531, 'https://www.khl.ru/players/20531/', 'https://www.khl.ru/images/teamplayers/6724/20531.jpg', 'Костицын', 'Сергей', 74, 'ТОР', 43, 7, 7, 14, 4, 14, 3, 4, 0, 0, 2, 0, 46, 15.2, 1, 201, 77, 38.3, 14, 25, 22.2, 38, 21, 10, '2018-03-02 22:50:30'),
(196, 15986, 'https://www.khl.ru/players/15986/', 'https://www.khl.ru/images/teamplayers/6740/15986.jpg', 'Телегин', 'Иван', 7, 'ЦСК', 44, 7, 7, 14, 12, 12, 6, 0, 1, 0, 4, 0, 76, 9.2, 2, 94, 43, 45.7, 15, 11, 23, 46, 15, 7, '2018-03-02 22:50:30'),
(197, 9467, 'https://www.khl.ru/players/9467/', 'https://www.khl.ru/images/teamplayers/6712/9467.jpg', 'Кетов', 'Евгений', 40, 'СКА', 47, 7, 7, 14, 4, 26, 6, 0, 1, 0, 2, 0, 75, 9.3, 2, 13, 1, 7.7, 12, 15, 16.2, 42, 25, 8, '2018-03-02 22:50:30'),
(198, 88, 'https://www.khl.ru/players/88/', 'https://www.khl.ru/images/teamplayers/6720/88.jpg', 'Мирнов', 'Игорь', 10, 'СПР', 32, 6, 8, 14, -13, 31, 5, 1, 0, 0, 1, 1, 41, 14.6, 1, 15, 9, 60, 13, 52, 18, 13, 6, 2, '2018-03-02 22:50:30');
INSERT INTO `stat_attacks` (`num`, `id_player`, `profile`, `image`, `last_name`, `first_name`, `number`, `club`, `games`, `pucks`, `pass`, `scores`, `plus_minus`, `penalty`, `pucks_equal`, `pucks_most`, `pucks_min`, `pucks_ot`, `pucks_win`, `bullets_win`, `throw`, `throw_percent`, `throw_games`, `faceoff`, `faceoff_win`, `faceoff_percent`, `time_game_m`, `time_game_s`, `change_game`, `power_recep`, `block_throw`, `fouls_against`, `date_wrte`) VALUES
(199, 15104, 'https://www.khl.ru/players/15104/', 'https://www.khl.ru/images/teamplayers/6736/15104.jpg', 'Лугин', 'Дмитрий', 24, 'ЛОК', 48, 6, 8, 14, -4, 58, 6, 0, 0, 0, 1, 0, 107, 5.6, 2, 127, 67, 52.8, 14, 12, 18.8, 69, 15, 3, '2018-03-02 22:50:30'),
(200, 29056, 'https://www.khl.ru/players/29056/', 'https://www.khl.ru/images/teamplayers/6644/29056.jpg', 'Кинг', 'Дуайт', 74, 'АВТ', 49, 6, 8, 14, 2, 12, 6, 0, 0, 0, 1, 0, 63, 9.5, 1, 41, 16, 39, 12, 49, 17.6, 27, 16, 3, '2018-03-02 22:50:30'),
(201, 22158, 'https://www.khl.ru/players/22158/', 'https://www.khl.ru/images/teamplayers/6732/22158.jpg', 'Петунин', 'Александр', 31, 'ДИН', 27, 5, 9, 14, 7, 8, 5, 0, 0, 0, 0, 0, 36, 13.9, 1, 92, 40, 43.5, 12, 28, 19, 9, 10, 4, '2018-03-02 22:50:30'),
(202, 16271, 'https://www.khl.ru/players/16271/', 'https://www.khl.ru/images/teamplayers/6652/16271.jpg', 'Косов', 'Ярослав', 18, 'ММГ', 38, 5, 9, 14, -7, 8, 2, 3, 0, 0, 1, 0, 55, 9.1, 1, 14, 3, 21.4, 13, 54, 19.3, 13, 13, 15, '2018-03-02 22:50:30'),
(203, 19737, 'https://www.khl.ru/players/19737/', 'https://www.khl.ru/images/teamplayers/6708/19737.jpg', 'Тичар', 'Рок', 34, 'ТОР', 38, 4, 10, 14, -1, 30, 3, 1, 0, 1, 1, 0, 60, 6.7, 2, 383, 193, 50.4, 14, 11, 20.1, 4, 10, 7, '2018-03-02 22:50:30'),
(204, 16252, 'https://www.khl.ru/players/16252/', 'https://www.khl.ru/images/teamplayers/6652/16252.jpg', 'Малыхин', 'Фёдор', 98, 'АКБ', 26, 3, 11, 14, 3, 37, 2, 1, 0, 0, 1, 0, 37, 8.1, 1, 260, 139, 53.5, 13, 35, 18.3, 8, 6, 6, '2018-03-02 22:50:30'),
(205, 6442, 'https://www.khl.ru/players/6442/', 'https://www.khl.ru/images/teamplayers/6724/6442.jpg', 'Краснослободцев', 'Вадим', 33, 'ТОР', 34, 7, 6, 13, 2, 12, 6, 1, 0, 0, 4, 0, 47, 14.9, 1, 71, 18, 25.4, 14, 41, 18.3, 4, 19, 9, '2018-03-02 22:50:30'),
(206, 20592, 'https://www.khl.ru/players/20592/', 'https://www.khl.ru/images/teamplayers/6720/20592.jpg', 'Дергачёв', 'Александр', 18, 'СПР', 36, 7, 6, 13, -8, 12, 4, 3, 0, 0, 2, 0, 50, 14, 1, 407, 181, 44.5, 16, 15, 19.8, 25, 12, 7, '2018-03-02 22:50:30'),
(207, 15348, 'https://www.khl.ru/players/15348/', 'https://www.khl.ru/images/teamplayers/6716/15348.jpg', 'Микуш', 'Юрай', 71, 'СЛВ', 49, 7, 6, 13, -11, 22, 6, 1, 0, 0, 0, 1, 65, 10.8, 1, 279, 133, 47.7, 13, 17, 18.6, 20, 24, 8, '2018-03-02 22:50:30'),
(208, 17887, 'https://www.khl.ru/players/17887/', 'https://www.khl.ru/images/teamplayers/6668/17887.jpg', 'Павлович', 'Александр', 71, 'ДМН', 56, 7, 6, 13, -6, 44, 6, 1, 0, 0, 1, 0, 138, 5.1, 3, 44, 17, 38.6, 17, 16, 20, 37, 26, 10, '2018-03-02 22:50:30'),
(209, 15050, 'https://www.khl.ru/players/15050/', 'https://www.khl.ru/images/teamplayers/6696/15050.jpg', 'Филатов', 'Никита', 21, 'ЛАД', 31, 6, 7, 13, 0, 75, 3, 3, 0, 0, 0, 1, 78, 7.7, 3, 93, 46, 49.5, 17, 35, 22.6, 4, 7, 6, '2018-03-02 22:50:30'),
(210, 19045, 'https://www.khl.ru/players/19045/', 'https://www.khl.ru/images/teamplayers/6660/19045.jpg', 'Михайлис', 'Никита', 10, 'БАР', 33, 6, 7, 13, 3, 8, 6, 0, 0, 0, 1, 0, 57, 10.5, 2, 2, 0, 0, 13, 3, 17, 3, 11, 8, '2018-03-02 22:50:30'),
(211, 23013, 'https://www.khl.ru/players/23013/', 'https://www.khl.ru/images/teamplayers/6740/23013.jpg', 'Скотт', 'Грег', 41, 'ЦСК', 36, 6, 7, 13, 2, 10, 3, 3, 0, 0, 0, 1, 43, 14, 1, 134, 81, 60.4, 11, 43, 18.9, 38, 21, 11, '2018-03-02 22:50:30'),
(212, 12812, 'https://www.khl.ru/players/12812/', 'https://www.khl.ru/images/teamplayers/6680/12812.jpg', 'Поникаровский', 'Алексей', 23, 'КРС', 51, 6, 7, 13, -2, 20, 5, 1, 0, 0, 0, 0, 72, 8.3, 1, 6, 3, 50, 12, 18, 17.4, 52, 24, 10, '2018-03-02 22:50:30'),
(213, 6299, 'https://www.khl.ru/players/6299/', 'https://www.khl.ru/images/teamplayers/6704/6299.jpg', 'Рыбин', 'Максим', 39, 'СЕВ', 54, 6, 7, 13, -6, 71, 6, 0, 0, 0, 0, 0, 90, 6.7, 2, 67, 32, 47.8, 14, 6, 21, 241, 24, 10, '2018-03-02 22:50:30'),
(214, 23292, 'https://www.khl.ru/players/23292/', 'https://www.khl.ru/images/teamplayers/6660/23292.jpg', 'Райт', 'Джеймс', 18, 'БАР', 41, 5, 8, 13, -11, 18, 3, 2, 0, 0, 0, 0, 69, 7.2, 2, 682, 359, 52.6, 18, 25, 21.7, 19, 14, 9, '2018-03-02 22:50:30'),
(215, 19051, 'https://www.khl.ru/players/19051/', 'https://www.khl.ru/images/teamplayers/6676/19051.jpg', 'Иконен', 'Хенри', 48, 'ЙОК', 35, 4, 9, 13, 9, 22, 3, 1, 0, 0, 0, 0, 50, 8, 1, 5, 1, 20, 13, 20, 17.9, 21, 6, 5, '2018-03-02 22:50:30'),
(216, 16386, 'https://www.khl.ru/players/16386/', 'https://www.khl.ru/images/teamplayers/6656/16386.jpg', 'Рассказов', 'Кирилл', 12, 'АМР', 46, 4, 9, 13, 8, 10, 3, 1, 0, 0, 3, 0, 70, 5.7, 2, 618, 306, 49.5, 13, 53, 22.3, 22, 20, 14, '2018-03-02 22:50:30'),
(217, 30189, 'https://www.khl.ru/players/30189/', 'https://www.khl.ru/images/teamplayers/6644/30189.jpg', 'Паренто', 'Пьер-Александр', 81, 'АВТ', 20, 3, 10, 13, 5, 4, 3, 0, 0, 0, 1, 0, 38, 7.9, 2, 8, 3, 37.5, 13, 57, 18.9, 3, 3, 1, '2018-03-02 22:50:30'),
(218, 10769, 'https://www.khl.ru/players/10769/', 'https://www.khl.ru/images/teamplayers/6680/10769.jpg', 'Костицын', 'Андрей', 46, 'КРС', 22, 3, 10, 13, -2, 16, 2, 1, 0, 0, 1, 0, 43, 7, 2, 3, 1, 33.3, 16, 53, 20.5, 40, 12, 1, '2018-03-02 22:50:30'),
(219, 19707, 'https://www.khl.ru/players/19707/', 'https://www.khl.ru/images/teamplayers/6680/19707.jpg', 'Лессио', 'Лукас', 38, 'ДРГ', 42, 8, 4, 12, -7, 34, 7, 1, 0, 1, 2, 0, 103, 7.8, 3, 12, 5, 41.7, 16, 14, 20.8, 24, 11, 4, '2018-03-02 22:50:30'),
(220, 24965, 'https://www.khl.ru/players/24965/', 'https://www.khl.ru/images/teamplayers/6704/24965.jpg', 'Странски', 'Матей', 23, 'СЕВ', 42, 8, 4, 12, -7, 41, 5, 3, 0, 0, 2, 1, 85, 9.4, 2, 31, 12, 38.7, 12, 43, 18.3, 31, 11, 7, '2018-03-02 22:50:30'),
(221, 18764, 'https://www.khl.ru/players/18764/', 'https://www.khl.ru/images/teamplayers/6676/18764.jpg', 'Пильстрём', 'Антти', 41, 'ЙОК', 37, 7, 5, 12, 10, 20, 6, 1, 0, 0, 2, 0, 47, 14.9, 1, 152, 83, 54.6, 15, 5, 20.6, 56, 15, 8, '2018-03-02 22:50:30'),
(222, 14299, 'https://www.khl.ru/players/14299/', 'https://www.khl.ru/images/teamplayers/6692/14299.jpg', 'Казионов', 'Денис', 77, 'ММГ', 46, 7, 5, 12, 2, 40, 7, 0, 0, 0, 2, 0, 78, 9, 2, 5, 0, 0, 12, 6, 17.9, 33, 15, 8, '2018-03-02 22:50:30'),
(223, 16001, 'https://www.khl.ru/players/16001/', 'https://www.khl.ru/images/teamplayers/6656/16001.jpg', 'Потехин', 'Богдан', 92, 'АМР', 48, 7, 5, 12, 4, 24, 5, 1, 1, 0, 0, 0, 104, 6.7, 2, 26, 8, 30.8, 14, 38, 23.3, 43, 4, 10, '2018-03-02 22:50:30'),
(224, 16458, 'https://www.khl.ru/players/16458/', 'https://www.khl.ru/images/teamplayers/6648/16458.jpg', 'Казаков', 'Максим', 10, 'АДМ', 55, 7, 5, 12, -6, 28, 5, 2, 0, 0, 1, 0, 77, 9.1, 1, 8, 1, 12.5, 16, 21, 20.5, 28, 20, 17, '2018-03-02 22:50:30'),
(225, 14936, 'https://www.khl.ru/players/14936/', 'https://www.khl.ru/images/teamplayers/6652/14936.jpg', 'Лукоянов', 'Артём', 89, 'АКБ', 56, 7, 5, 12, 5, 18, 7, 0, 0, 0, 0, 0, 89, 7.9, 2, 26, 9, 34.6, 14, 50, 20.5, 59, 25, 22, '2018-03-02 22:50:30'),
(226, 17687, 'https://www.khl.ru/players/17687/', 'https://www.khl.ru/images/teamplayers/6720/17687.jpg', 'Комаров', 'Виктор', 22, 'СПР', 38, 6, 6, 12, -3, 12, 5, 1, 0, 0, 0, 0, 48, 12.5, 1, 224, 113, 50.4, 12, 35, 16.3, 14, 5, 4, '2018-03-02 22:50:30'),
(227, 13946, 'https://www.khl.ru/players/13946/', 'https://www.khl.ru/images/teamplayers/6700/13946.jpg', 'Макаров', 'Игорь', 82, 'СЮЛ', 50, 6, 6, 12, -7, 52, 5, 1, 0, 0, 1, 0, 80, 7.5, 2, 2, 0, 0, 13, 13, 18.2, 47, 17, 8, '2018-03-02 22:50:30'),
(228, 17652, 'https://www.khl.ru/players/17652/', 'https://www.khl.ru/images/teamplayers/6668/17652.jpg', 'Китаров', 'Александр', 77, 'ДМН', 51, 5, 7, 12, -2, 6, 4, 1, 0, 0, 0, 0, 56, 8.9, 1, 304, 134, 44.1, 14, 22, 17.9, 84, 15, 3, '2018-03-02 22:50:30'),
(229, 16688, 'https://www.khl.ru/players/16688/', 'https://www.khl.ru/images/teamplayers/6640/16688.jpg', 'Файзуллин', 'Данил', 93, 'АВГ', 36, 4, 8, 12, 5, 0, 4, 0, 0, 1, 1, 0, 48, 8.3, 1, 5, 2, 40, 11, 2, 16.4, 26, 13, 13, '2018-03-02 22:50:30'),
(230, 16412, 'https://www.khl.ru/players/16412/', 'https://www.khl.ru/images/teamplayers/6736/16412.jpg', 'Шмелёв', 'Сергей', 93, 'СПР', 46, 4, 8, 12, -1, 8, 2, 2, 0, 0, 0, 0, 58, 6.9, 1, 9, 5, 55.6, 15, 10, 19.7, 10, 11, 7, '2018-03-02 22:50:30'),
(231, 6140, 'https://www.khl.ru/players/6140/', 'https://www.khl.ru/images/teamplayers/6664/6140.jpg', 'Копейкин', 'Алексей', 25, 'ВИТ', 52, 4, 8, 12, -16, 8, 3, 1, 0, 0, 0, 1, 114, 3.5, 2, 4, 3, 75, 14, 42, 20.3, 12, 12, 6, '2018-03-02 22:50:30'),
(232, 15998, 'https://www.khl.ru/players/15998/', 'https://www.khl.ru/images/teamplayers/6696/15998.jpg', 'Куликов', 'Павел', 17, 'НХК', 53, 4, 8, 12, -1, 30, 3, 0, 1, 1, 2, 0, 42, 9.5, 1, 404, 227, 56.2, 12, 11, 17, 44, 25, 9, '2018-03-02 22:50:30'),
(233, 30174, 'https://www.khl.ru/players/30174/', 'https://www.khl.ru/images/teamplayers/6640/30174.jpg', 'Пёрселл', 'Тедди', 16, 'АВГ', 21, 3, 9, 12, 2, 4, 3, 0, 0, 0, 1, 0, 33, 9.1, 2, 8, 4, 50, 17, 29, 22.2, 2, 1, 1, '2018-03-02 22:50:30'),
(234, 26846, 'https://www.khl.ru/players/26846/', 'https://www.khl.ru/images/teamplayers/6716/26846.jpg', 'Гарбатт', 'Райан', 48, 'ТОР', 31, 3, 9, 12, -7, 78, 2, 0, 1, 0, 0, 0, 57, 5.3, 2, 70, 25, 35.7, 13, 13, 19.1, 30, 10, 15, '2018-03-02 22:50:30'),
(235, 24774, 'https://www.khl.ru/players/24774/', 'https://www.khl.ru/images/teamplayers/6716/24774.jpg', 'Грнка', 'Томаш', 80, 'СЛВ', 46, 9, 2, 11, -21, 31, 5, 4, 0, 0, 1, 1, 61, 14.8, 1, 344, 177, 51.5, 14, 30, 21.4, 36, 12, 5, '2018-03-02 22:50:30'),
(236, 15373, 'https://www.khl.ru/players/15373/', 'https://www.khl.ru/images/teamplayers/6740/15373.jpg', 'Плэтт', 'Джефф', 16, 'ЦСК', 28, 8, 3, 11, 9, 2, 6, 2, 0, 0, 0, 0, 58, 13.8, 2, 78, 50, 64.1, 10, 25, 16, 14, 9, 9, '2018-03-02 22:50:30'),
(237, 20192, 'https://www.khl.ru/players/20192/', 'https://www.khl.ru/images/teamplayers/6676/20192.jpg', 'Хухтала', 'Томми', 61, 'ЙОК', 39, 8, 3, 11, 3, 14, 7, 1, 0, 0, 2, 0, 52, 15.4, 1, 13, 6, 46.2, 14, 26, 19.7, 39, 19, 12, '2018-03-02 22:50:30'),
(238, 17572, 'https://www.khl.ru/players/17572/', 'https://www.khl.ru/images/teamplayers/6696/17572.jpg', 'Якимов', 'Богдан', 94, 'НХК', 56, 8, 3, 11, 1, 12, 7, 0, 1, 0, 0, 0, 74, 10.8, 1, 783, 451, 57.6, 14, 46, 21.9, 30, 42, 3, '2018-03-02 22:50:30'),
(239, 19632, 'https://www.khl.ru/players/19632/', 'https://www.khl.ru/images/teamplayers/6716/19632.jpg', 'Бухтеле', 'Ян', 47, 'СЛВ', 41, 6, 5, 11, -10, 26, 3, 3, 0, 0, 0, 0, 70, 8.6, 2, 20, 4, 20, 15, 22, 21, 27, 14, 8, '2018-03-02 22:50:30'),
(240, 25281, 'https://www.khl.ru/players/25281/', 'https://www.khl.ru/images/teamplayers/6656/25281.jpg', 'Пикар', 'Александр', 81, 'АМР', 28, 5, 6, 11, -4, 28, 4, 1, 0, 0, 2, 0, 45, 11.1, 2, 15, 6, 40, 12, 13, 18.7, 55, 6, 5, '2018-03-02 22:50:30'),
(241, 15933, 'https://www.khl.ru/players/15933/', 'https://www.khl.ru/images/teamplayers/6688/15933.jpg', 'Картаев', 'Владислав', 98, 'ЛОК', 31, 5, 6, 11, 2, 37, 5, 0, 0, 0, 3, 0, 68, 7.4, 2, 135, 73, 54.1, 11, 32, 18.6, 18, 8, 6, '2018-03-02 22:50:30'),
(242, 14655, 'https://www.khl.ru/players/14655/', 'https://www.khl.ru/images/teamplayers/6664/14655.jpg', 'Лазарев', 'Антон', 9, 'ВИТ', 38, 5, 6, 11, -3, 10, 5, 0, 0, 0, 1, 0, 51, 9.8, 1, 10, 3, 30, 11, 39, 16.4, 10, 28, 5, '2018-03-02 22:50:30'),
(243, 16009, 'https://www.khl.ru/players/16009/', 'https://www.khl.ru/images/teamplayers/6740/16009.jpg', 'Любимов', 'Роман', 13, 'ЦСК', 40, 5, 6, 11, 9, 26, 4, 1, 0, 0, 0, 0, 76, 6.6, 2, 102, 48, 47.1, 13, 2, 19.6, 27, 15, 6, '2018-03-02 22:50:30'),
(244, 25206, 'https://www.khl.ru/players/25206/', 'https://www.khl.ru/images/teamplayers/6680/25206.jpg', 'Чипчура', 'Кайл', 24, 'КРС', 56, 5, 6, 11, -4, 50, 4, 1, 0, 0, 2, 0, 77, 6.5, 1, 352, 195, 55.4, 13, 30, 19.1, 48, 14, 14, '2018-03-02 22:50:30'),
(245, 16249, 'https://www.khl.ru/players/16249/', 'https://www.khl.ru/images/teamplayers/6712/16249.jpg', 'Торесен', 'Патрик', 41, 'СКА', 15, 4, 7, 11, 6, 6, 3, 1, 0, 0, 0, 0, 28, 14.3, 2, 15, 7, 46.7, 15, 2, 19.4, 18, 2, 1, '2018-03-02 22:50:30'),
(246, 30147, 'https://www.khl.ru/players/30147/', 'https://www.khl.ru/images/teamplayers/6684/30147.jpg', 'Харпер', 'Шейн', 29, 'ЛАД', 36, 4, 7, 11, -15, 13, 3, 1, 0, 0, 1, 0, 52, 7.7, 1, 34, 10, 29.4, 15, 36, 21.2, 38, 9, 4, '2018-03-02 22:50:30'),
(247, 15781, 'https://www.khl.ru/players/15781/', 'https://www.khl.ru/images/teamplayers/6640/15781.jpg', 'Галимов', 'Ансель', 25, 'НХК', 38, 4, 7, 11, 2, 26, 4, 0, 0, 0, 0, 0, 63, 6.3, 2, 17, 4, 23.5, 13, 49, 20.1, 13, 18, 12, '2018-03-02 22:50:30'),
(248, 4100, 'https://www.khl.ru/players/4100/', 'https://www.khl.ru/images/teamplayers/6640/4100.jpg', 'Пережогин', 'Александр', 37, 'АВГ', 41, 4, 7, 11, 3, 47, 4, 0, 0, 0, 0, 0, 68, 5.9, 2, 20, 1, 5, 11, 45, 18, 22, 10, 3, '2018-03-02 22:50:30'),
(249, 24696, 'https://www.khl.ru/players/24696/', 'https://www.khl.ru/images/teamplayers/6676/24696.jpg', 'Ниеми', 'Мика', 22, 'ЙОК', 41, 4, 7, 11, 0, 18, 4, 0, 0, 1, 1, 0, 33, 12.1, 1, 511, 253, 49.5, 13, 30, 19.5, 7, 11, 9, '2018-03-02 22:50:30'),
(250, 14319, 'https://www.khl.ru/players/14319/', 'https://www.khl.ru/images/teamplayers/6700/14319.jpg', 'Коротков', 'Евгений', 91, 'СЮЛ', 46, 4, 7, 11, 6, 66, 4, 0, 0, 0, 1, 0, 15, 26.7, 0, 487, 236, 48.5, 12, 25, 18, 31, 24, 6, '2018-03-02 22:50:30'),
(251, 20217, 'https://www.khl.ru/players/20217/', 'https://www.khl.ru/images/teamplayers/6680/20217.jpg', 'Риссанен', 'Яакко', 82, 'ВИТ', 46, 4, 7, 11, -10, 32, 4, 0, 0, 0, 0, 0, 40, 10, 1, 467, 233, 49.9, 13, 41, 19.8, 12, 18, 4, '2018-03-02 22:50:30'),
(252, 23457, 'https://www.khl.ru/players/23457/', 'https://www.khl.ru/images/teamplayers/6668/23457.jpg', 'Шарангович', 'Егор', 87, 'ДМН', 47, 4, 7, 11, -5, 12, 2, 2, 0, 0, 0, 1, 61, 6.6, 1, 362, 175, 48.3, 12, 38, 15.7, 29, 8, 8, '2018-03-02 22:50:30'),
(253, 19208, 'https://www.khl.ru/players/19208/', 'https://www.khl.ru/images/teamplayers/6732/19208.jpg', 'Марковин', 'Дмитрий', 26, 'ДИН', 37, 3, 8, 11, -1, 25, 3, 0, 0, 0, 0, 0, 30, 10, 1, 17, 8, 47.1, 10, 4, 16.2, 32, 8, 11, '2018-03-02 22:50:30'),
(254, 17846, 'https://www.khl.ru/players/17846/', 'https://www.khl.ru/images/teamplayers/6660/17846.jpg', 'Сагадеев', 'Антон', 89, 'БАР', 49, 3, 8, 11, -3, 34, 3, 0, 0, 0, 0, 0, 40, 7.5, 1, 524, 252, 48.1, 12, 26, 17.2, 23, 29, 6, '2018-03-02 22:50:30'),
(255, 17367, 'https://www.khl.ru/players/17367/', 'https://www.khl.ru/images/teamplayers/6672/17367.jpg', 'Скворцов', 'Гунарс', 13, 'ДРГ', 49, 3, 8, 11, -11, 49, 2, 0, 1, 0, 0, 0, 35, 8.6, 1, 53, 20, 37.7, 14, 7, 20.9, 32, 31, 6, '2018-03-02 22:50:30'),
(256, 21246, 'https://www.khl.ru/players/21246/', 'https://www.khl.ru/images/teamplayers/6696/21246.jpg', 'Хайруллин', 'Марат', 61, 'НХК', 53, 3, 8, 11, 3, 14, 3, 0, 0, 0, 0, 0, 69, 4.3, 1, 22, 6, 27.3, 9, 28, 14.9, 66, 18, 12, '2018-03-02 22:50:30'),
(257, 21258, 'https://www.khl.ru/players/21258/', 'https://www.khl.ru/images/teamplayers/6736/21258.jpg', 'Ларичев', 'Иван', 34, 'СОЧ', 35, 8, 2, 10, 9, 12, 7, 1, 0, 0, 3, 0, 69, 11.6, 2, 12, 3, 25, 14, 32, 20.2, 61, 13, 9, '2018-03-02 22:50:30'),
(258, 20066, 'https://www.khl.ru/players/20066/', 'https://www.khl.ru/images/teamplayers/6732/20066.jpg', 'Комаров', 'Никита', 19, 'ДИН', 36, 8, 2, 10, -5, 54, 6, 1, 1, 0, 2, 0, 42, 19, 1, 116, 50, 43.1, 14, 19, 20.6, 99, 23, 9, '2018-03-02 22:50:30'),
(259, 16696, 'https://www.khl.ru/players/16696/', 'https://www.khl.ru/images/teamplayers/6688/16696.jpg', 'Кадейкин', 'Александр', 78, 'ЛОК', 44, 7, 3, 10, 2, 14, 6, 1, 0, 0, 1, 0, 80, 8.8, 2, 172, 101, 58.7, 13, 5, 20.8, 23, 22, 7, '2018-03-02 22:50:30'),
(260, 19031, 'https://www.khl.ru/players/19031/', 'https://www.khl.ru/images/teamplayers/6728/19031.jpg', 'Пеньковский', 'Артём', 60, 'ТРК', 45, 6, 4, 10, 1, 14, 4, 2, 0, 0, 1, 0, 57, 10.5, 1, 29, 9, 31, 14, 2, 17.3, 52, 14, 8, '2018-03-02 22:50:30'),
(261, 3694, 'https://www.khl.ru/players/3694/', 'https://www.khl.ru/images/teamplayers/6656/3694.jpg', 'Фролов', 'Александр', 24, 'АМР', 47, 6, 4, 10, -5, 35, 4, 2, 0, 1, 1, 0, 70, 8.6, 2, 56, 21, 37.5, 14, 19, 22.3, 33, 21, 2, '2018-03-02 22:50:30'),
(262, 16195, 'https://www.khl.ru/players/16195/', 'https://www.khl.ru/images/teamplayers/6640/16195.jpg', 'Пьянов', 'Валентин', 45, 'АВГ', 22, 5, 5, 10, 8, 12, 5, 0, 0, 0, 1, 0, 41, 12.2, 2, 343, 149, 43.4, 16, 48, 22.6, 6, 6, 4, '2018-03-02 22:50:30'),
(263, 20111, 'https://www.khl.ru/players/20111/', 'https://www.khl.ru/images/teamplayers/6664/20111.jpg', 'Мюттюнен', 'Матиас', 63, 'ВИТ', 31, 5, 5, 10, 2, 12, 3, 1, 1, 0, 1, 0, 55, 9.1, 2, 198, 115, 58.1, 13, 39, 18.4, 19, 10, 4, '2018-03-02 22:50:30'),
(264, 15579, 'https://www.khl.ru/players/15579/', 'https://www.khl.ru/images/teamplayers/6724/15579.jpg', 'Захарчук', 'Иван', 31, 'ТОР', 38, 5, 5, 10, 2, 26, 4, 1, 0, 0, 1, 0, 70, 7.1, 2, 2, 0, 0, 12, 37, 19.8, 26, 11, 9, '2018-03-02 22:50:30'),
(265, 4107, 'https://www.khl.ru/players/4107/', 'https://www.khl.ru/images/teamplayers/6652/4107.jpg', 'Свитов', 'Александр', 15, 'АКБ', 40, 5, 5, 10, -3, 98, 4, 1, 0, 0, 1, 0, 32, 15.6, 1, 432, 239, 55.3, 12, 59, 17.9, 31, 15, 3, '2018-03-02 22:50:30'),
(266, 22050, 'https://www.khl.ru/players/22050/', 'https://www.khl.ru/images/teamplayers/6688/22050.jpg', 'Полунин', 'Александр', 99, 'ЛОК', 40, 4, 6, 10, 5, 12, 4, 0, 0, 0, 0, 0, 59, 6.8, 2, 1, 0, 0, 11, 17, 17.9, 17, 6, 12, '2018-03-02 22:50:30'),
(267, 17558, 'https://www.khl.ru/players/17558/', 'https://www.khl.ru/images/teamplayers/6724/17558.jpg', 'Макаренко', 'Павел', 22, 'ТОР', 42, 4, 6, 10, -8, 6, 3, 1, 0, 0, 1, 0, 49, 8.2, 1, 436, 174, 39.9, 12, 57, 17.1, 57, 17, 7, '2018-03-02 22:50:30'),
(268, 13726, 'https://www.khl.ru/players/13726/', 'https://www.khl.ru/images/teamplayers/6664/13726.jpg', 'Выглазов', 'Никита', 21, 'ВИТ', 53, 4, 6, 10, -2, 18, 2, 2, 0, 0, 0, 1, 101, 4, 2, 6, 2, 33.3, 15, 27, 22.1, 39, 81, 11, '2018-03-02 22:50:30'),
(269, 4416, 'https://www.khl.ru/players/4416/', 'https://www.khl.ru/images/teamplayers/6652/4416.jpg', 'Зарипов', 'Данис', 25, 'АКБ', 13, 3, 7, 10, -2, 4, 2, 1, 0, 0, 2, 0, 21, 14.3, 2, 3, 0, 0, 15, 42, 19.7, 4, 3, 1, '2018-03-02 22:50:30'),
(270, 14695, 'https://www.khl.ru/players/14695/', 'https://www.khl.ru/images/teamplayers/6700/14695.jpg', 'Майоров', 'Максим', 16, 'СЮЛ', 52, 3, 7, 10, 8, 0, 2, 0, 1, 0, 1, 0, 42, 7.1, 1, 18, 7, 38.9, 12, 49, 18.2, 35, 24, 14, '2018-03-02 22:50:30'),
(271, 20310, 'https://www.khl.ru/players/20310/', 'https://www.khl.ru/images/teamplayers/6688/20310.jpg', 'Красковский', 'Павел', 63, 'ЛОК', 53, 3, 7, 10, -3, 30, 2, 1, 0, 0, 3, 0, 77, 3.9, 2, 589, 274, 46.5, 13, 56, 22.4, 29, 35, 15, '2018-03-02 22:50:30'),
(272, 22144, 'https://www.khl.ru/players/22144/', 'https://www.khl.ru/images/teamplayers/6696/22144.jpg', 'Еглич', 'Жига', 8, 'ТОР', 41, 2, 8, 10, 0, 8, 2, 0, 0, 0, 0, 0, 57, 3.5, 1, 252, 126, 50, 15, 2, 21.6, 9, 20, 6, '2018-03-02 22:50:30'),
(273, 20380, 'https://www.khl.ru/players/20380/', 'https://www.khl.ru/images/teamplayers/6652/20380.jpg', 'Язьков', 'Никита', 11, 'АКБ', 37, 8, 1, 9, 1, 10, 8, 0, 0, 0, 2, 0, 42, 19, 1, 1, 0, 0, 12, 3, 16.4, 16, 9, 10, '2018-03-02 22:50:30'),
(274, 14896, 'https://www.khl.ru/players/14896/', 'https://www.khl.ru/images/teamplayers/6720/14896.jpg', 'Трунёв', 'Максим', 8, 'СПР', 35, 7, 2, 9, -8, 32, 6, 1, 0, 0, 0, 2, 60, 11.7, 2, 2, 0, 0, 13, 8, 17.2, 37, 8, 12, '2018-03-02 22:50:30'),
(275, 14164, 'https://www.khl.ru/players/14164/', 'https://www.khl.ru/images/teamplayers/6704/14164.jpg', 'Карлин', 'Руслан', 24, 'СЕВ', 50, 7, 2, 9, -9, 65, 6, 1, 0, 1, 2, 0, 75, 9.3, 2, 560, 295, 52.7, 13, 29, 20, 70, 20, 12, '2018-03-02 22:50:30'),
(276, 14826, 'https://www.khl.ru/players/14826/', 'https://www.khl.ru/images/teamplayers/6700/14826.jpg', 'Солодухин', 'Вячеслав', 17, 'СЮЛ', 41, 6, 3, 9, 6, 12, 5, 1, 0, 0, 3, 0, 43, 14, 1, 8, 0, 0, 12, 20, 18.2, 22, 40, 15, '2018-03-02 22:50:30'),
(277, 6486, 'https://www.khl.ru/players/6486/', 'https://www.khl.ru/images/teamplayers/6736/6486.jpg', 'Иванов', 'Андрей', 78, 'СОЧ', 48, 6, 3, 9, 2, 49, 4, 2, 0, 0, 1, 0, 54, 11.1, 1, 431, 174, 40.4, 13, 26, 18.5, 9, 23, 5, '2018-03-02 22:50:30'),
(278, 18818, 'https://www.khl.ru/players/18818/', 'https://www.khl.ru/images/teamplayers/6640/18818.jpg', 'Щегольков', 'Вадим', 17, 'АВГ', 32, 5, 4, 9, -1, 12, 4, 1, 0, 0, 0, 1, 63, 7.9, 2, 9, 4, 44.4, 12, 3, 16.9, 13, 14, 3, '2018-03-02 22:50:30'),
(279, 16381, 'https://www.khl.ru/players/16381/', 'https://www.khl.ru/images/teamplayers/6684/16381.jpg', 'Новотны', 'Иржи', 12, 'ЛАД', 33, 4, 5, 9, -12, 24, 2, 2, 0, 0, 0, 0, 33, 12.1, 1, 564, 325, 57.6, 17, 42, 23.2, 45, 28, 4, '2018-03-02 22:50:30'),
(280, 19535, 'https://www.khl.ru/players/19535/', 'https://www.khl.ru/images/teamplayers/6732/19535.jpg', 'Игумнов', 'Иван', 56, 'ДИН', 36, 4, 5, 9, 1, 4, 4, 0, 0, 0, 0, 1, 33, 12.1, 1, 312, 151, 48.4, 14, 43, 21.8, 39, 20, 8, '2018-03-02 22:50:30'),
(281, 14258, 'https://www.khl.ru/players/14258/', 'https://www.khl.ru/images/teamplayers/6660/14258.jpg', 'Маркелов', 'Владимир', 53, 'БАР', 47, 4, 5, 9, -4, 10, 4, 0, 0, 0, 0, 0, 50, 8, 1, 40, 9, 22.5, 12, 1, 16.6, 13, 47, 12, '2018-03-02 22:50:30'),
(282, 17364, 'https://www.khl.ru/players/17364/', 'https://www.khl.ru/images/teamplayers/6664/17364.jpg', 'Петраков', 'Иван', 43, 'ВИТ', 18, 3, 6, 9, 3, 10, 3, 0, 0, 0, 2, 0, 17, 17.6, 1, 122, 50, 41, 9, 25, 15.4, 5, 1, 8, '2018-03-02 22:50:30'),
(283, 17354, 'https://www.khl.ru/players/17354/', 'https://www.khl.ru/images/teamplayers/6648/17354.jpg', 'Воронин', 'Кирилл', 41, 'АДМ', 31, 3, 6, 9, 1, 22, 2, 1, 0, 0, 2, 0, 55, 5.5, 2, 6, 3, 50, 11, 44, 16, 21, 6, 4, '2018-03-02 22:50:30'),
(284, 15967, 'https://www.khl.ru/players/15967/', 'https://www.khl.ru/images/teamplayers/6640/15967.jpg', 'Фисенко', 'Михаил', 11, 'АВГ', 39, 3, 6, 9, -1, 30, 3, 0, 0, 0, 1, 0, 44, 6.8, 1, 471, 229, 48.6, 13, 28, 19.1, 59, 14, 9, '2018-03-02 22:50:30'),
(285, 3523, 'https://www.khl.ru/players/3523/', 'https://www.khl.ru/images/teamplayers/6732/3523.jpg', 'Терещенко', 'Алексей', 27, 'ДИН', 27, 2, 7, 9, 4, 22, 1, 1, 0, 1, 2, 0, 34, 5.9, 1, 473, 227, 48, 17, 57, 25.1, 14, 18, 8, '2018-03-02 22:50:30'),
(286, 13679, 'https://www.khl.ru/players/13679/', 'https://www.khl.ru/images/teamplayers/6724/13679.jpg', 'Жуков', 'Михаил', 15, 'ТОР', 38, 2, 7, 9, 2, 16, 2, 0, 0, 0, 0, 0, 70, 2.9, 2, 25, 12, 48, 13, 26, 20.7, 6, 7, 4, '2018-03-02 22:50:30'),
(287, 22017, 'https://www.khl.ru/players/22017/', 'https://www.khl.ru/images/teamplayers/6724/22017.jpg', 'Ураков', 'Кирилл', 83, 'ТОР', 43, 2, 7, 9, 7, 13, 2, 0, 0, 0, 1, 0, 47, 4.3, 1, 22, 10, 45.5, 10, 23, 16.2, 38, 13, 6, '2018-03-02 22:50:30'),
(288, 14557, 'https://www.khl.ru/players/14557/', 'https://www.khl.ru/images/teamplayers/6656/14557.jpg', 'Клопов', 'Дмитрий', 8, 'АМР', 43, 2, 7, 9, -12, 22, 2, 0, 0, 0, 2, 0, 41, 4.9, 1, 332, 148, 44.6, 11, 51, 19.4, 36, 7, 5, '2018-03-02 22:50:30'),
(289, 15247, 'https://www.khl.ru/players/15247/', 'https://www.khl.ru/images/teamplayers/6640/15247.jpg', 'Стась', 'Андрей', 23, 'АВГ', 52, 1, 8, 9, 3, 16, 1, 0, 0, 0, 0, 0, 79, 1.3, 2, 775, 450, 58.1, 14, 12, 21.1, 18, 28, 6, '2018-03-02 22:50:30'),
(290, 15255, 'https://www.khl.ru/players/15255/', 'https://www.khl.ru/images/teamplayers/6672/15255.jpg', 'Мейя', 'Гинтс', 87, 'ДРГ', 47, 0, 9, 9, -17, 22, 0, 0, 0, 0, 0, 0, 63, 0, 1, 302, 126, 41.7, 15, 37, 22.2, 84, 33, 15, '2018-03-02 22:50:30'),
(291, 15103, 'https://www.khl.ru/players/15103/', 'https://www.khl.ru/images/teamplayers/6704/15103.jpg', 'Яшин', 'Олег', 19, 'СЕВ', 32, 6, 2, 8, -8, 30, 3, 3, 0, 0, 2, 0, 45, 13.3, 1, 355, 155, 43.7, 14, 14, 20.2, 31, 7, 1, '2018-03-02 22:50:30'),
(292, 16405, 'https://www.khl.ru/players/16405/', 'https://www.khl.ru/images/teamplayers/6708/16405.jpg', 'Левицкий', 'Игорь', 80, 'СИБ', 28, 5, 3, 8, -10, 13, 3, 2, 0, 0, 0, 1, 43, 11.6, 2, 0, 0, 0, 13, 8, 19.4, 23, 7, 7, '2018-03-02 22:50:30'),
(293, 17826, 'https://www.khl.ru/players/17826/', 'https://www.khl.ru/images/teamplayers/6672/17826.jpg', 'Евпалов', 'Никита', 89, 'ДРГ', 46, 5, 3, 8, -8, 24, 4, 1, 0, 0, 0, 0, 62, 8.1, 1, 414, 205, 49.5, 14, 42, 20.8, 35, 20, 9, '2018-03-02 22:50:30'),
(294, 14503, 'https://www.khl.ru/players/14503/', 'https://www.khl.ru/images/teamplayers/6708/14503.jpg', 'Первушин', 'Владимир', 50, 'СИБ', 52, 5, 3, 8, -4, 18, 5, 0, 0, 0, 2, 0, 40, 12.5, 1, 18, 4, 22.2, 12, 22, 19.9, 86, 83, 5, '2018-03-02 22:50:30'),
(295, 18993, 'https://www.khl.ru/players/18993/', 'https://www.khl.ru/images/teamplayers/6728/18993.jpg', 'Шаров', 'Александр', 42, 'ТРК', 53, 5, 3, 8, -4, 35, 3, 2, 0, 0, 2, 0, 75, 6.7, 1, 396, 205, 51.8, 13, 59, 18, 54, 27, 9, '2018-03-02 22:50:30'),
(296, 16457, 'https://www.khl.ru/players/16457/', 'https://www.khl.ru/images/teamplayers/6648/16457.jpg', 'Махановский', 'Павел', 11, 'АДМ', 45, 4, 4, 8, -2, 40, 3, 1, 0, 0, 0, 0, 43, 9.3, 1, 406, 156, 38.4, 12, 11, 15.8, 41, 15, 5, '2018-03-02 22:50:30'),
(297, 14476, 'https://www.khl.ru/players/14476/', 'https://www.khl.ru/images/teamplayers/6744/14476.jpg', 'Майоров', 'Константин', 51, 'ЮГР', 52, 4, 4, 8, -18, 42, 4, 0, 0, 0, 0, 0, 56, 7.1, 1, 705, 321, 45.5, 14, 5, 21.2, 36, 37, 3, '2018-03-02 22:50:30'),
(298, 17788, 'https://www.khl.ru/players/17788/', 'https://www.khl.ru/images/teamplayers/6648/17788.jpg', 'Вихарев', 'Денис', 21, 'АДМ', 11, 3, 5, 8, 0, 2, 1, 2, 0, 0, 0, 0, 19, 15.8, 2, 105, 44, 41.9, 17, 42, 23.8, 1, 6, 1, '2018-03-02 22:50:30'),
(299, 14763, 'https://www.khl.ru/players/14763/', 'https://www.khl.ru/images/teamplayers/6740/14763.jpg', 'Андронов', 'Сергей', 11, 'ЦСК', 41, 3, 5, 8, 5, 53, 3, 0, 0, 0, 1, 0, 58, 5.2, 1, 628, 385, 61.3, 14, 28, 22.9, 43, 35, 7, '2018-03-02 22:50:30'),
(300, 20215, 'https://www.khl.ru/players/20215/', 'https://www.khl.ru/images/teamplayers/6732/20215.jpg', 'Салминен', 'Сакари', 53, 'ДИН', 18, 2, 6, 8, 3, 12, 0, 2, 0, 0, 0, 0, 31, 6.5, 2, 1, 0, 0, 15, 5, 21.6, 6, 5, 0, '2018-03-02 22:50:30'),
(301, 23880, 'https://www.khl.ru/players/23880/', 'https://www.khl.ru/images/teamplayers/6716/23880.jpg', 'Скалицки', 'Павол', 28, 'СЛВ', 56, 2, 6, 8, -16, 78, 2, 0, 0, 0, 0, 0, 62, 3.2, 1, 110, 35, 31.8, 13, 12, 20.4, 78, 38, 14, '2018-03-02 22:50:30'),
(302, 21886, 'https://www.khl.ru/players/21886/', 'https://www.khl.ru/images/teamplayers/6688/21886.jpg', 'Алексеев', 'Денис', 91, 'ЛОК', 33, 4, 3, 7, 0, 6, 4, 0, 0, 0, 1, 0, 22, 18.2, 1, 152, 75, 49.3, 9, 44, 15.3, 4, 5, 5, '2018-03-02 22:50:30'),
(303, 24801, 'https://www.khl.ru/players/24801/', 'https://www.khl.ru/images/teamplayers/6728/24801.jpg', 'Кравцов', 'Виталий', 74, 'ТРК', 35, 4, 3, 7, 3, 6, 4, 0, 0, 0, 1, 1, 35, 11.4, 1, 1, 0, 0, 9, 19, 12.5, 13, 19, 8, '2018-03-02 22:50:30'),
(304, 15975, 'https://www.khl.ru/players/15975/', 'https://www.khl.ru/images/teamplayers/6696/15975.jpg', 'Здунов', 'Павел', 95, 'НХК', 45, 4, 3, 7, -3, 10, 4, 0, 0, 0, 0, 0, 62, 6.5, 1, 18, 1, 5.6, 14, 39, 20.5, 43, 41, 20, '2018-03-02 22:50:30'),
(305, 17708, 'https://www.khl.ru/players/17708/', 'https://www.khl.ru/images/teamplayers/6744/17708.jpg', 'Ильин', 'Даниил', 58, 'ЮГР', 27, 3, 4, 7, -3, 21, 3, 0, 0, 0, 0, 0, 29, 10.3, 1, 279, 132, 47.3, 11, 28, 18.2, 7, 11, 9, '2018-03-02 22:50:30'),
(306, 18763, 'https://www.khl.ru/players/18763/', 'https://www.khl.ru/images/teamplayers/6664/18763.jpg', 'Кулагин', 'Александр', 8, 'ВИТ', 29, 3, 4, 7, -3, 4, 3, 0, 0, 0, 0, 0, 49, 6.1, 2, 4, 0, 0, 10, 48, 17.1, 22, 11, 8, '2018-03-02 22:50:30'),
(307, 13226, 'https://www.khl.ru/players/13226/', 'https://www.khl.ru/images/teamplayers/6728/13226.jpg', 'Черников', 'Александр', 22, 'ТРК', 34, 3, 4, 7, 2, 6, 3, 0, 0, 0, 1, 0, 39, 7.7, 1, 6, 4, 66.7, 12, 34, 17.8, 14, 19, 19, '2018-03-02 22:50:30'),
(308, 19258, 'https://www.khl.ru/players/19258/', 'https://www.khl.ru/images/teamplayers/6696/19258.jpg', 'Порядин', 'Павел', 24, 'НХК', 35, 3, 4, 7, -6, 12, 3, 0, 0, 0, 1, 0, 52, 5.8, 2, 6, 2, 33.3, 10, 56, 16.3, 38, 7, 8, '2018-03-02 22:50:30'),
(309, 20652, 'https://www.khl.ru/players/20652/', 'https://www.khl.ru/images/teamplayers/6648/20652.jpg', 'Яковлев', 'Егор', 29, 'АДМ', 34, 2, 5, 7, -1, 22, 2, 0, 0, 0, 1, 0, 28, 7.1, 1, 302, 125, 41.4, 13, 3, 19.3, 27, 15, 4, '2018-03-02 22:50:30'),
(310, 16890, 'https://www.khl.ru/players/16890/', 'https://www.khl.ru/images/teamplayers/6692/16890.jpg', 'Шенфельд', 'Антон', 12, 'ММГ', 37, 2, 5, 7, -4, 4, 2, 0, 0, 0, 0, 0, 43, 4.7, 1, 0, 0, 0, 11, 42, 16.5, 14, 10, 13, '2018-03-02 22:50:30'),
(311, 5936, 'https://www.khl.ru/players/5936/', 'https://www.khl.ru/images/teamplayers/6732/5936.jpg', 'Артюхин', 'Евгений', 44, 'ДИН', 42, 2, 5, 7, -3, 60, 2, 0, 0, 0, 0, 0, 41, 4.9, 1, 8, 3, 37.5, 11, 43, 17.6, 114, 21, 6, '2018-03-02 22:50:30'),
(312, 4680, 'https://www.khl.ru/players/4680/', 'https://www.khl.ru/images/teamplayers/6692/4680.jpg', 'Платонов', 'Денис', 39, 'ММГ', 46, 2, 5, 7, -6, 20, 2, 0, 0, 0, 0, 0, 57, 3.5, 1, 0, 0, 0, 11, 24, 17.9, 14, 25, 3, '2018-03-02 22:50:30'),
(313, 86, 'https://www.khl.ru/players/86/', 'https://www.khl.ru/images/teamplayers/6732/86.jpg', 'Казионов', 'Дмитрий', 67, 'ДИН', 47, 2, 5, 7, -8, 40, 2, 0, 0, 0, 0, 0, 48, 4.2, 1, 659, 325, 49.3, 14, 30, 21.9, 32, 25, 1, '2018-03-02 22:50:30'),
(314, 23184, 'https://www.khl.ru/players/23184/', 'https://www.khl.ru/images/teamplayers/6704/23184.jpg', 'Гераськин', 'Игорь', 89, 'СЕВ', 20, 1, 6, 7, 2, 4, 1, 0, 0, 0, 0, 0, 25, 4, 1, 18, 6, 33.3, 10, 51, 15.4, 15, 8, 6, '2018-03-02 22:50:30'),
(315, 99, 'https://www.khl.ru/players/99/', 'https://www.khl.ru/images/teamplayers/6744/99.jpg', 'Скачков', 'Евгений', 82, 'ЮГР', 28, 1, 6, 7, -12, 24, 1, 0, 0, 0, 0, 0, 69, 1.4, 3, 89, 49, 55.1, 16, 9, 22.2, 22, 15, 11, '2018-03-02 22:50:30'),
(316, 3907, 'https://www.khl.ru/players/3907/', 'https://www.khl.ru/images/teamplayers/6644/3907.jpg', 'Симаков', 'Алексей', 14, 'АВТ', 22, 0, 7, 7, -3, 10, 0, 0, 0, 0, 0, 0, 20, 0, 1, 9, 1, 11.1, 13, 11, 18.6, 4, 9, 5, '2018-03-02 22:50:30'),
(317, 18426, 'https://www.khl.ru/players/18426/', 'https://www.khl.ru/images/teamplayers/6692/18426.jpg', 'Калетник', 'Владислав', 13, 'ММГ', 54, 5, 1, 6, -9, 33, 4, 0, 1, 0, 0, 0, 52, 9.6, 1, 291, 138, 47.4, 10, 15, 16.3, 37, 23, 6, '2018-03-02 22:50:30'),
(318, 14430, 'https://www.khl.ru/players/14430/', 'https://www.khl.ru/images/teamplayers/6652/14430.jpg', 'Попов', 'Андрей', 9, 'АКБ', 18, 4, 2, 6, 2, 4, 4, 0, 0, 0, 1, 0, 32, 12.5, 2, 117, 44, 37.6, 12, 35, 18.9, 10, 11, 1, '2018-03-02 22:50:30'),
(319, 26898, 'https://www.khl.ru/players/26898/', 'https://www.khl.ru/images/teamplayers/6708/26898.jpg', 'Энеруд', 'Симон', 29, 'СИБ', 20, 4, 2, 6, -9, 4, 3, 1, 0, 0, 1, 0, 56, 7.1, 3, 11, 3, 27.3, 15, 51, 21.4, 12, 4, 6, '2018-03-02 22:50:30'),
(320, 14704, 'https://www.khl.ru/players/14704/', 'https://www.khl.ru/images/teamplayers/6704/14704.jpg', 'Щербина', 'Александр', 77, 'СЕВ', 39, 4, 2, 6, 0, 29, 4, 0, 0, 0, 1, 0, 49, 8.2, 1, 143, 50, 35, 9, 45, 15.2, 22, 11, 3, '2018-03-02 22:50:30'),
(321, 304, 'https://www.khl.ru/players/304/', 'https://www.khl.ru/images/teamplayers/6684/304.jpg', 'Нестеров', 'Александр', 15, 'ЛАД', 41, 4, 2, 6, -6, 30, 4, 0, 0, 0, 2, 0, 40, 10, 1, 8, 0, 0, 13, 28, 20, 58, 26, 13, '2018-03-02 22:50:30'),
(322, 119, 'https://www.khl.ru/players/119/', 'https://www.khl.ru/images/teamplayers/6672/119.jpg', 'Жердев', 'Николай', 52, 'НХК', 20, 3, 3, 6, -7, 10, 2, 1, 0, 1, 1, 0, 30, 10, 2, 1, 0, 0, 13, 45, 17.3, 13, 10, 2, '2018-03-02 22:50:30'),
(323, 17362, 'https://www.khl.ru/players/17362/', 'https://www.khl.ru/images/teamplayers/6736/17362.jpg', 'Хлопотов', 'Вадим', 14, 'СОЧ', 31, 3, 3, 6, -4, 10, 3, 0, 0, 0, 0, 1, 32, 9.4, 1, 130, 45, 34.6, 12, 46, 18.6, 47, 14, 2, '2018-03-02 22:50:30'),
(324, 15262, 'https://www.khl.ru/players/15262/', 'https://www.khl.ru/images/teamplayers/6668/15262.jpg', 'Кулаков', 'Александр', 11, 'ДМН', 35, 3, 3, 6, -5, 8, 1, 2, 0, 0, 1, 0, 41, 7.3, 1, 146, 76, 52.1, 13, 1, 16, 4, 8, 3, '2018-03-02 22:50:30'),
(325, 16121, 'https://www.khl.ru/players/16121/', 'https://www.khl.ru/images/teamplayers/6684/16121.jpg', 'Стрельцов', 'Александр', 23, 'ЛАД', 49, 3, 3, 6, -6, 18, 3, 0, 0, 0, 2, 0, 42, 7.1, 1, 41, 10, 24.4, 10, 36, 15.4, 48, 19, 6, '2018-03-02 22:50:30'),
(326, 19294, 'https://www.khl.ru/players/19294/', 'https://www.khl.ru/images/teamplayers/6696/19294.jpg', 'Аркалов', 'Илья', 7, 'НХК', 50, 3, 3, 6, -2, 38, 3, 0, 0, 0, 0, 0, 52, 5.8, 1, 64, 36, 56.2, 7, 38, 12.1, 32, 6, 5, '2018-03-02 22:50:30'),
(327, 15114, 'https://www.khl.ru/players/15114/', 'https://www.khl.ru/images/teamplayers/6724/15114.jpg', 'Грачёв', 'Евгений', 87, 'ТОР', 53, 3, 3, 6, -6, 18, 3, 0, 0, 0, 0, 0, 60, 5, 1, 327, 159, 48.6, 13, 33, 20.5, 45, 24, 3, '2018-03-02 22:50:30'),
(328, 15322, 'https://www.khl.ru/players/15322/', 'https://www.khl.ru/images/teamplayers/6652/15322.jpg', 'Бурмистров', 'Александр', 69, 'АКБ', 10, 2, 4, 6, 0, 12, 2, 0, 0, 0, 1, 0, 18, 11.1, 2, 54, 32, 59.3, 15, 25, 19.1, 5, 3, 0, '2018-03-02 22:50:30'),
(329, 18239, 'https://www.khl.ru/players/18239/', 'https://www.khl.ru/images/teamplayers/6664/18239.jpg', 'Манкинен', 'Ессе', 13, 'ВИТ', 16, 2, 4, 6, -2, 2, 2, 0, 0, 0, 0, 0, 30, 6.7, 2, 4, 1, 25, 13, 36, 19.1, 6, 7, 2, '2018-03-02 22:50:30'),
(330, 17683, 'https://www.khl.ru/players/17683/', 'https://www.khl.ru/images/teamplayers/6744/17683.jpg', 'Полак', 'Войтех', 63, 'ЮГР', 18, 2, 4, 6, -6, 4, 2, 0, 0, 0, 0, 1, 37, 5.4, 2, 129, 48, 37.2, 15, 42, 20.5, 6, 9, 0, '2018-03-02 22:50:30'),
(331, 19020, 'https://www.khl.ru/players/19020/', 'https://www.khl.ru/images/teamplayers/6744/19020.jpg', 'Михеев', 'Артём', 47, 'ЮГР', 30, 2, 4, 6, -3, 14, 1, 1, 0, 0, 0, 0, 26, 7.7, 1, 201, 92, 45.8, 14, 52, 20.4, 8, 27, 14, '2018-03-02 22:50:30'),
(332, 14285, 'https://www.khl.ru/players/14285/', 'https://www.khl.ru/images/teamplayers/6704/14285.jpg', 'Угаров', 'Алексей', 18, 'СЕВ', 32, 2, 4, 6, 0, 12, 1, 0, 1, 0, 0, 0, 32, 6.2, 1, 9, 2, 22.2, 13, 22, 19.4, 15, 27, 3, '2018-03-02 22:50:30'),
(333, 14478, 'https://www.khl.ru/players/14478/', 'https://www.khl.ru/images/teamplayers/6708/14478.jpg', 'Бодров', 'Евгений', 30, 'СИБ', 41, 2, 4, 6, -3, 16, 2, 0, 0, 0, 0, 0, 32, 6.2, 1, 488, 243, 49.8, 14, 8, 20.2, 53, 22, 8, '2018-03-02 22:50:30'),
(334, 15622, 'https://www.khl.ru/players/15622/', 'https://www.khl.ru/images/teamplayers/6668/15622.jpg', 'Дрозд', 'Сергей', 13, 'ДМН', 45, 2, 4, 6, 7, 14, 2, 0, 0, 0, 0, 0, 34, 5.9, 1, 30, 11, 36.7, 10, 52, 14.3, 18, 20, 6, '2018-03-02 22:50:30'),
(335, 27992, 'https://www.khl.ru/players/27992/', 'https://www.khl.ru/images/teamplayers/6680/27992.jpg', 'Локхарт', 'Лукас', 20, 'КРС', 56, 2, 4, 6, 3, 6, 2, 0, 0, 0, 0, 0, 43, 4.7, 1, 552, 331, 60, 11, 5, 15.8, 46, 50, 8, '2018-03-02 22:50:30'),
(336, 16545, 'https://www.khl.ru/players/16545/', 'https://www.khl.ru/images/teamplayers/6672/16545.jpg', 'Бичевскис', 'Марис', 96, 'ДРГ', 54, 1, 5, 6, -14, 26, 1, 0, 0, 0, 0, 0, 59, 1.7, 1, 549, 244, 44.4, 14, 10, 20.4, 38, 24, 18, '2018-03-02 22:50:30'),
(337, 25809, 'https://www.khl.ru/players/25809/', 'https://www.khl.ru/images/teamplayers/6672/25809.jpg', 'Гальярди', 'Терри', 17, 'ДРГ', 11, 0, 6, 6, -4, 8, 0, 0, 0, 0, 0, 0, 27, 0, 3, 147, 71, 48.3, 18, 54, 22.5, 3, 4, 4, '2018-03-02 22:50:30'),
(338, 22354, 'https://www.khl.ru/players/22354/', 'https://www.khl.ru/images/teamplayers/6676/22354.jpg', 'Мозес', 'Стив', 11, 'ЙОК', 13, 4, 1, 5, -1, 4, 3, 1, 0, 0, 1, 1, 24, 16.7, 2, 2, 0, 0, 16, 43, 19.8, 1, 4, 2, '2018-03-02 22:50:30'),
(339, 595, 'https://www.khl.ru/players/595/', 'https://www.khl.ru/images/teamplayers/6700/595.jpg', 'Юньков', 'Михаил', 86, 'СЮЛ', 26, 4, 1, 5, 1, 4, 4, 0, 0, 0, 1, 0, 21, 19, 1, 265, 144, 54.3, 13, 26, 18.5, 24, 16, 2, '2018-03-02 22:50:30'),
(340, 406, 'https://www.khl.ru/players/406/', 'https://www.khl.ru/images/teamplayers/6720/406.jpg', 'Черных', 'Дмитрий', 13, 'СПР', 29, 4, 1, 5, -2, 4, 3, 1, 0, 0, 0, 0, 34, 11.8, 1, 180, 98, 54.4, 11, 9, 16, 16, 2, 2, '2018-03-02 22:50:30'),
(341, 17829, 'https://www.khl.ru/players/17829/', 'https://www.khl.ru/images/teamplayers/6736/17829.jpg', 'Гребенщиков', 'Святослав', 47, 'СОЧ', 33, 4, 1, 5, -4, 14, 3, 1, 0, 0, 1, 0, 52, 7.7, 2, 8, 4, 50, 10, 24, 15.4, 23, 10, 5, '2018-03-02 22:50:30'),
(342, 14671, 'https://www.khl.ru/players/14671/', 'https://www.khl.ru/images/teamplayers/6704/14671.jpg', 'Мерескин', 'Александр', 16, 'СЕВ', 20, 3, 2, 5, 1, 6, 3, 0, 0, 0, 0, 0, 23, 13, 1, 167, 80, 47.9, 10, 33, 16.6, 6, 12, 4, '2018-03-02 22:50:30'),
(343, 15953, 'https://www.khl.ru/players/15953/', 'https://www.khl.ru/images/teamplayers/6664/15953.jpg', 'Панков', 'Александр', 74, 'ВИТ', 25, 3, 2, 5, -1, 11, 3, 0, 0, 0, 0, 0, 51, 5.9, 2, 6, 3, 50, 10, 53, 16.6, 12, 5, 7, '2018-03-02 22:50:30'),
(344, 21163, 'https://www.khl.ru/players/21163/', 'https://www.khl.ru/images/teamplayers/6672/21163.jpg', 'Разгалс', 'Френкс', 41, 'ДРГ', 27, 3, 2, 5, -5, 4, 2, 1, 0, 0, 0, 0, 29, 10.3, 1, 11, 2, 18.2, 9, 21, 14.9, 8, 8, 4, '2018-03-02 22:50:30'),
(345, 21310, 'https://www.khl.ru/players/21310/', 'https://www.khl.ru/images/teamplayers/6644/21310.jpg', 'Обидин', 'Андрей', 58, 'АВТ', 28, 3, 2, 5, -4, 6, 3, 0, 0, 0, 0, 0, 27, 11.1, 1, 68, 25, 36.8, 10, 4, 14.5, 13, 6, 2, '2018-03-02 22:50:30'),
(346, 4481, 'https://www.khl.ru/players/4481/', 'https://www.khl.ru/images/teamplayers/6692/4481.jpg', 'Григоренко', 'Игорь', 27, 'ММГ', 19, 2, 3, 5, -6, 6, 2, 0, 0, 0, 0, 0, 20, 10, 1, 85, 46, 54.1, 13, 1, 17.9, 9, 8, 4, '2018-03-02 22:50:30'),
(347, 15593, 'https://www.khl.ru/players/15593/', 'https://www.khl.ru/images/teamplayers/6736/15593.jpg', 'Томилин', 'Артём', 16, 'СОЧ', 24, 2, 3, 5, 0, 0, 2, 0, 0, 0, 2, 0, 31, 6.5, 1, 71, 32, 45.1, 11, 19, 16.4, 22, 12, 5, '2018-03-02 22:50:30'),
(348, 9859, 'https://www.khl.ru/players/9859/', 'https://www.khl.ru/images/teamplayers/6644/9859.jpg', 'Пестунов', 'Дмитрий', 23, 'АВТ', 29, 2, 3, 5, 2, 12, 2, 0, 0, 0, 0, 0, 22, 9.1, 1, 306, 136, 44.4, 12, 38, 17.8, 1, 13, 0, '2018-03-02 22:50:30'),
(349, 13859, 'https://www.khl.ru/players/13859/', 'https://www.khl.ru/images/teamplayers/6728/13859.jpg', 'Кокуёв', 'Семён', 45, 'ТРК', 36, 2, 3, 5, -3, 16, 2, 0, 0, 0, 1, 0, 40, 5, 1, 2, 0, 0, 13, 29, 19.2, 38, 11, 6, '2018-03-02 22:50:30'),
(350, 17819, 'https://www.khl.ru/players/17819/', 'https://www.khl.ru/images/teamplayers/6672/17819.jpg', 'Липсбергс', 'Робертс', 97, 'ДРГ', 40, 2, 3, 5, 0, 28, 2, 0, 0, 0, 0, 0, 40, 5, 1, 6, 3, 50, 11, 43, 17.3, 36, 21, 6, '2018-03-02 22:50:30'),
(351, 15842, 'https://www.khl.ru/players/15842/', 'https://www.khl.ru/images/teamplayers/6704/15842.jpg', 'Монахов', 'Сергей', 74, 'СЕВ', 48, 2, 3, 5, -2, 8, 2, 0, 0, 0, 1, 0, 62, 3.2, 1, 26, 12, 46.2, 10, 9, 16.1, 15, 6, 14, '2018-03-02 22:50:30'),
(352, 19013, 'https://www.khl.ru/players/19013/', 'https://www.khl.ru/images/teamplayers/6716/19013.jpg', 'Ревай', 'Мартин', 77, 'СЛВ', 18, 1, 4, 5, -10, 19, 0, 1, 0, 0, 0, 0, 17, 5.9, 1, 38, 19, 50, 13, 39, 18.4, 5, 1, 1, '2018-03-02 22:50:30'),
(353, 19532, 'https://www.khl.ru/players/19532/', 'https://www.khl.ru/images/teamplayers/6732/19532.jpg', 'Ефремов', 'Владислав', 65, 'ДИН', 22, 1, 4, 5, -3, 8, 1, 0, 0, 0, 0, 1, 24, 4.2, 1, 175, 90, 51.4, 10, 2, 15.8, 8, 3, 0, '2018-03-02 22:50:30'),
(354, 16699, 'https://www.khl.ru/players/16699/', 'https://www.khl.ru/images/teamplayers/6744/16699.jpg', 'Шипов', 'Илья', 88, 'СИБ', 24, 1, 4, 5, -2, 4, 0, 1, 0, 0, 0, 0, 26, 3.8, 1, 304, 128, 42.1, 16, 4, 21.2, 9, 8, 6, '2018-03-02 22:50:30'),
(355, 16042, 'https://www.khl.ru/players/16042/', 'https://www.khl.ru/images/teamplayers/6644/16042.jpg', 'Попов', 'Виталий', 25, 'АВТ', 25, 1, 4, 5, -2, 6, 1, 0, 0, 0, 0, 0, 20, 5, 1, 232, 103, 44.4, 12, 17, 17.5, 20, 15, 4, '2018-03-02 22:50:30'),
(356, 3692, 'https://www.khl.ru/players/3692/', 'https://www.khl.ru/images/teamplayers/6684/3692.jpg', 'Соин', 'Сергей', 7, 'ЛАД', 26, 1, 4, 5, -7, 49, 0, 1, 0, 0, 0, 0, 14, 7.1, 1, 418, 217, 51.9, 16, 11, 23.2, 22, 12, 6, '2018-03-02 22:50:30'),
(357, 18953, 'https://www.khl.ru/players/18953/', 'https://www.khl.ru/images/teamplayers/6676/18953.jpg', 'Виртанен', 'Петтери', 13, 'ЙОК', 28, 1, 4, 5, 0, 20, 1, 0, 0, 0, 0, 0, 18, 5.6, 1, 207, 126, 60.9, 12, 38, 18.2, 10, 15, 1, '2018-03-02 22:50:30'),
(358, 20083, 'https://www.khl.ru/players/20083/', 'https://www.khl.ru/images/teamplayers/6672/20083.jpg', 'Батня', 'Оскарс', 11, 'ДРГ', 34, 1, 4, 5, 0, 22, 1, 0, 0, 0, 0, 0, 25, 4, 1, 208, 110, 52.9, 7, 36, 11, 25, 4, 4, '2018-03-02 22:50:30'),
(359, 23188, 'https://www.khl.ru/players/23188/', 'https://www.khl.ru/images/teamplayers/6660/23188.jpg', 'Гурков', 'Дмитрий', 68, 'БАР', 37, 1, 4, 5, 1, 8, 1, 0, 0, 0, 0, 0, 15, 6.7, 0, 298, 126, 42.3, 11, 12, 15.8, 16, 7, 14, '2018-03-02 22:50:30'),
(360, 23461, 'https://www.khl.ru/players/23461/', 'https://www.khl.ru/images/teamplayers/6712/23461.jpg', 'Мальцев', 'Михаил', 31, 'СКА', 18, 0, 5, 5, 5, 4, 0, 0, 0, 0, 0, 0, 24, 0, 1, 102, 57, 55.9, 8, 16, 10.8, 5, 5, 3, '2018-03-02 22:50:30'),
(361, 16780, 'https://www.khl.ru/players/16780/', 'https://www.khl.ru/images/teamplayers/6668/16780.jpg', 'Матерухин', 'Александр', 28, 'ДМН', 24, 0, 5, 5, -2, 20, 0, 0, 0, 0, 0, 0, 41, 0, 2, 6, 2, 33.3, 13, 28, 16.7, 34, 4, 9, '2018-03-02 22:50:30'),
(362, 21241, 'https://www.khl.ru/players/21241/', 'https://www.khl.ru/images/teamplayers/6660/21241.jpg', 'Шевченко', 'Дмитрий', 95, 'БАР', 39, 4, 0, 4, -12, 24, 4, 0, 0, 0, 1, 0, 36, 11.1, 1, 385, 171, 44.4, 11, 46, 15.9, 67, 34, 5, '2018-03-02 22:50:30'),
(363, 15160, 'https://www.khl.ru/players/15160/', 'https://www.khl.ru/images/teamplayers/6652/15160.jpg', 'Потапов', 'Алексей', 97, 'ТОР', 43, 4, 0, 4, -3, 8, 0, 4, 0, 0, 1, 0, 32, 12.5, 1, 301, 153, 50.8, 12, 54, 19.7, 33, 29, 9, '2018-03-02 22:50:30'),
(364, 21598, 'https://www.khl.ru/players/21598/', 'https://www.khl.ru/images/teamplayers/6724/21598.jpg', 'Смолин', 'Михаил', 38, 'ТОР', 9, 3, 1, 4, 3, 6, 3, 0, 0, 0, 0, 0, 13, 23.1, 1, 0, 0, 0, 7, 54, 12.3, 7, 4, 2, '2018-03-02 22:50:30'),
(365, 22746, 'https://www.khl.ru/players/22746/', 'https://www.khl.ru/images/teamplayers/6688/22746.jpg', 'Фатеев', 'Егор', 8, 'ЛОК', 14, 3, 1, 4, 3, 8, 3, 0, 0, 0, 1, 0, 16, 18.8, 1, 2, 1, 50, 8, 8, 13.9, 5, 4, 0, '2018-03-02 22:50:30'),
(366, 27820, 'https://www.khl.ru/players/27820/', 'https://www.khl.ru/images/teamplayers/6716/27820.jpg', 'Гецл', 'Марек', 88, 'СЛВ', 23, 3, 1, 4, -3, 4, 1, 2, 0, 0, 0, 0, 23, 13, 1, 1, 1, 100, 8, 15, 11.9, 3, 0, 3, '2018-03-02 22:50:30'),
(367, 21562, 'https://www.khl.ru/players/21562/', 'https://www.khl.ru/images/teamplayers/6668/21562.jpg', 'Буйницкий', 'Дмитрий', 97, 'ДМН', 44, 3, 1, 4, 1, 12, 3, 0, 0, 0, 0, 0, 23, 13, 1, 3, 0, 0, 4, 52, 6.8, 5, 5, 6, '2018-03-02 22:50:30'),
(368, 19490, 'https://www.khl.ru/players/19490/', 'https://www.khl.ru/images/teamplayers/6716/19490.jpg', 'Штястни', 'Андрей', 59, 'СЛВ', 46, 3, 1, 4, -12, 85, 2, 0, 1, 0, 0, 0, 43, 7, 1, 301, 130, 43.2, 14, 12, 20.3, 38, 35, 7, '2018-03-02 22:50:30'),
(369, 22424, 'https://www.khl.ru/players/22424/', 'https://www.khl.ru/images/teamplayers/6696/22424.jpg', 'Бикмуллин', 'Рафаэль', 99, 'НХК', 9, 2, 2, 4, 4, 12, 2, 0, 0, 0, 1, 0, 10, 20, 1, 13, 6, 46.2, 10, 12, 14.8, 17, 5, 0, '2018-03-02 22:50:30'),
(370, 30258, 'https://www.khl.ru/players/30258/', 'https://www.khl.ru/images/teamplayers/6716/30258.jpg', 'Лампер', 'Патрик', 63, 'СЛВ', 9, 2, 2, 4, -3, 2, 1, 0, 1, 0, 2, 0, 9, 22.2, 1, 3, 2, 66.7, 15, 55, 21.6, 6, 5, 2, '2018-03-02 22:50:30'),
(371, 18752, 'https://www.khl.ru/players/18752/', 'https://www.khl.ru/images/teamplayers/6736/18752.jpg', 'Морозов', 'Егор', 95, 'СОЧ', 13, 2, 2, 4, 2, 0, 2, 0, 0, 0, 0, 0, 20, 10, 2, 8, 2, 25, 12, 29, 17.5, 12, 4, 3, '2018-03-02 22:50:30'),
(372, 15228, 'https://www.khl.ru/players/15228/', 'https://www.khl.ru/images/teamplayers/6676/15228.jpg', 'Марьямяки', 'Маси', 16, 'ЙОК', 24, 2, 2, 4, -4, 28, 1, 0, 1, 0, 0, 0, 20, 10, 1, 4, 2, 50, 10, 41, 15.6, 15, 7, 5, '2018-03-02 22:50:30'),
(373, 18810, 'https://www.khl.ru/players/18810/', 'https://www.khl.ru/images/teamplayers/6660/18810.jpg', 'Лихотников', 'Артём', 12, 'БАР', 32, 2, 2, 4, -5, 34, 2, 0, 0, 0, 0, 0, 35, 5.7, 1, 63, 21, 33.3, 11, 16, 15.4, 29, 18, 12, '2018-03-02 22:50:30'),
(374, 15948, 'https://www.khl.ru/players/15948/', 'https://www.khl.ru/images/teamplayers/6744/15948.jpg', 'Анкудинов', 'Андрей', 78, 'ЮГР', 34, 2, 2, 4, -4, 73, 1, 1, 0, 0, 0, 0, 52, 3.8, 2, 9, 3, 33.3, 12, 51, 20.3, 29, 17, 16, '2018-03-02 22:50:30'),
(375, 24706, 'https://www.khl.ru/players/24706/', 'https://www.khl.ru/images/teamplayers/6716/24706.jpg', 'Садецки', 'Борис', 12, 'СЛВ', 48, 2, 2, 4, -11, 8, 2, 0, 0, 0, 0, 0, 24, 8.3, 1, 335, 163, 48.7, 8, 52, 12.7, 20, 8, 5, '2018-03-02 22:50:30'),
(376, 14551, 'https://www.khl.ru/players/14551/', 'https://www.khl.ru/images/teamplayers/6732/14551.jpg', 'Анисин', 'Михаил', 22, 'ДИН', 11, 1, 3, 4, -5, 6, 0, 1, 0, 0, 0, 0, 12, 8.3, 1, 0, 0, 0, 14, 48, 21.5, 1, 2, 1, '2018-03-02 22:50:30'),
(377, 17602, 'https://www.khl.ru/players/17602/', 'https://www.khl.ru/images/teamplayers/6732/17602.jpg', 'Сидляров', 'Дмитрий', 80, 'ДИН', 18, 1, 3, 4, -1, 18, 1, 0, 0, 0, 0, 0, 18, 5.6, 1, 1, 0, 0, 9, 51, 15.4, 13, 8, 2, '2018-03-02 22:50:30'),
(378, 19035, 'https://www.khl.ru/players/19035/', 'https://www.khl.ru/images/teamplayers/6644/19035.jpg', 'Хрипунов', 'Степан', 31, 'СЮЛ', 20, 1, 3, 4, -3, 4, 1, 0, 0, 0, 0, 0, 22, 4.5, 1, 153, 70, 45.8, 10, 52, 16.4, 9, 3, 8, '2018-03-02 22:50:30'),
(379, 5526, 'https://www.khl.ru/players/5526/', 'https://www.khl.ru/images/teamplayers/6728/5526.jpg', 'Петров', 'Юрий', 18, 'ТРК', 26, 1, 3, 4, 3, 10, 1, 0, 0, 0, 0, 0, 18, 5.6, 1, 230, 97, 42.2, 13, 8, 17.7, 19, 12, 6, '2018-03-02 22:50:30'),
(380, 22569, 'https://www.khl.ru/players/22569/', 'https://www.khl.ru/images/teamplayers/6680/22569.jpg', 'Турессон', 'Андреас', 12, 'КРС', 29, 1, 3, 4, -1, 10, 1, 0, 0, 0, 0, 0, 62, 1.6, 2, 57, 36, 63.2, 12, 13, 17.5, 36, 6, 2, '2018-03-02 22:50:30'),
(381, 19261, 'https://www.khl.ru/players/19261/', 'https://www.khl.ru/images/teamplayers/6660/19261.jpg', 'Никулин', 'Владислав', 22, 'БАР', 30, 1, 3, 4, -4, 4, 1, 0, 0, 0, 0, 0, 39, 2.6, 1, 14, 2, 14.3, 10, 7, 13.9, 34, 20, 4, '2018-03-02 22:50:30'),
(382, 20581, 'https://www.khl.ru/players/20581/', 'https://www.khl.ru/images/teamplayers/6692/20581.jpg', 'Сироткин', 'Никита', 73, 'ММГ', 33, 1, 3, 4, -5, 4, 1, 0, 0, 0, 0, 0, 28, 3.6, 1, 3, 0, 0, 8, 42, 13.2, 43, 14, 1, '2018-03-02 22:50:30'),
(383, 18982, 'https://www.khl.ru/players/18982/', 'https://www.khl.ru/images/teamplayers/6648/18982.jpg', 'Фищенко', 'Иван', 85, 'АВГ', 33, 1, 3, 4, -7, 12, 1, 0, 0, 0, 0, 0, 33, 3, 1, 287, 126, 43.9, 13, 48, 17.3, 29, 18, 7, '2018-03-02 22:50:30'),
(384, 25269, 'https://www.khl.ru/players/25269/', 'https://www.khl.ru/images/teamplayers/6716/25269.jpg', 'Щербатов', 'Элиэзер', 19, 'СЛВ', 35, 1, 3, 4, -5, 33, 0, 1, 0, 0, 0, 0, 30, 3.3, 1, 92, 40, 43.5, 11, 3, 16.5, 14, 4, 7, '2018-03-02 22:50:30'),
(385, 15620, 'https://www.khl.ru/players/15620/', 'https://www.khl.ru/images/teamplayers/6660/15620.jpg', 'Акользин', 'Павел', 27, 'БАР', 47, 1, 3, 4, -9, 61, 1, 0, 0, 0, 0, 0, 80, 1.2, 2, 57, 16, 28.1, 12, 58, 17.9, 84, 30, 21, '2018-03-02 22:50:30'),
(386, 6438, 'https://www.khl.ru/players/6438/', 'https://www.khl.ru/images/teamplayers/6744/6438.jpg', 'Курьянов', 'Антон', 29, 'ЮГР', 18, 0, 4, 4, -4, 6, 0, 0, 0, 0, 0, 0, 14, 0, 1, 246, 113, 45.9, 14, 50, 21.6, 2, 16, 1, '2018-03-02 22:50:30'),
(387, 10900, 'https://www.khl.ru/players/10900/', 'https://www.khl.ru/images/teamplayers/6744/10900.jpg', 'Макаров', 'Дмитрий', 23, 'ЮГР', 19, 0, 4, 4, -9, 18, 0, 0, 0, 0, 0, 0, 23, 0, 1, 245, 115, 46.9, 16, 43, 22.8, 4, 11, 4, '2018-03-02 22:50:30'),
(388, 14308, 'https://www.khl.ru/players/14308/', 'https://www.khl.ru/images/teamplayers/6732/14308.jpg', 'Сопин', 'Алексей', 46, 'СИБ', 29, 0, 4, 4, -4, 16, 0, 0, 0, 0, 0, 0, 25, 0, 1, 7, 3, 42.9, 11, 19, 17.1, 26, 21, 0, '2018-03-02 22:50:30'),
(389, 14561, 'https://www.khl.ru/players/14561/', 'https://www.khl.ru/images/teamplayers/6664/14561.jpg', 'Ворошило', 'Артём', 88, 'ВИТ', 31, 0, 4, 4, -8, 57, 0, 0, 0, 0, 0, 0, 22, 0, 1, 15, 4, 26.7, 11, 10, 17.6, 43, 21, 3, '2018-03-02 22:50:30'),
(390, 15663, 'https://www.khl.ru/players/15663/', 'https://www.khl.ru/images/teamplayers/6656/15663.jpg', 'Дедунов', 'Павел', 25, 'АМР', 29, 3, 0, 3, -8, 8, 3, 0, 0, 0, 0, 0, 44, 6.8, 2, 1, 0, 0, 10, 14, 17.1, 45, 11, 3, '2018-03-02 22:50:30'),
(391, 14897, 'https://www.khl.ru/players/14897/', 'https://www.khl.ru/images/teamplayers/6704/14897.jpg', 'Монс', 'Евгений', 32, 'СЕВ', 30, 3, 0, 3, -4, 17, 3, 0, 0, 0, 1, 0, 37, 8.1, 1, 7, 3, 42.9, 10, 34, 15.5, 49, 2, 3, '2018-03-02 22:50:30'),
(392, 25423, 'https://www.khl.ru/players/25423/', 'https://www.khl.ru/images/teamplayers/6672/25423.jpg', 'Гегерис', 'Эмилс', 49, 'ДРГ', 34, 3, 0, 3, -1, 8, 3, 0, 0, 0, 0, 0, 32, 9.4, 1, 5, 1, 20, 6, 16, 9.6, 19, 7, 5, '2018-03-02 22:50:30'),
(393, 23973, 'https://www.khl.ru/players/23973/', 'https://www.khl.ru/images/teamplayers/6684/23973.jpg', 'Эштон', 'Картер', 9, 'ЛАД', 6, 2, 1, 3, 0, 4, 1, 1, 0, 0, 1, 0, 15, 13.3, 3, 7, 1, 14.3, 17, 56, 22.8, 3, 1, 1, '2018-03-02 22:50:30'),
(394, 14929, 'https://www.khl.ru/players/14929/', 'https://www.khl.ru/images/teamplayers/6648/14929.jpg', 'Алексеев', 'Андрей', 22, 'АДМ', 10, 2, 1, 3, 4, 0, 2, 0, 0, 0, 0, 0, 9, 22.2, 1, 61, 33, 54.1, 15, 44, 23.2, 0, 9, 1, '2018-03-02 22:50:30'),
(395, 17401, 'https://www.khl.ru/players/17401/', 'https://www.khl.ru/images/teamplayers/6660/17401.jpg', 'Евдокимов', 'Ярослав', 16, 'БАР', 10, 2, 1, 3, -1, 2, 1, 1, 0, 0, 0, 0, 14, 14.3, 1, 7, 2, 28.6, 13, 26, 17.9, 2, 2, 1, '2018-03-02 22:50:30'),
(396, 5031, 'https://www.khl.ru/players/5031/', 'https://www.khl.ru/images/teamplayers/6720/5031.jpg', 'Губин', 'Олег', 11, 'СПР', 16, 2, 1, 3, -6, 12, 1, 1, 0, 0, 0, 0, 16, 12.5, 1, 141, 50, 35.5, 12, 34, 19.1, 3, 16, 2, '2018-03-02 22:50:30'),
(397, 22607, 'https://www.khl.ru/players/22607/', 'https://www.khl.ru/images/teamplayers/6688/22607.jpg', 'Каюмов', 'Артур', 28, 'ЛОК', 20, 2, 1, 3, 5, 2, 2, 0, 0, 0, 0, 0, 15, 13.3, 1, 2, 1, 50, 8, 25, 12.9, 3, 6, 1, '2018-03-02 22:50:30');
INSERT INTO `stat_attacks` (`num`, `id_player`, `profile`, `image`, `last_name`, `first_name`, `number`, `club`, `games`, `pucks`, `pass`, `scores`, `plus_minus`, `penalty`, `pucks_equal`, `pucks_most`, `pucks_min`, `pucks_ot`, `pucks_win`, `bullets_win`, `throw`, `throw_percent`, `throw_games`, `faceoff`, `faceoff_win`, `faceoff_percent`, `time_game_m`, `time_game_s`, `change_game`, `power_recep`, `block_throw`, `fouls_against`, `date_wrte`) VALUES
(398, 16429, 'https://www.khl.ru/players/16429/', 'https://www.khl.ru/images/teamplayers/6652/16429.jpg', 'Архипов', 'Дмитрий', 91, 'АКБ', 20, 2, 1, 3, 3, 20, 2, 0, 0, 0, 2, 0, 12, 16.7, 1, 2, 1, 50, 11, 25, 16.4, 31, 6, 3, '2018-03-02 22:50:30'),
(399, 24027, 'https://www.khl.ru/players/24027/', 'https://www.khl.ru/images/teamplayers/6720/24027.jpg', 'Талалуев', 'Илья', 85, 'СПР', 20, 2, 1, 3, 1, 2, 2, 0, 0, 0, 0, 0, 5, 40, 0, 2, 2, 100, 6, 9, 8.5, 6, 3, 2, '2018-03-02 22:50:30'),
(400, 22170, 'https://www.khl.ru/players/22170/', 'https://www.khl.ru/images/teamplayers/6700/22170.jpg', 'Кузьмин', 'Глеб', 71, 'СЮЛ', 21, 2, 1, 3, 1, 4, 2, 0, 0, 0, 0, 0, 18, 11.1, 1, 40, 14, 35, 8, 20, 12, 8, 9, 3, '2018-03-02 22:50:30'),
(401, 20949, 'https://www.khl.ru/players/20949/', 'https://www.khl.ru/images/teamplayers/6688/20949.jpg', 'Ильенко', 'Артём', 34, 'ЛОК', 21, 2, 1, 3, 0, 9, 2, 0, 0, 0, 0, 0, 23, 8.7, 1, 25, 14, 56, 9, 11, 15.2, 14, 5, 7, '2018-03-02 22:50:30'),
(402, 16008, 'https://www.khl.ru/players/16008/', 'https://www.khl.ru/images/teamplayers/6720/16008.jpg', 'Кузнецов', 'Александр', 84, 'СПР', 30, 2, 1, 3, -8, 6, 2, 0, 0, 0, 0, 0, 20, 10, 1, 215, 113, 52.6, 8, 18, 13.1, 14, 7, 2, '2018-03-02 22:50:30'),
(403, 21263, 'https://www.khl.ru/players/21263/', 'https://www.khl.ru/images/teamplayers/6684/21263.jpg', 'Бабенко', 'Егор', 22, 'ЛАД', 39, 2, 1, 3, -4, 10, 2, 0, 0, 0, 0, 0, 50, 4, 1, 5, 0, 0, 11, 40, 16.6, 26, 6, 7, '2018-03-02 22:50:30'),
(404, 13031, 'https://www.khl.ru/players/13031/', 'https://www.khl.ru/images/teamplayers/6744/13031.jpg', 'Панов', 'Константин', 26, 'ЮГР', 43, 2, 1, 3, -17, 8, 2, 0, 0, 0, 0, 1, 55, 3.6, 1, 132, 54, 40.9, 12, 44, 20.2, 10, 17, 17, '2018-03-02 22:50:30'),
(405, 14631, 'https://www.khl.ru/players/14631/', 'https://www.khl.ru/images/teamplayers/6660/14631.jpg', 'Кучин', 'Иван', 72, 'БАР', 10, 1, 2, 3, 4, 4, 1, 0, 0, 0, 0, 0, 10, 10, 1, 171, 95, 55.6, 16, 13, 21.8, 7, 12, 1, '2018-03-02 22:50:30'),
(406, 24095, 'https://www.khl.ru/players/24095/', 'https://www.khl.ru/images/teamplayers/6704/24095.jpg', 'Голик', 'Петр', 81, 'СЕВ', 10, 1, 2, 3, -1, 4, 1, 0, 0, 0, 0, 0, 12, 8.3, 1, 85, 32, 37.6, 12, 5, 15.4, 3, 4, 0, '2018-03-02 22:50:30'),
(407, 21071, 'https://www.khl.ru/players/21071/', 'https://www.khl.ru/images/teamplayers/6668/21071.jpg', 'Карабань', 'Данила', 22, 'ДМН', 13, 1, 2, 3, 2, 4, 1, 0, 0, 0, 0, 0, 8, 12.5, 1, 1, 1, 100, 5, 48, 7.8, 4, 1, 4, '2018-03-02 22:50:30'),
(408, 16004, 'https://www.khl.ru/players/16004/', 'https://www.khl.ru/images/teamplayers/6648/16004.jpg', 'Григоренко', 'Евгений', 38, 'АДМ', 14, 1, 2, 3, -1, 6, 0, 1, 0, 0, 0, 0, 21, 4.8, 2, 61, 19, 31.1, 12, 8, 15.9, 10, 3, 1, '2018-03-02 22:50:30'),
(409, 9863, 'https://www.khl.ru/players/9863/', 'https://www.khl.ru/images/teamplayers/6744/9863.jpg', 'Булянский', 'Артём', 19, 'ЮГР', 17, 1, 2, 3, -7, 0, 1, 0, 0, 0, 1, 1, 24, 4.2, 1, 1, 0, 0, 11, 47, 18.4, 8, 4, 4, '2018-03-02 22:50:30'),
(410, 22681, 'https://www.khl.ru/players/22681/', 'https://www.khl.ru/images/teamplayers/6688/22681.jpg', 'Иванов', 'Георгий', 16, 'ЛОК', 19, 1, 2, 3, 5, 2, 1, 0, 0, 0, 0, 0, 18, 5.6, 1, 116, 56, 48.3, 7, 55, 13.5, 10, 2, 5, '2018-03-02 22:50:30'),
(411, 15450, 'https://www.khl.ru/players/15450/', 'https://www.khl.ru/images/teamplayers/6744/15450.jpg', 'Комаристый', 'Александр', 95, 'СПР', 29, 1, 2, 3, -9, 10, 1, 0, 0, 0, 0, 0, 40, 2.5, 1, 257, 108, 42, 14, 33, 19.4, 14, 8, 4, '2018-03-02 22:50:30'),
(412, 22908, 'https://www.khl.ru/players/22908/', 'https://www.khl.ru/images/teamplayers/6724/22908.jpg', 'Веряев', 'Данил', 98, 'ТОР', 33, 1, 2, 3, -3, 8, 1, 0, 0, 0, 0, 0, 8, 12.5, 0, 4, 0, 0, 5, 46, 9.7, 15, 7, 4, '2018-03-02 22:50:30'),
(413, 18419, 'https://www.khl.ru/players/18419/', 'https://www.khl.ru/images/teamplayers/6692/18419.jpg', 'Берестенников', 'Илья', 19, 'ММГ', 45, 1, 2, 3, -2, 17, 1, 0, 0, 0, 0, 0, 25, 4, 1, 178, 78, 43.8, 7, 57, 12.8, 38, 11, 3, '2018-03-02 22:50:30'),
(414, 15276, 'https://www.khl.ru/players/15276/', 'https://www.khl.ru/images/teamplayers/6668/15276.jpg', 'Волков', 'Артём', 85, 'ДМН', 53, 1, 2, 3, 2, 30, 1, 0, 0, 0, 1, 0, 32, 3.1, 1, 655, 331, 50.5, 13, 14, 17.2, 15, 16, 4, '2018-03-02 22:50:30'),
(415, 13705, 'https://www.khl.ru/players/13705/', 'https://www.khl.ru/images/teamplayers/6640/13705.jpg', 'Лемтюгов', 'Николай', 13, 'АВГ', 13, 0, 3, 3, -5, 4, 0, 0, 0, 0, 0, 0, 17, 0, 1, 12, 3, 25, 13, 48, 19.2, 13, 4, 1, '2018-03-02 22:50:30'),
(416, 19232, 'https://www.khl.ru/players/19232/', 'https://www.khl.ru/images/teamplayers/6736/19232.jpg', 'Акмальдинов', 'Александр', 29, 'СОЧ', 18, 0, 3, 3, 2, 4, 0, 0, 0, 0, 0, 0, 16, 0, 1, 4, 1, 25, 10, 37, 14.9, 14, 12, 7, '2018-03-02 22:50:30'),
(417, 5552, 'https://www.khl.ru/players/5552/', 'https://www.khl.ru/images/teamplayers/6652/5552.jpg', 'Обухов', 'Дмитрий', 34, 'АКБ', 19, 0, 3, 3, 1, 8, 0, 0, 0, 0, 0, 0, 16, 0, 1, 7, 1, 14.3, 10, 27, 14.2, 2, 5, 1, '2018-03-02 22:50:30'),
(418, 22355, 'https://www.khl.ru/players/22355/', 'https://www.khl.ru/images/teamplayers/6676/22355.jpg', 'Мяки', 'Томи', 14, 'ЙОК', 23, 0, 3, 3, 0, 8, 0, 0, 0, 0, 0, 0, 11, 0, 1, 41, 22, 53.7, 11, 15, 16.7, 10, 14, 2, '2018-03-02 22:50:30'),
(419, 17620, 'https://www.khl.ru/players/17620/', 'https://www.khl.ru/images/teamplayers/6744/17620.jpg', 'Купцов', 'Сергей', 92, 'ЮГР', 25, 0, 3, 3, -2, 35, 0, 0, 0, 0, 0, 0, 23, 0, 1, 1, 0, 0, 11, 22, 17.8, 16, 9, 4, '2018-03-02 22:50:30'),
(420, 15846, 'https://www.khl.ru/players/15846/', 'https://www.khl.ru/images/teamplayers/6736/15846.jpg', 'Точицкий', 'Никита', 15, 'СОЧ', 33, 0, 3, 3, -3, 6, 0, 0, 0, 0, 0, 0, 17, 0, 1, 167, 78, 46.7, 8, 21, 12.3, 10, 5, 2, '2018-03-02 22:50:30'),
(421, 17493, 'https://www.khl.ru/players/17493/', 'https://www.khl.ru/images/teamplayers/6680/17493.jpg', 'Джо', 'Брэйден', 92, 'КРС', 43, 0, 3, 3, 1, 8, 0, 0, 0, 0, 0, 0, 20, 0, 1, 24, 9, 37.5, 7, 17, 11.2, 19, 11, 9, '2018-03-02 22:50:30'),
(422, 22110, 'https://www.khl.ru/players/22110/', 'https://www.khl.ru/images/teamplayers/6684/22110.jpg', 'Журавлёв', 'Владимир', 64, 'ЛАД', 9, 2, 0, 2, 1, 2, 2, 0, 0, 0, 0, 0, 13, 15.4, 1, 9, 3, 33.3, 8, 49, 13.1, 7, 5, 1, '2018-03-02 22:50:30'),
(423, 16980, 'https://www.khl.ru/players/16980/', 'https://www.khl.ru/images/teamplayers/6648/16980.jpg', 'Перескоков', 'Вадим', 39, 'АДМ', 11, 2, 0, 2, -2, 12, 2, 0, 0, 0, 0, 1, 10, 20, 1, 6, 1, 16.7, 13, 48, 19.5, 4, 3, 3, '2018-03-02 22:50:30'),
(424, 23781, 'https://www.khl.ru/players/23781/', 'https://www.khl.ru/images/teamplayers/6708/23781.jpg', 'Артёмов', 'Артём', 8, 'СИБ', 13, 2, 0, 2, -1, 6, 2, 0, 0, 0, 1, 0, 17, 11.8, 1, 0, 0, 0, 8, 11, 12.9, 7, 6, 2, '2018-03-02 22:50:30'),
(425, 17386, 'https://www.khl.ru/players/17386/', 'https://www.khl.ru/images/teamplayers/6668/17386.jpg', 'Когалев', 'Александр', 95, 'ДМН', 15, 2, 0, 2, -4, 4, 2, 0, 0, 0, 1, 0, 20, 10, 1, 0, 0, 0, 9, 2, 11.9, 4, 2, 1, '2018-03-02 22:50:30'),
(426, 15712, 'https://www.khl.ru/players/15712/', 'https://www.khl.ru/images/teamplayers/6664/15712.jpg', 'Двуреченский', 'Никита', 69, 'ВИТ', 18, 2, 0, 2, -2, 6, 2, 0, 0, 0, 0, 0, 27, 7.4, 2, 4, 2, 50, 10, 16, 15.9, 12, 18, 1, '2018-03-02 22:50:30'),
(427, 21136, 'https://www.khl.ru/players/21136/', 'https://www.khl.ru/images/teamplayers/6648/21136.jpg', 'Гичибеков', 'Назир', 95, 'АДМ', 19, 2, 0, 2, -2, 12, 2, 0, 0, 0, 0, 0, 10, 20, 1, 9, 2, 22.2, 6, 57, 10.1, 16, 2, 4, '2018-03-02 22:50:30'),
(428, 24881, 'https://www.khl.ru/players/24881/', 'https://www.khl.ru/images/teamplayers/6744/24881.jpg', 'Шэн', 'Павел', 57, 'ЮГР', 29, 2, 0, 2, -7, 16, 2, 0, 0, 0, 1, 0, 38, 5.3, 1, 3, 1, 33.3, 9, 21, 14.7, 23, 10, 5, '2018-03-02 22:50:30'),
(429, 20358, 'https://www.khl.ru/players/20358/', 'https://www.khl.ru/images/teamplayers/6724/20358.jpg', 'Лазарев', 'Максим', 37, 'ТОР', 31, 2, 0, 2, -4, 12, 2, 0, 0, 0, 1, 0, 28, 7.1, 1, 0, 0, 0, 8, 30, 14.1, 10, 2, 4, '2018-03-02 22:50:30'),
(430, 20740, 'https://www.khl.ru/players/20740/', 'https://www.khl.ru/images/teamplayers/6708/20740.jpg', 'Иванов', 'Семён', 9, 'СИБ', 6, 1, 1, 2, 1, 0, 1, 0, 0, 0, 0, 0, 6, 16.7, 1, 0, 0, 0, 9, 28, 13, 3, 2, 1, '2018-03-02 22:50:30'),
(431, 17600, 'https://www.khl.ru/players/17600/', 'https://www.khl.ru/images/teamplayers/6644/17600.jpg', 'Мингалеев', 'Денис', 79, 'АВТ', 7, 1, 1, 2, 1, 0, 1, 0, 0, 0, 0, 0, 6, 16.7, 1, 2, 1, 50, 10, 52, 16.3, 0, 2, 1, '2018-03-02 22:50:30'),
(432, 22278, 'https://www.khl.ru/players/22278/', 'https://www.khl.ru/images/teamplayers/6640/22278.jpg', 'Самохвалов', 'Никита', 88, 'АВГ', 11, 1, 1, 2, 2, 0, 1, 0, 0, 0, 0, 0, 5, 20, 1, 5, 1, 20, 6, 25, 10.4, 11, 0, 2, '2018-03-02 22:50:30'),
(433, 16126, 'https://www.khl.ru/players/16126/', 'https://www.khl.ru/images/teamplayers/6664/16126.jpg', 'Яценко', 'Иван', 50, 'ВИТ', 13, 1, 1, 2, -1, 4, 1, 0, 0, 0, 0, 0, 11, 9.1, 1, 111, 42, 37.8, 10, 10, 17, 3, 6, 1, '2018-03-02 22:50:30'),
(434, 16567, 'https://www.khl.ru/players/16567/', 'https://www.khl.ru/images/teamplayers/6664/16567.jpg', 'Денежкин', 'Александр', 14, 'ВИТ', 18, 1, 1, 2, 2, 6, 1, 0, 0, 0, 0, 0, 26, 3.8, 1, 1, 0, 0, 10, 20, 15.7, 12, 3, 2, '2018-03-02 22:50:30'),
(435, 19277, 'https://www.khl.ru/players/19277/', 'https://www.khl.ru/images/teamplayers/6744/19277.jpg', 'Неколенко', 'Архип', 12, 'ЮГР', 18, 1, 1, 2, -3, 10, 1, 0, 0, 0, 0, 0, 22, 4.5, 1, 264, 145, 54.9, 15, 16, 21.5, 2, 10, 3, '2018-03-02 22:50:30'),
(436, 21981, 'https://www.khl.ru/players/21981/', 'https://www.khl.ru/images/teamplayers/6640/21981.jpg', 'Ковалёв', 'Антон', 39, 'АВГ', 22, 1, 1, 2, 1, 4, 1, 0, 0, 0, 0, 0, 38, 2.6, 2, 1, 0, 0, 8, 52, 13.3, 15, 6, 1, '2018-03-02 22:50:30'),
(437, 16120, 'https://www.khl.ru/players/16120/', 'https://www.khl.ru/images/teamplayers/6684/16120.jpg', 'Стрельцов', 'Василий', 32, 'ЛАД', 22, 1, 1, 2, -1, 10, 1, 0, 0, 0, 0, 0, 12, 8.3, 1, 198, 86, 43.4, 11, 36, 17.7, 31, 19, 5, '2018-03-02 22:50:30'),
(438, 266, 'https://www.khl.ru/players/266/', 'https://www.khl.ru/images/teamplayers/6648/266.jpg', 'Глазачев', 'Константин', 75, 'АДМ', 22, 1, 1, 2, -4, 20, 0, 1, 0, 0, 0, 0, 29, 3.4, 1, 6, 1, 16.7, 11, 13, 15.7, 5, 10, 4, '2018-03-02 22:50:30'),
(439, 23242, 'https://www.khl.ru/players/23242/', 'https://www.khl.ru/images/teamplayers/6640/23242.jpg', 'Манукян', 'Артём', 10, 'АВГ', 24, 1, 1, 2, 3, 2, 1, 0, 0, 0, 0, 0, 11, 9.1, 1, 4, 3, 75, 5, 54, 9.1, 24, 7, 7, '2018-03-02 22:50:30'),
(440, 16287, 'https://www.khl.ru/players/16287/', 'https://www.khl.ru/images/teamplayers/6708/16287.jpg', 'Зырянов', 'Глеб', 27, 'СИБ', 29, 1, 1, 2, 4, 32, 1, 0, 0, 0, 0, 0, 33, 3, 1, 7, 1, 14.3, 11, 58, 17.7, 23, 11, 6, '2018-03-02 22:50:30'),
(441, 19479, 'https://www.khl.ru/players/19479/', 'https://www.khl.ru/images/teamplayers/6672/19479.jpg', 'Павлов', 'Виталий', 79, 'ДРГ', 34, 1, 1, 2, -12, 14, 1, 0, 0, 0, 0, 0, 28, 3.6, 1, 221, 105, 47.5, 11, 40, 17.6, 32, 23, 6, '2018-03-02 22:50:30'),
(442, 14914, 'https://www.khl.ru/players/14914/', 'https://www.khl.ru/images/teamplayers/6684/14914.jpg', 'Ахметов', 'Рафаэль', 14, 'ЛАД', 42, 1, 1, 2, -14, 27, 1, 0, 0, 0, 0, 0, 27, 3.7, 1, 178, 48, 27, 10, 45, 16.3, 60, 23, 2, '2018-03-02 22:50:30'),
(443, 15754, 'https://www.khl.ru/players/15754/', 'https://www.khl.ru/images/teamplayers/6680/15754.jpg', 'Лебедев', 'Кирилл', 4, 'КРС', 9, 0, 2, 2, 1, 2, 0, 0, 0, 0, 0, 0, 3, 0, 0, 8, 3, 37.5, 8, 21, 12.7, 8, 2, 2, '2018-03-02 22:50:30'),
(444, 9862, 'https://www.khl.ru/players/9862/', 'https://www.khl.ru/images/teamplayers/6680/9862.jpg', 'Макаров', 'Константин', 27, 'КРС', 10, 0, 2, 2, -3, 0, 0, 0, 0, 0, 0, 0, 17, 0, 2, 1, 0, 0, 11, 34, 15.9, 1, 2, 1, '2018-03-02 22:50:30'),
(445, 21106, 'https://www.khl.ru/players/21106/', 'https://www.khl.ru/images/teamplayers/6740/21106.jpg', 'Карнаухов', 'Павел', 15, 'ЦСК', 11, 0, 2, 2, 2, 4, 0, 0, 0, 0, 0, 0, 10, 0, 1, 59, 35, 59.3, 8, 39, 14.5, 15, 4, 3, '2018-03-02 22:50:30'),
(446, 17352, 'https://www.khl.ru/players/17352/', 'https://www.khl.ru/images/teamplayers/6744/17352.jpg', 'Тимирёв', 'Александр', 49, 'ЮГР', 11, 0, 2, 2, -7, 2, 0, 0, 0, 0, 0, 0, 15, 0, 1, 4, 2, 50, 12, 27, 18.5, 0, 1, 2, '2018-03-02 22:50:30'),
(447, 15277, 'https://www.khl.ru/players/15277/', 'https://www.khl.ru/images/teamplayers/6648/15277.jpg', 'Кицын', 'Максим', 48, 'АДМ', 16, 0, 2, 2, -6, 26, 0, 0, 0, 0, 0, 0, 23, 0, 1, 61, 19, 31.1, 11, 4, 14.5, 11, 4, 0, '2018-03-02 22:50:30'),
(448, 24782, 'https://www.khl.ru/players/24782/', 'https://www.khl.ru/images/teamplayers/6696/24782.jpg', 'Шафигуллин', 'Булат', 91, 'НХК', 17, 0, 2, 2, 1, 0, 0, 0, 0, 0, 0, 0, 9, 0, 1, 0, 0, 0, 5, 42, 9, 15, 2, 1, '2018-03-02 22:50:30'),
(450, 16028, 'https://www.khl.ru/players/16028/', 'https://www.khl.ru/images/teamplayers/6696/16028.jpg', 'Земченко', 'Игнат', 37, 'СИБ', 25, 0, 2, 2, -2, 15, 0, 0, 0, 0, 0, 0, 28, 0, 1, 179, 83, 46.4, 10, 10, 15.5, 18, 3, 5, '2018-03-02 22:50:30'),
(451, 21799, 'https://www.khl.ru/players/21799/', 'https://www.khl.ru/images/teamplayers/6708/21799.jpg', 'Ткаченко', 'Павел', 12, 'СИБ', 36, 0, 2, 2, 0, 4, 0, 0, 0, 0, 0, 0, 24, 0, 1, 3, 2, 66.7, 8, 17, 12.8, 13, 13, 3, '2018-03-02 22:50:30'),
(452, 20225, 'https://www.khl.ru/players/20225/', 'https://www.khl.ru/images/teamplayers/6692/20225.jpg', 'Болтанов', 'Артур', 96, 'ММГ', 6, 1, 0, 1, 1, 0, 1, 0, 0, 0, 0, 0, 4, 25, 1, 0, 0, 0, 6, 50, 10.7, 2, 0, 0, '2018-03-02 22:50:30'),
(453, 25422, 'https://www.khl.ru/players/25422/', 'https://www.khl.ru/images/teamplayers/6672/25422.jpg', 'Берзиньш', 'Даниелс', 91, 'ДРГ', 7, 1, 0, 1, 1, 0, 1, 0, 0, 0, 1, 0, 7, 14.3, 1, 18, 5, 27.8, 4, 51, 9.4, 0, 4, 0, '2018-03-02 22:50:30'),
(454, 16900, 'https://www.khl.ru/players/16900/', 'https://www.khl.ru/images/teamplayers/6656/16900.jpg', 'Квапил', 'Марек', 96, 'АМР', 11, 1, 0, 1, -4, 0, 1, 0, 0, 0, 0, 0, 12, 8.3, 1, 7, 4, 57.1, 12, 16, 16.9, 1, 2, 4, '2018-03-02 22:50:30'),
(455, 15641, 'https://www.khl.ru/players/15641/', 'https://www.khl.ru/images/teamplayers/6720/15641.jpg', 'Орлов', 'Евгений', 75, 'СПР', 12, 1, 0, 1, -4, 8, 1, 0, 0, 0, 0, 0, 12, 8.3, 1, 7, 2, 28.6, 9, 30, 14.5, 3, 8, 4, '2018-03-02 22:50:30'),
(456, 22138, 'https://www.khl.ru/players/22138/', 'https://www.khl.ru/images/teamplayers/6728/22138.jpg', 'Шипин', 'Максим', 27, 'ТРК', 14, 1, 0, 1, 0, 2, 1, 0, 0, 0, 0, 0, 10, 10, 1, 10, 5, 50, 8, 3, 11.9, 12, 11, 3, '2018-03-02 22:50:30'),
(457, 18411, 'https://www.khl.ru/players/18411/', 'https://www.khl.ru/images/teamplayers/6672/18411.jpg', 'Букартс', 'Рихардс', 77, 'ДРГ', 14, 1, 0, 1, -1, 0, 1, 0, 0, 0, 0, 0, 17, 5.9, 1, 3, 1, 33.3, 11, 34, 16.4, 8, 4, 3, '2018-03-02 22:50:30'),
(458, 23743, 'https://www.khl.ru/players/23743/', 'https://www.khl.ru/images/teamplayers/6744/23743.jpg', 'Грымзин', 'Степан', 83, 'ЮГР', 15, 1, 0, 1, -3, 0, 1, 0, 0, 0, 0, 0, 13, 7.7, 1, 2, 1, 50, 9, 22, 14.3, 6, 7, 4, '2018-03-02 22:50:30'),
(459, 21980, 'https://www.khl.ru/players/21980/', 'https://www.khl.ru/images/teamplayers/6640/21980.jpg', 'Жукенов', 'Дмитрий', 24, 'АВГ', 15, 1, 0, 1, -3, 6, 1, 0, 0, 0, 0, 0, 10, 10, 1, 20, 7, 35, 8, 42, 13.6, 14, 5, 3, '2018-03-02 22:50:30'),
(460, 23452, 'https://www.khl.ru/players/23452/', 'https://www.khl.ru/images/teamplayers/6728/23452.jpg', 'Шолохов', 'Марсель', 68, 'ТРК', 18, 1, 0, 1, -2, 0, 1, 0, 0, 0, 1, 0, 9, 11.1, 1, 5, 2, 40, 6, 53, 10, 17, 4, 6, '2018-03-02 22:50:30'),
(461, 15378, 'https://www.khl.ru/players/15378/', 'https://www.khl.ru/images/teamplayers/6724/15378.jpg', 'Кулёмин', 'Вячеслав', 95, 'ТОР', 21, 1, 0, 1, -5, 26, 1, 0, 0, 0, 0, 0, 19, 5.3, 1, 2, 2, 100, 10, 17, 17.2, 13, 9, 8, '2018-03-02 22:50:30'),
(462, 17519, 'https://www.khl.ru/players/17519/', 'https://www.khl.ru/images/teamplayers/6700/17519.jpg', 'Бусаров', 'Георгий', 15, 'СЮЛ', 25, 1, 0, 1, -3, 6, 1, 0, 0, 0, 0, 0, 13, 7.7, 1, 169, 86, 50.9, 9, 22, 12.7, 19, 2, 3, '2018-03-02 22:50:30'),
(463, 27440, 'https://www.khl.ru/players/27440/', 'https://www.khl.ru/images/teamplayers/6716/27440.jpg', 'Слобода', 'Марек', 96, 'СЛВ', 25, 1, 0, 1, -7, 4, 1, 0, 0, 0, 0, 0, 28, 3.6, 1, 0, 0, 0, 9, 53, 14.8, 5, 7, 2, '2018-03-02 22:50:30'),
(464, 18399, 'https://www.khl.ru/players/18399/', 'https://www.khl.ru/images/teamplayers/6672/18399.jpg', 'Кулда', 'Эдгарс', 94, 'ДРГ', 31, 1, 0, 1, -3, 33, 1, 0, 0, 0, 0, 0, 17, 5.9, 1, 3, 0, 0, 6, 45, 10.2, 12, 3, 2, '2018-03-02 22:50:30'),
(465, 23300, 'https://www.khl.ru/players/23300/', 'https://www.khl.ru/images/teamplayers/6692/23300.jpg', 'Швырёв', 'Игорь', 3, 'ММГ', 32, 1, 0, 1, -3, 4, 1, 0, 0, 0, 0, 0, 8, 12.5, 0, 8, 4, 50, 3, 25, 5.8, 18, 4, 3, '2018-03-02 22:50:30'),
(466, 21189, 'https://www.khl.ru/players/21189/', 'https://www.khl.ru/images/teamplayers/6648/21189.jpg', 'Манукян', 'Тигран', 77, 'АДМ', 40, 1, 0, 1, -5, 8, 1, 0, 0, 0, 0, 0, 39, 2.6, 1, 8, 2, 25, 8, 19, 11.2, 14, 13, 1, '2018-03-02 22:50:30'),
(467, 17740, 'https://www.khl.ru/players/17740/', 'https://www.khl.ru/images/teamplayers/6668/17740.jpg', 'Парфеевец', 'Максим', 92, 'ДМН', 2, 0, 1, 1, 2, 2, 0, 0, 0, 0, 0, 0, 4, 0, 2, 1, 0, 0, 16, 19, 23, 2, 1, 0, '2018-03-02 22:50:30'),
(468, 449, 'https://www.khl.ru/players/449/', 'https://www.khl.ru/images/teamplayers/6720/449.jpg', 'Толпеко', 'Денис', 53, 'СПР', 4, 0, 1, 1, 0, 4, 0, 0, 0, 0, 0, 0, 7, 0, 2, 0, 0, 0, 8, 38, 13.5, 3, 0, 0, '2018-03-02 22:50:30'),
(469, 16698, 'https://www.khl.ru/players/16698/', 'https://www.khl.ru/images/teamplayers/6640/16698.jpg', 'Сундстрём', 'Юхан', 28, 'АВГ', 5, 0, 1, 1, 3, 2, 0, 0, 0, 0, 0, 0, 8, 0, 2, 80, 48, 60, 15, 4, 21.8, 0, 3, 0, '2018-03-02 22:50:30'),
(470, 24000, 'https://www.khl.ru/players/24000/', 'https://www.khl.ru/images/teamplayers/6660/24000.jpg', 'Тривино', 'Кори', 86, 'БАР', 5, 0, 1, 1, -3, 4, 0, 0, 0, 0, 0, 0, 1, 0, 0, 25, 17, 68, 10, 26, 13.2, 1, 1, 0, '2018-03-02 22:50:30'),
(471, 23715, 'https://www.khl.ru/players/23715/', 'https://www.khl.ru/images/teamplayers/6656/23715.jpg', 'Заседа', 'Матвей', 48, 'АМР', 9, 0, 1, 1, 0, 0, 0, 0, 0, 0, 0, 0, 3, 0, 0, 0, 0, 0, 3, 38, 5.8, 0, 0, 0, '2018-03-02 22:50:30'),
(472, 15681, 'https://www.khl.ru/players/15681/', 'https://www.khl.ru/images/teamplayers/6660/15681.jpg', 'Бельгибаев', 'Нурсултан', 21, 'БАР', 11, 0, 1, 1, -2, 4, 0, 0, 0, 0, 0, 0, 7, 0, 1, 2, 1, 50, 7, 29, 11.5, 9, 0, 0, '2018-03-02 22:50:30'),
(473, 22684, 'https://www.khl.ru/players/22684/', 'https://www.khl.ru/images/teamplayers/6740/22684.jpg', 'Попугаев', 'Никита', 8, 'ЦСК', 12, 0, 1, 1, 0, 2, 0, 0, 0, 0, 0, 0, 5, 0, 0, 1, 0, 0, 4, 39, 6.8, 7, 0, 2, '2018-03-02 22:50:30'),
(474, 18405, 'https://www.khl.ru/players/18405/', 'https://www.khl.ru/images/teamplayers/6672/18405.jpg', 'Елисеев', 'Николай', 69, 'ДРГ', 12, 0, 1, 1, -3, 6, 0, 0, 0, 0, 0, 0, 8, 0, 1, 2, 0, 0, 8, 59, 13.7, 3, 2, 1, '2018-03-02 22:50:30'),
(475, 20716, 'https://www.khl.ru/players/20716/', 'https://www.khl.ru/images/teamplayers/6724/20716.jpg', 'Муршак', 'Ян', 39, 'ТОР', 13, 0, 1, 1, 1, 18, 0, 0, 0, 0, 0, 0, 37, 0, 3, 52, 25, 48.1, 16, 9, 23, 11, 9, 2, '2018-03-02 22:50:30'),
(476, 22519, 'https://www.khl.ru/players/22519/', 'https://www.khl.ru/images/teamplayers/6744/22519.jpg', 'Беляев', 'Кирилл', 93, 'ЮГР', 14, 0, 1, 1, -4, 4, 0, 0, 0, 0, 0, 0, 14, 0, 1, 3, 2, 66.7, 9, 44, 13.7, 17, 7, 4, '2018-03-02 22:50:30'),
(477, 17559, 'https://www.khl.ru/players/17559/', 'https://www.khl.ru/images/teamplayers/6668/17559.jpg', 'Гаврус', 'Артур', 91, 'ДМН', 17, 0, 1, 1, -3, 16, 0, 0, 0, 0, 0, 0, 27, 0, 2, 1, 1, 100, 9, 11, 12.9, 8, 4, 3, '2018-03-02 22:50:30'),
(478, 15918, 'https://www.khl.ru/players/15918/', 'https://www.khl.ru/images/teamplayers/6656/15918.jpg', 'Кацуба', 'Станислав', 91, 'АМР', 17, 0, 1, 1, -5, 2, 0, 0, 0, 0, 0, 0, 5, 0, 0, 32, 8, 25, 7, 54, 12.4, 5, 2, 0, '2018-03-02 22:50:30'),
(479, 3431, 'https://www.khl.ru/players/3431/', 'https://www.khl.ru/images/teamplayers/6720/3431.jpg', 'Бобров', 'Виктор', 38, 'СПР', 18, 0, 1, 1, -4, 14, 0, 0, 0, 0, 0, 0, 16, 0, 1, 77, 29, 37.7, 10, 35, 16.7, 13, 15, 3, '2018-03-02 22:50:30'),
(480, 23638, 'https://www.khl.ru/players/23638/', 'https://www.khl.ru/images/teamplayers/6684/23638.jpg', 'Рахимуллин', 'Дамир', 98, 'ЛАД', 22, 0, 1, 1, -6, 53, 0, 0, 0, 0, 0, 0, 7, 0, 0, 1, 0, 0, 5, 29, 8.9, 42, 3, 4, '2018-03-02 22:50:30'),
(481, 15406, 'https://www.khl.ru/players/15406/', 'https://www.khl.ru/images/teamplayers/6704/15406.jpg', 'Казаковцев', 'Николай', 14, 'СЕВ', 31, 0, 1, 1, -5, 41, 0, 0, 0, 0, 0, 0, 17, 0, 1, 25, 5, 20, 10, 20, 15.3, 44, 14, 3, '2018-03-02 22:50:30'),
(482, 14527, 'https://www.khl.ru/players/14527/', 'https://www.khl.ru/images/teamplayers/6740/14527.jpg', 'Жарков', 'Владимир', 25, 'ЦСК', 35, 0, 1, 1, 0, 18, 0, 0, 0, 0, 0, 0, 33, 0, 1, 16, 5, 31.2, 12, 24, 20.3, 39, 19, 15, '2018-03-02 22:50:30'),
(483, 23503, 'https://www.khl.ru/players/23503/', 'https://www.khl.ru/images/teamplayers/6660/23503.jpg', 'Балдин', 'Кирилл', 67, 'БАР', 0, 0, 0, 0, 0, 0, 0, 0, 0, 0, 0, 0, 0, 0, 0, 0, 0, 0, 0, 0, 0, 0, 0, 0, '2018-03-02 22:50:30'),
(484, 25529, 'https://www.khl.ru/players/25529/', 'https://www.khl.ru/images/teamplayers/6716/25529.jpg', 'Баранов', 'Егор', 33, 'СЛВ', 0, 0, 0, 0, 0, 0, 0, 0, 0, 0, 0, 0, 0, 0, 0, 0, 0, 0, 0, 0, 0, 0, 0, 0, '2018-03-02 22:50:30'),
(485, 22606, 'https://www.khl.ru/players/22606/', 'https://www.khl.ru/images/teamplayers/6640/22606.jpg', 'Зубов', 'Алексей', 38, 'АВГ', 0, 0, 0, 0, 0, 0, 0, 0, 0, 0, 0, 0, 0, 0, 0, 0, 0, 0, 0, 0, 0, 0, 0, 0, '2018-03-02 22:50:30'),
(486, 27828, 'https://www.khl.ru/players/27828/', 'https://www.khl.ru/images/teamplayers/6672/27828.jpg', 'Мисюс', 'Юлианс', 37, 'ДРГ', 0, 0, 0, 0, 0, 0, 0, 0, 0, 0, 0, 0, 0, 0, 0, 0, 0, 0, 0, 0, 0, 0, 0, 0, '2018-03-02 22:50:30'),
(487, 23649, 'https://www.khl.ru/players/23649/', 'https://www.khl.ru/images/teamplayers/6644/23649.jpg', 'Муравьёв', 'Юрий', 69, 'АВТ', 0, 0, 0, 0, 0, 0, 0, 0, 0, 0, 0, 0, 0, 0, 0, 0, 0, 0, 0, 0, 0, 0, 0, 0, '2018-03-02 22:50:30'),
(488, 22124, 'https://www.khl.ru/players/22124/', 'https://www.khl.ru/images/teamplayers/6720/22124.jpg', 'Первов', 'Антон', 68, 'СПР', 0, 0, 0, 0, 0, 0, 0, 0, 0, 0, 0, 0, 0, 0, 0, 0, 0, 0, 0, 0, 0, 0, 0, 0, '2018-03-02 22:50:30'),
(489, 23928, 'https://www.khl.ru/players/23928/', 'https://www.khl.ru/images/teamplayers/6700/23928.jpg', 'Синявский', 'Павел', 72, 'СЮЛ', 0, 0, 0, 0, 0, 0, 0, 0, 0, 0, 0, 0, 0, 0, 0, 0, 0, 0, 0, 0, 0, 0, 0, 0, '2018-03-02 22:50:30'),
(490, 24806, 'https://www.khl.ru/players/24806/', 'https://www.khl.ru/images/teamplayers/6720/24806.jpg', 'Шалагин', 'Михаил', 43, 'СПР', 0, 0, 0, 0, 0, 0, 0, 0, 0, 0, 0, 0, 0, 0, 0, 0, 0, 0, 0, 0, 0, 0, 0, 0, '2018-03-02 22:50:30'),
(491, 20711, 'https://www.khl.ru/players/20711/', 'https://www.khl.ru/images/teamplayers/6700/20711.jpg', 'Баранов', 'Илья', 29, 'СЮЛ', 1, 0, 0, 0, 0, 0, 0, 0, 0, 0, 0, 0, 0, 0, 0, 0, 0, 0, 4, 37, 6, 0, 2, 0, '2018-03-02 22:50:30'),
(492, 22680, 'https://www.khl.ru/players/22680/', 'https://www.khl.ru/images/teamplayers/6688/22680.jpg', 'Беляев', 'Михаил', 68, 'ЛОК', 1, 0, 0, 0, 0, 0, 0, 0, 0, 0, 0, 0, 1, 0, 1, 0, 0, 0, 5, 56, 9, 1, 0, 1, '2018-03-02 22:50:30'),
(493, 21039, 'https://www.khl.ru/players/21039/', 'https://www.khl.ru/images/teamplayers/6732/21039.jpg', 'Бешаров', 'Тимур', 23, 'ДИН', 1, 0, 0, 0, 0, 0, 0, 0, 0, 0, 0, 0, 0, 0, 0, 0, 0, 0, 0, 10, 1, 0, 0, 0, '2018-03-02 22:50:30'),
(494, 22434, 'https://www.khl.ru/players/22434/', 'https://www.khl.ru/images/teamplayers/6688/22434.jpg', 'Бондырев', 'Игорь', 43, 'ЛОК', 1, 0, 0, 0, 0, 0, 0, 0, 0, 0, 0, 0, 0, 0, 0, 0, 0, 0, 3, 43, 6, 0, 0, 0, '2018-03-02 22:50:30'),
(495, 15140, 'https://www.khl.ru/players/15140/', 'https://www.khl.ru/images/teamplayers/6724/15140.jpg', 'Васильев', 'Александр', 35, 'ТОР', 1, 0, 0, 0, 0, 0, 0, 0, 0, 0, 0, 0, 0, 0, 0, 0, 0, 0, 8, 17, 16, 0, 0, 0, '2018-03-02 22:50:30'),
(496, 22155, 'https://www.khl.ru/players/22155/', 'https://www.khl.ru/images/teamplayers/6712/22155.jpg', 'Володин', 'Иван', 82, 'СКА', 1, 0, 0, 0, 0, 0, 0, 0, 0, 0, 0, 0, 1, 0, 1, 0, 0, 0, 10, 33, 16, 1, 0, 0, '2018-03-02 22:50:30'),
(497, 17632, 'https://www.khl.ru/players/17632/', 'https://www.khl.ru/images/teamplayers/6700/17632.jpg', 'Гиматов', 'Эдуард', 8, 'СЮЛ', 1, 0, 0, 0, 0, 0, 0, 0, 0, 0, 0, 0, 0, 0, 0, 0, 0, 0, 8, 29, 13, 2, 0, 0, '2018-03-02 22:50:30'),
(498, 18997, 'https://www.khl.ru/players/18997/', 'https://www.khl.ru/images/teamplayers/6672/18997.jpg', 'Головков', 'Георгс', 83, 'ДРГ', 1, 0, 0, 0, 0, 0, 0, 0, 0, 0, 0, 0, 0, 0, 0, 0, 0, 0, 4, 51, 6, 0, 0, 0, '2018-03-02 22:50:30'),
(499, 23368, 'https://www.khl.ru/players/23368/', 'https://www.khl.ru/images/teamplayers/6692/23368.jpg', 'Коробкин', 'Егор', 94, 'ММГ', 1, 0, 0, 0, 0, 0, 0, 0, 0, 0, 0, 0, 0, 0, 0, 0, 0, 0, 5, 21, 8, 1, 1, 0, '2018-03-02 22:50:30'),
(500, 19533, 'https://www.khl.ru/players/19533/', 'https://www.khl.ru/images/teamplayers/6644/19533.jpg', 'Пилипенко', 'Кирилл', 13, 'АВТ', 1, 0, 0, 0, 0, 0, 0, 0, 0, 0, 0, 0, 0, 0, 0, 0, 0, 0, 7, 30, 11, 1, 0, 0, '2018-03-02 22:50:30'),
(501, 21084, 'https://www.khl.ru/players/21084/', 'https://www.khl.ru/images/teamplayers/6684/21084.jpg', 'Сулейманов', 'Рамиль', 42, 'ЛАД', 1, 0, 0, 0, 0, 0, 0, 0, 0, 0, 0, 0, 0, 0, 0, 0, 0, 0, 4, 57, 7, 1, 0, 0, '2018-03-02 22:50:30'),
(502, 23464, 'https://www.khl.ru/players/23464/', 'https://www.khl.ru/images/teamplayers/6696/23464.jpg', 'Хафизов', 'Тимур', 87, 'НХК', 1, 0, 0, 0, 0, 0, 0, 0, 0, 0, 0, 0, 0, 0, 0, 0, 0, 0, 0, 50, 2, 0, 0, 0, '2018-03-02 22:50:30'),
(503, 19094, 'https://www.khl.ru/players/19094/', 'https://www.khl.ru/images/teamplayers/6744/19094.jpg', 'Шураков', 'Денис', 55, 'ТОР', 1, 0, 0, 0, 0, 0, 0, 0, 0, 0, 0, 0, 0, 0, 0, 0, 0, 0, 5, 33, 6, 0, 1, 0, '2018-03-02 22:50:30'),
(504, 23827, 'https://www.khl.ru/players/23827/', 'https://www.khl.ru/images/teamplayers/6660/23827.jpg', 'Муратов', 'Батырлан', 15, 'БАР', 1, 0, 0, 0, 0, 2, 0, 0, 0, 0, 0, 0, 0, 0, 0, 0, 0, 0, 4, 7, 8, 0, 0, 0, '2018-03-02 22:50:30'),
(505, 25046, 'https://www.khl.ru/players/25046/', 'https://www.khl.ru/images/teamplayers/6660/25046.jpg', 'Данияр', 'Саян', 17, 'БАР', 1, 0, 0, 0, -1, 0, 0, 0, 0, 0, 0, 0, 0, 0, 0, 0, 0, 0, 5, 1, 9, 1, 0, 1, '2018-03-02 22:50:30'),
(506, 22572, 'https://www.khl.ru/players/22572/', 'https://www.khl.ru/images/teamplayers/6720/22572.jpg', 'Жолобов', 'Михаил', 42, 'СПР', 1, 0, 0, 0, -1, 0, 0, 0, 0, 0, 0, 0, 0, 0, 0, 0, 0, 0, 3, 15, 5, 0, 0, 0, '2018-03-02 22:50:30'),
(507, 21593, 'https://www.khl.ru/players/21593/', 'https://www.khl.ru/images/teamplayers/6712/21593.jpg', 'Квартальнов', 'Данила', 78, 'СКА', 1, 0, 0, 0, -1, 0, 0, 0, 0, 0, 0, 0, 2, 0, 2, 12, 7, 58.3, 12, 9, 17, 0, 0, 0, '2018-03-02 22:50:30'),
(508, 26742, 'https://www.khl.ru/players/26742/', 'https://www.khl.ru/images/teamplayers/6744/26742.jpg', 'Морозов', 'Иван', 31, 'ЮГР', 1, 0, 0, 0, -1, 0, 0, 0, 0, 0, 0, 0, 0, 0, 0, 0, 0, 0, 2, 13, 2, 0, 0, 0, '2018-03-02 22:50:30'),
(509, 22294, 'https://www.khl.ru/players/22294/', 'https://www.khl.ru/images/teamplayers/6712/22294.jpg', 'Полодян', 'Алексей', 62, 'СКА', 1, 0, 0, 0, -2, 0, 0, 0, 0, 0, 0, 0, 0, 0, 0, 0, 0, 0, 6, 4, 12, 0, 0, 0, '2018-03-02 22:50:30'),
(510, 18485, 'https://www.khl.ru/players/18485/', 'https://www.khl.ru/images/teamplayers/6644/18485.jpg', 'Сетдиков', 'Никита', 37, 'АВТ', 1, 0, 0, 0, -2, 0, 0, 0, 0, 0, 0, 0, 3, 0, 3, 1, 1, 100, 14, 30, 20, 0, 0, 1, '2018-03-02 22:50:30'),
(511, 13803, 'https://www.khl.ru/players/13803/', 'https://www.khl.ru/images/teamplayers/6648/13803.jpg', 'Другов', 'Виктор', 33, 'АДМ', 2, 0, 0, 0, 1, 0, 0, 0, 0, 0, 0, 0, 0, 0, 0, 0, 0, 0, 6, 36, 10.5, 0, 2, 0, '2018-03-02 22:50:30'),
(512, 22162, 'https://www.khl.ru/players/22162/', 'https://www.khl.ru/images/teamplayers/6692/22162.jpg', 'Дюкарев', 'Владислав', 97, 'ММГ', 2, 0, 0, 0, 1, 0, 0, 0, 0, 0, 0, 0, 0, 0, 0, 11, 7, 63.6, 9, 20, 14, 0, 0, 0, '2018-03-02 22:50:30'),
(513, 24381, 'https://www.khl.ru/players/24381/', 'https://www.khl.ru/images/teamplayers/6688/24381.jpg', 'Коваленко', 'Николай', 51, 'ЛОК', 2, 0, 0, 0, 1, 0, 0, 0, 0, 0, 0, 0, 4, 0, 2, 1, 1, 100, 10, 37, 17.5, 6, 2, 0, '2018-03-02 22:50:30'),
(514, 14375, 'https://www.khl.ru/players/14375/', 'https://www.khl.ru/images/teamplayers/6728/14375.jpg', 'Сентюрин', 'Сергей', 14, 'ТРК', 2, 0, 0, 0, 1, 0, 0, 0, 0, 0, 0, 0, 1, 0, 1, 0, 0, 0, 10, 49, 15, 3, 2, 0, '2018-03-02 22:50:30'),
(515, 17599, 'https://www.khl.ru/players/17599/', 'https://www.khl.ru/images/teamplayers/6740/17599.jpg', 'Антипов', 'Артём', 19, 'ЦСК', 2, 0, 0, 0, 0, 0, 0, 0, 0, 0, 0, 0, 4, 0, 2, 1, 0, 0, 8, 3, 14.5, 2, 0, 1, '2018-03-02 22:50:30'),
(516, 22433, 'https://www.khl.ru/players/22433/', 'https://www.khl.ru/images/teamplayers/6660/22433.jpg', 'Мельников', 'Сергей', 91, 'БАР', 2, 0, 0, 0, 0, 0, 0, 0, 0, 0, 0, 0, 2, 0, 1, 0, 0, 0, 1, 31, 3, 3, 1, 0, '2018-03-02 22:50:30'),
(517, 15070, 'https://www.khl.ru/players/15070/', 'https://www.khl.ru/images/teamplayers/6744/15070.jpg', 'Моня', 'Дмитрий', 21, 'ЮГР', 2, 0, 0, 0, 0, 0, 0, 0, 0, 0, 0, 0, 1, 0, 1, 1, 0, 0, 9, 34, 15, 0, 0, 0, '2018-03-02 22:50:30'),
(518, 19457, 'https://www.khl.ru/players/19457/', 'https://www.khl.ru/images/teamplayers/6712/19457.jpg', 'Орлович-Грудков', 'Денис', 72, 'СКА', 2, 0, 0, 0, 0, 0, 0, 0, 0, 0, 0, 0, 2, 0, 1, 0, 0, 0, 8, 30, 13.5, 0, 1, 0, '2018-03-02 22:50:30'),
(519, 16555, 'https://www.khl.ru/players/16555/', 'https://www.khl.ru/images/teamplayers/6740/16555.jpg', 'Пешехонов', 'Владимир', 98, 'ЦСК', 2, 0, 0, 0, 0, 0, 0, 0, 0, 0, 0, 0, 0, 0, 0, 9, 4, 44.4, 7, 14, 12.5, 4, 0, 0, '2018-03-02 22:50:30'),
(520, 22248, 'https://www.khl.ru/players/22248/', 'https://www.khl.ru/images/teamplayers/6744/22248.jpg', 'Попов', 'Егор', 11, 'ЮГР', 2, 0, 0, 0, 0, 0, 0, 0, 0, 0, 0, 0, 0, 0, 0, 1, 0, 0, 9, 27, 13, 1, 1, 0, '2018-03-02 22:50:30'),
(521, 24875, 'https://www.khl.ru/players/24875/', 'https://www.khl.ru/images/teamplayers/6744/24875.jpg', 'Попов', 'Кирилл', 24, 'ЮГР', 2, 0, 0, 0, 0, 0, 0, 0, 0, 0, 0, 0, 0, 0, 0, 0, 0, 0, 9, 17, 14.5, 1, 0, 0, '2018-03-02 22:50:30'),
(522, 21797, 'https://www.khl.ru/players/21797/', 'https://www.khl.ru/images/teamplayers/6716/21797.jpg', 'Безух', 'Юрай', 93, 'СЛВ', 2, 0, 0, 0, -1, 0, 0, 0, 0, 0, 0, 0, 1, 0, 1, 2, 1, 50, 8, 14, 12.5, 0, 0, 1, '2018-03-02 22:50:30'),
(523, 24572, 'https://www.khl.ru/players/24572/', 'https://www.khl.ru/images/teamplayers/6732/24572.jpg', 'Бицадзе', 'Михаил', 9, 'ДИН', 2, 0, 0, 0, -1, 0, 0, 0, 0, 0, 0, 0, 1, 0, 1, 4, 2, 50, 3, 21, 5.5, 0, 1, 0, '2018-03-02 22:50:30'),
(524, 20995, 'https://www.khl.ru/players/20995/', 'https://www.khl.ru/images/teamplayers/6644/20995.jpg', 'Кузнецов', 'Владимир', 28, 'АВТ', 2, 0, 0, 0, -1, 0, 0, 0, 0, 0, 0, 0, 1, 0, 1, 0, 0, 0, 4, 56, 9, 0, 0, 0, '2018-03-02 22:50:30'),
(525, 21180, 'https://www.khl.ru/players/21180/', 'https://www.khl.ru/images/teamplayers/6704/21180.jpg', 'Лапин', 'Сергей', 96, 'СЕВ', 2, 0, 0, 0, -1, 0, 0, 0, 0, 0, 0, 0, 1, 0, 1, 0, 0, 0, 6, 53, 13, 0, 0, 0, '2018-03-02 22:50:30'),
(526, 25825, 'https://www.khl.ru/players/25825/', 'https://www.khl.ru/images/teamplayers/6744/25825.jpg', 'Марченко', 'Кирилл', 32, 'ЮГР', 2, 0, 0, 0, -1, 0, 0, 0, 0, 0, 0, 0, 3, 0, 2, 1, 1, 100, 13, 51, 19, 0, 1, 0, '2018-03-02 22:50:30'),
(527, 24882, 'https://www.khl.ru/players/24882/', 'https://www.khl.ru/images/teamplayers/6744/24882.jpg', 'Яремчук', 'Александр', 70, 'ЮГР', 2, 0, 0, 0, -1, 0, 0, 0, 0, 0, 0, 0, 2, 0, 1, 0, 0, 0, 7, 1, 11, 1, 1, 1, '2018-03-02 22:50:30'),
(528, 15566, 'https://www.khl.ru/players/15566/', 'https://www.khl.ru/images/teamplayers/6660/15566.jpg', 'Савенков', 'Константин', 26, 'БАР', 2, 0, 0, 0, -2, 0, 0, 0, 0, 0, 0, 0, 3, 0, 2, 7, 3, 42.9, 11, 41, 15.5, 3, 0, 0, '2018-03-02 22:50:30'),
(529, 20190, 'https://www.khl.ru/players/20190/', 'https://www.khl.ru/images/teamplayers/6716/20190.jpg', 'Рамстедт', 'Тему', 46, 'СЛВ', 2, 0, 0, 0, -3, 0, 0, 0, 0, 0, 0, 0, 2, 0, 1, 11, 4, 36.4, 7, 17, 10, 0, 0, 0, '2018-03-02 22:50:30'),
(530, 19223, 'https://www.khl.ru/players/19223/', 'https://www.khl.ru/images/teamplayers/6744/19223.jpg', 'Лаута', 'Артур', 10, 'ЮГР', 3, 0, 0, 0, 0, 0, 0, 0, 0, 0, 0, 0, 5, 0, 2, 0, 0, 0, 10, 30, 16.7, 3, 0, 0, '2018-03-02 22:50:30'),
(531, 16234, 'https://www.khl.ru/players/16234/', 'https://www.khl.ru/images/teamplayers/6680/16234.jpg', 'Мокин', 'Михаил', 29, 'КРС', 3, 0, 0, 0, 0, 0, 0, 0, 0, 0, 0, 0, 1, 0, 0, 1, 0, 0, 7, 45, 11, 1, 1, 0, '2018-03-02 22:50:30'),
(532, 28904, 'https://www.khl.ru/players/28904/', 'https://www.khl.ru/images/teamplayers/6744/28904.jpg', 'Морен', 'Джереми', 44, 'ЮГР', 3, 0, 0, 0, 0, 0, 0, 0, 0, 0, 0, 0, 4, 0, 1, 2, 2, 100, 11, 42, 19, 0, 0, 2, '2018-03-02 22:50:30'),
(533, 21313, 'https://www.khl.ru/players/21313/', 'https://www.khl.ru/images/teamplayers/6700/21313.jpg', 'Бобылёв', 'Владимир', 14, 'СЮЛ', 3, 0, 0, 0, -1, 4, 0, 0, 0, 0, 0, 0, 2, 0, 1, 0, 0, 0, 6, 43, 9, 2, 1, 0, '2018-03-02 22:50:30'),
(534, 23741, 'https://www.khl.ru/players/23741/', 'https://www.khl.ru/images/teamplayers/6744/23741.jpg', 'Гайдеик', 'Владимир', 15, 'ЮГР', 3, 0, 0, 0, -3, 0, 0, 0, 0, 0, 0, 0, 2, 0, 1, 0, 0, 0, 9, 8, 14.3, 0, 1, 0, '2018-03-02 22:50:30'),
(535, 23744, 'https://www.khl.ru/players/23744/', 'https://www.khl.ru/images/teamplayers/6744/23744.jpg', 'Еркин', 'Денис', 8, 'ЮГР', 3, 0, 0, 0, -3, 0, 0, 0, 0, 0, 0, 0, 5, 0, 2, 23, 9, 39.1, 9, 45, 14.7, 2, 1, 0, '2018-03-02 22:50:30'),
(536, 15739, 'https://www.khl.ru/players/15739/', 'https://www.khl.ru/images/teamplayers/6736/15739.jpg', 'Мальцев', 'Дмитрий', 18, 'СОЧ', 4, 0, 0, 0, 0, 0, 0, 0, 0, 0, 0, 0, 5, 0, 1, 3, 1, 33.3, 12, 7, 19.2, 6, 0, 0, '2018-03-02 22:50:30'),
(537, 22604, 'https://www.khl.ru/players/22604/', 'https://www.khl.ru/images/teamplayers/6688/22604.jpg', 'Романов', 'Иван', 13, 'ЛОК', 4, 0, 0, 0, 0, 0, 0, 0, 0, 0, 0, 0, 1, 0, 0, 0, 0, 0, 4, 29, 9.2, 1, 0, 0, '2018-03-02 22:50:30'),
(538, 17661, 'https://www.khl.ru/players/17661/', 'https://www.khl.ru/images/teamplayers/6708/17661.jpg', 'Яковлев', 'Алексей', 61, 'СИБ', 4, 0, 0, 0, -1, 0, 0, 0, 0, 0, 0, 0, 5, 0, 1, 4, 2, 50, 11, 23, 17.2, 1, 2, 0, '2018-03-02 22:50:30'),
(539, 4236, 'https://www.khl.ru/players/4236/', 'https://www.khl.ru/images/teamplayers/6720/4236.jpg', 'Потапов', 'Максим', 15, 'СПР', 4, 0, 0, 0, -2, 2, 0, 0, 0, 0, 0, 0, 2, 0, 1, 1, 0, 0, 11, 42, 16.2, 2, 2, 0, '2018-03-02 22:50:30'),
(540, 19285, 'https://www.khl.ru/players/19285/', 'https://www.khl.ru/images/teamplayers/6648/19285.jpg', 'Ковалёв', 'Денис', 27, 'АДМ', 5, 0, 0, 0, 0, 0, 0, 0, 0, 0, 0, 0, 3, 0, 1, 33, 13, 39.4, 6, 37, 10.8, 4, 1, 0, '2018-03-02 22:50:30'),
(541, 24539, 'https://www.khl.ru/players/24539/', 'https://www.khl.ru/images/teamplayers/6700/24539.jpg', 'Скориков', 'Даниил', 99, 'СЮЛ', 5, 0, 0, 0, 0, 0, 0, 0, 0, 0, 0, 0, 0, 0, 0, 0, 0, 0, 0, 57, 2, 0, 1, 0, '2018-03-02 22:50:30'),
(542, 17180, 'https://www.khl.ru/players/17180/', 'https://www.khl.ru/images/teamplayers/6728/17180.jpg', 'Мошаров', 'Денис', 93, 'ТРК', 5, 0, 0, 0, 0, 4, 0, 0, 0, 0, 0, 0, 5, 0, 1, 0, 0, 0, 8, 25, 13, 6, 1, 1, '2018-03-02 22:50:30'),
(543, 16140, 'https://www.khl.ru/players/16140/', 'https://www.khl.ru/images/teamplayers/6656/16140.jpg', 'Назаров', 'Юрий', 18, 'АМР', 5, 0, 0, 0, -1, 0, 0, 0, 0, 0, 0, 0, 6, 0, 1, 0, 0, 0, 7, 17, 11.8, 2, 0, 0, '2018-03-02 22:50:30'),
(544, 22125, 'https://www.khl.ru/players/22125/', 'https://www.khl.ru/images/teamplayers/6720/22125.jpg', 'Ли', 'Никита', 97, 'СПР', 5, 0, 0, 0, -1, 2, 0, 0, 0, 0, 0, 0, 2, 0, 0, 1, 1, 100, 5, 2, 7.4, 3, 1, 3, '2018-03-02 22:50:30'),
(545, 21086, 'https://www.khl.ru/players/21086/', 'https://www.khl.ru/images/teamplayers/6728/21086.jpg', 'Безруков', 'Иван', 99, 'ТРК', 5, 0, 0, 0, -2, 0, 0, 0, 0, 0, 0, 0, 1, 0, 0, 0, 0, 0, 4, 47, 7, 2, 1, 1, '2018-03-02 22:50:30'),
(546, 25049, 'https://www.khl.ru/players/25049/', 'https://www.khl.ru/images/teamplayers/6644/25049.jpg', 'Белоцкий', 'Артём', 89, 'АВТ', 5, 0, 0, 0, -2, 0, 0, 0, 0, 0, 0, 0, 3, 0, 1, 1, 0, 0, 7, 13, 10.6, 4, 0, 0, '2018-03-02 22:50:30'),
(547, 15903, 'https://www.khl.ru/players/15903/', 'https://www.khl.ru/images/teamplayers/6708/15903.jpg', 'Барбашев', 'Сергей', 62, 'СИБ', 6, 0, 0, 0, 0, 2, 0, 0, 0, 0, 0, 0, 3, 0, 1, 1, 0, 0, 11, 47, 16.8, 1, 5, 2, '2018-03-02 22:50:30'),
(548, 21893, 'https://www.khl.ru/players/21893/', 'https://www.khl.ru/images/teamplayers/6648/21893.jpg', 'Крикуненко', 'Роман', 87, 'АДМ', 6, 0, 0, 0, 0, 2, 0, 0, 0, 0, 0, 0, 1, 0, 0, 35, 15, 42.9, 8, 35, 10.8, 1, 1, 3, '2018-03-02 22:50:30'),
(549, 19758, 'https://www.khl.ru/players/19758/', 'https://www.khl.ru/images/teamplayers/6660/19758.jpg', 'Гренц', 'Дмитрий', 29, 'БАР', 6, 0, 0, 0, -1, 2, 0, 0, 0, 0, 0, 0, 5, 0, 1, 38, 19, 50, 10, 39, 15.5, 4, 2, 2, '2018-03-02 22:50:30'),
(550, 25299, 'https://www.khl.ru/players/25299/', 'https://www.khl.ru/images/teamplayers/6672/25299.jpg', 'Гиллис', 'Колтон', 81, 'ДРГ', 6, 0, 0, 0, -1, 4, 0, 0, 0, 0, 0, 0, 3, 0, 1, 1, 0, 0, 13, 16, 19, 12, 7, 2, '2018-03-02 22:50:30'),
(551, 19513, 'https://www.khl.ru/players/19513/', 'https://www.khl.ru/images/teamplayers/6704/19513.jpg', 'Кодола', 'Владислав', 21, 'СЕВ', 6, 0, 0, 0, -2, 2, 0, 0, 0, 0, 0, 0, 6, 0, 1, 15, 6, 40, 7, 24, 10.8, 1, 4, 1, '2018-03-02 22:50:30'),
(552, 18779, 'https://www.khl.ru/players/18779/', 'https://www.khl.ru/images/teamplayers/6648/18779.jpg', 'Иванов', 'Илья', 76, 'АДМ', 7, 0, 0, 0, 0, 2, 0, 0, 0, 0, 0, 0, 7, 0, 1, 63, 32, 50.8, 13, 36, 19.6, 1, 5, 0, '2018-03-02 22:50:30'),
(553, 4111, 'https://www.khl.ru/players/4111/', 'https://www.khl.ru/images/teamplayers/6672/4111.jpg', 'Чистов', 'Станислав', 32, 'СПР', 8, 0, 0, 0, 0, 0, 0, 0, 0, 0, 0, 0, 5, 0, 1, 1, 0, 0, 8, 23, 12.2, 1, 0, 0, '2018-03-02 22:50:30'),
(554, 24138, 'https://www.khl.ru/players/24138/', 'https://www.khl.ru/images/teamplayers/6656/24138.jpg', 'Беляков', 'Иван', 67, 'АМР', 8, 0, 0, 0, 0, 4, 0, 0, 0, 0, 0, 0, 3, 0, 0, 1, 0, 0, 4, 17, 7.9, 2, 0, 1, '2018-03-02 22:50:30'),
(555, 19200, 'https://www.khl.ru/players/19200/', 'https://www.khl.ru/images/teamplayers/6668/19200.jpg', 'Амброжейчик', 'Дмитрий', 63, 'ДМН', 8, 0, 0, 0, -1, 0, 0, 0, 0, 0, 0, 0, 6, 0, 1, 0, 0, 0, 6, 0, 8.2, 2, 2, 0, '2018-03-02 22:50:30'),
(556, 17668, 'https://www.khl.ru/players/17668/', 'https://www.khl.ru/images/teamplayers/6728/17668.jpg', 'Тридчиков', 'Александр', 95, 'ТРК', 8, 0, 0, 0, -1, 2, 0, 0, 0, 0, 0, 0, 7, 0, 1, 0, 0, 0, 5, 14, 7.2, 12, 1, 0, '2018-03-02 22:50:30'),
(557, 20260, 'https://www.khl.ru/players/20260/', 'https://www.khl.ru/images/teamplayers/6692/20260.jpg', 'Железков', 'Артём', 16, 'ММГ', 8, 0, 0, 0, -3, 2, 0, 0, 0, 0, 0, 0, 4, 0, 1, 8, 7, 87.5, 5, 45, 9, 5, 2, 0, '2018-03-02 22:50:30'),
(558, 15649, 'https://www.khl.ru/players/15649/', 'https://www.khl.ru/images/teamplayers/6656/15649.jpg', 'Голубев', 'Денис', 19, 'АКБ', 10, 0, 0, 0, 2, 12, 0, 0, 0, 0, 0, 0, 11, 0, 1, 33, 15, 45.5, 11, 28, 17.3, 15, 1, 0, '2018-03-02 22:50:30'),
(559, 16549, 'https://www.khl.ru/players/16549/', 'https://www.khl.ru/images/teamplayers/6732/16549.jpg', 'Злобин', 'Антон', 93, 'ДИН', 10, 0, 0, 0, 0, 4, 0, 0, 0, 0, 0, 0, 10, 0, 1, 1, 1, 100, 11, 49, 17.7, 9, 4, 0, '2018-03-02 22:50:30'),
(560, 17707, 'https://www.khl.ru/players/17707/', 'https://www.khl.ru/images/teamplayers/6656/17707.jpg', 'Руденков', 'Игорь', 46, 'АМР', 10, 0, 0, 0, -2, 4, 0, 0, 0, 0, 0, 0, 11, 0, 1, 3, 1, 33.3, 8, 57, 14.5, 15, 2, 2, '2018-03-02 22:50:30'),
(561, 26930, 'https://www.khl.ru/players/26930/', 'https://www.khl.ru/images/teamplayers/6680/26930.jpg', 'Сквайрз', 'Грег', 26, 'КРС', 10, 0, 0, 0, -4, 0, 0, 0, 0, 0, 0, 0, 9, 0, 1, 0, 0, 0, 7, 22, 10.7, 5, 2, 0, '2018-03-02 22:50:30'),
(562, 22888, 'https://www.khl.ru/players/22888/', 'https://www.khl.ru/images/teamplayers/6652/22888.jpg', 'Кара', 'Владислав', 42, 'АКБ', 11, 0, 0, 0, -1, 0, 0, 0, 0, 0, 0, 0, 1, 0, 0, 0, 0, 0, 3, 26, 4.8, 1, 0, 0, '2018-03-02 22:50:30'),
(563, 24777, 'https://www.khl.ru/players/24777/', 'https://www.khl.ru/images/teamplayers/6716/24777.jpg', 'Глинка', 'Михал', 13, 'СЛВ', 12, 0, 0, 0, -7, 8, 0, 0, 0, 0, 0, 0, 10, 0, 1, 9, 2, 22.2, 10, 31, 16.6, 10, 2, 1, '2018-03-02 22:50:30'),
(564, 23468, 'https://www.khl.ru/players/23468/', 'https://www.khl.ru/images/teamplayers/6664/23468.jpg', 'Горохов', 'Павел', 41, 'ВИТ', 13, 0, 0, 0, -1, 0, 0, 0, 0, 0, 0, 0, 3, 0, 0, 0, 0, 0, 1, 34, 3.2, 1, 0, 0, '2018-03-02 22:50:30'),
(565, 22290, 'https://www.khl.ru/players/22290/', 'https://www.khl.ru/images/teamplayers/6712/22290.jpg', 'Алтыбармакян', 'Андрей', 96, 'СКА', 14, 0, 0, 0, 0, 4, 0, 0, 0, 0, 0, 0, 10, 0, 1, 7, 2, 28.6, 5, 14, 7.6, 4, 0, 3, '2018-03-02 22:50:30'),
(566, 19201, 'https://www.khl.ru/players/19201/', 'https://www.khl.ru/images/teamplayers/6708/19201.jpg', 'Горбунов', 'Денис', 87, 'СИБ', 14, 0, 0, 0, -4, 4, 0, 0, 0, 0, 0, 0, 2, 0, 0, 82, 32, 39, 8, 26, 12.8, 3, 11, 2, '2018-03-02 22:50:31'),
(567, 22177, 'https://www.khl.ru/players/22177/', 'https://www.khl.ru/images/teamplayers/6736/22177.jpg', 'Мироманов', 'Даниил', 8, 'СОЧ', 15, 0, 0, 0, -2, 2, 0, 0, 0, 0, 0, 0, 5, 0, 0, 0, 0, 0, 3, 43, 5.4, 0, 5, 0, '2018-03-02 22:50:31'),
(568, 22987, 'https://www.khl.ru/players/22987/', 'https://www.khl.ru/images/teamplayers/6644/22987.jpg', 'Рассейкин', 'Максим', 71, 'АВТ', 17, 0, 0, 0, -3, 4, 0, 0, 0, 0, 0, 0, 13, 0, 1, 7, 3, 42.9, 6, 28, 10.2, 3, 2, 2, '2018-03-02 22:50:31'),
(569, 21896, 'https://www.khl.ru/players/21896/', 'https://www.khl.ru/images/teamplayers/6688/21896.jpg', 'Юртайкин', 'Данил', 50, 'ЛОК', 18, 0, 0, 0, -1, 4, 0, 0, 0, 0, 0, 0, 24, 0, 1, 1, 0, 0, 8, 24, 14.7, 5, 4, 6, '2018-03-02 22:50:31'),
(570, 27000, 'https://www.khl.ru/players/27000/', 'https://www.khl.ru/images/teamplayers/6736/27000.jpg', 'Старков', 'Степан', 10, 'СОЧ', 18, 0, 0, 0, -2, 0, 0, 0, 0, 0, 0, 0, 7, 0, 0, 0, 0, 0, 5, 47, 7.7, 3, 2, 1, '2018-03-02 22:50:31'),
(571, 18958, 'https://www.khl.ru/players/18958/', 'https://www.khl.ru/images/teamplayers/6648/18958.jpg', 'Сергеенко', 'Георгий', 91, 'АДМ', 18, 0, 0, 0, -4, 10, 0, 0, 0, 0, 0, 0, 25, 0, 1, 64, 24, 37.5, 8, 40, 12.3, 7, 3, 4, '2018-03-02 22:50:31'),
(572, 23933, 'https://www.khl.ru/players/23933/', 'https://www.khl.ru/images/teamplayers/6720/23933.jpg', 'Цыплаков', 'Максим', 25, 'СПР', 20, 0, 0, 0, -5, 4, 0, 0, 0, 0, 0, 0, 16, 0, 1, 4, 3, 75, 5, 11, 8, 12, 2, 3, '2018-03-02 22:50:31'),
(573, 14263, 'https://www.khl.ru/players/14263/', 'https://www.khl.ru/images/teamplayers/6656/14263.jpg', 'Величкин', 'Игорь', 14, 'АМР', 22, 0, 0, 0, -7, 30, 0, 0, 0, 0, 0, 0, 16, 0, 1, 122, 53, 43.4, 9, 14, 14.7, 6, 4, 2, '2018-03-02 22:50:31'),
(574, 15990, 'https://www.khl.ru/players/15990/', 'https://www.khl.ru/images/teamplayers/6728/15990.jpg', 'Губарев', 'Данил', 8, 'ТРК', 25, 0, 0, 0, -3, 12, 0, 0, 0, 0, 0, 0, 15, 0, 1, 1, 0, 0, 10, 25, 14, 7, 10, 1, '2018-03-02 22:50:31'),
(575, 23931, 'https://www.khl.ru/players/23931/', 'https://www.khl.ru/images/teamplayers/6664/23931.jpg', 'Моисеев', 'Данила', 93, 'ВИТ', 26, 0, 0, 0, -3, 0, 0, 0, 0, 0, 0, 0, 11, 0, 0, 26, 8, 30.8, 4, 2, 5.9, 6, 6, 0, '2018-03-02 22:50:31');

-- --------------------------------------------------------

--
-- Структура таблицы `stat_defenders`
--

CREATE TABLE IF NOT EXISTS `stat_defenders` (
  `num` int(11) DEFAULT NULL,
  `id_player` int(11) DEFAULT NULL,
  `profile` varchar(255) DEFAULT NULL,
  `image` varchar(255) DEFAULT NULL,
  `last_name` varchar(255) DEFAULT NULL,
  `first_name` varchar(255) DEFAULT NULL,
  `number` int(11) DEFAULT NULL,
  `club` varchar(255) DEFAULT NULL,
  `games` int(11) DEFAULT NULL,
  `pucks` int(11) DEFAULT NULL,
  `pass` int(11) DEFAULT NULL,
  `scores` int(11) DEFAULT NULL,
  `plus_minus` int(11) DEFAULT NULL,
  `penalty` int(11) DEFAULT NULL,
  `pucks_equal` int(11) DEFAULT NULL,
  `pucks_most` int(11) DEFAULT NULL,
  `pucks_min` int(11) DEFAULT NULL,
  `pucks_ot` int(11) DEFAULT NULL,
  `pucks_win` int(11) DEFAULT NULL,
  `bullets_win` int(11) DEFAULT NULL,
  `throw` int(11) DEFAULT NULL,
  `throw_percent` float DEFAULT NULL,
  `throw_games` int(11) DEFAULT NULL,
  `faceoff` int(11) DEFAULT NULL,
  `faceoff_win` int(11) DEFAULT NULL,
  `faceoff_percent` float DEFAULT NULL,
  `time_game_m` int(11) DEFAULT NULL,
  `time_game_s` int(11) DEFAULT NULL,
  `change_game` float DEFAULT NULL,
  `power_recep` int(11) DEFAULT NULL,
  `block_throw` int(11) DEFAULT NULL,
  `fouls_against` int(11) DEFAULT NULL,
  `date_wrte` datetime DEFAULT NULL
) ENGINE=InnoDB DEFAULT CHARSET=utf8;

--
-- Дамп данных таблицы `stat_defenders`
--

INSERT INTO `stat_defenders` (`num`, `id_player`, `profile`, `image`, `last_name`, `first_name`, `number`, `club`, `games`, `pucks`, `pass`, `scores`, `plus_minus`, `penalty`, `pucks_equal`, `pucks_most`, `pucks_min`, `pucks_ot`, `pucks_win`, `bullets_win`, `throw`, `throw_percent`, `throw_games`, `faceoff`, `faceoff_win`, `faceoff_percent`, `time_game_m`, `time_game_s`, `change_game`, `power_recep`, `block_throw`, `fouls_against`, `date_wrte`) VALUES
(1, 22308, 'https://www.khl.ru/players/22308/', 'https://www.khl.ru/images/teamplayers/6700/22308.jpg', 'Ларсен', 'Филип', 36, 'СЮЛ', 54, 11, 27, 38, 10, 16, 4, 7, 0, 0, 2, 0, 172, 6.4, 3, 2, 0, 0, 24, 46, 25.8, 54, 66, 9, '2018-03-02 22:49:21'),
(2, 22367, 'https://www.khl.ru/players/22367/', 'https://www.khl.ru/images/teamplayers/6712/22367.jpg', 'Херсли', 'Патрик', 6, 'СКА', 43, 14, 21, 35, 18, 20, 4, 10, 0, 2, 4, 0, 149, 9.4, 4, 0, 0, 0, 18, 12, 21.4, 15, 29, 4, '2018-03-02 22:49:21'),
(3, 17545, 'https://www.khl.ru/players/17545/', 'https://www.khl.ru/images/teamplayers/6688/17545.jpg', 'Кронвалль', 'Стаффан', 27, 'ЛОК', 55, 10, 25, 35, 16, 10, 5, 5, 0, 0, 2, 2, 145, 6.9, 3, 0, 0, 0, 20, 51, 26.6, 22, 84, 2, '2018-03-02 22:49:21'),
(4, 20708, 'https://www.khl.ru/players/20708/', 'https://www.khl.ru/images/teamplayers/6668/20708.jpg', 'Граньяни', 'Марк-Андре', 17, 'ДМН', 55, 6, 29, 35, -11, 54, 4, 2, 0, 0, 1, 0, 109, 5.5, 2, 1, 1, 100, 21, 56, 25.4, 16, 57, 8, '2018-03-02 22:49:21'),
(5, 12810, 'https://www.khl.ru/players/12810/', 'https://www.khl.ru/images/teamplayers/6652/12810.jpg', 'Марков', 'Андрей', 79, 'АКБ', 55, 5, 28, 33, 7, 42, 0, 5, 0, 0, 1, 0, 83, 6, 2, 0, 0, 0, 21, 37, 26.2, 15, 48, 3, '2018-03-02 22:49:21'),
(6, 15317, 'https://www.khl.ru/players/15317/', 'https://www.khl.ru/images/teamplayers/6660/15317.jpg', 'Даллмэн', 'Кевин', 38, 'БАР', 53, 7, 24, 31, -4, 37, 2, 5, 0, 0, 0, 0, 148, 4.7, 3, 1, 0, 0, 22, 36, 23, 36, 50, 3, '2018-03-02 22:49:21'),
(7, 11034, 'https://www.khl.ru/players/11034/', 'https://www.khl.ru/images/teamplayers/6640/11034.jpg', 'Медведев', 'Евгений', 82, 'АВГ', 54, 11, 19, 30, 12, 34, 9, 2, 0, 0, 1, 0, 170, 6.5, 3, 20, 5, 25, 22, 1, 25.8, 29, 28, 7, '2018-03-02 22:49:21'),
(8, 22147, 'https://www.khl.ru/players/22147/', 'https://www.khl.ru/images/teamplayers/6728/22147.jpg', 'Бэйлен', 'Ник', 55, 'ТРК', 56, 11, 19, 30, 2, 41, 5, 6, 0, 0, 5, 4, 162, 6.8, 3, 0, 0, 0, 19, 49, 24.4, 27, 63, 10, '2018-03-02 22:49:21'),
(9, 19012, 'https://www.khl.ru/players/19012/', 'https://www.khl.ru/images/teamplayers/6664/19012.jpg', 'Мозик', 'Войтех', 27, 'ВИТ', 55, 9, 21, 30, 14, 46, 6, 3, 0, 0, 2, 0, 163, 5.5, 3, 0, 0, 0, 22, 0, 27.2, 25, 70, 11, '2018-03-02 22:49:21'),
(10, 17277, 'https://www.khl.ru/players/17277/', 'https://www.khl.ru/images/teamplayers/6676/17277.jpg', 'Лепистё', 'Сами', 18, 'ЙОК', 56, 7, 22, 29, 9, 34, 2, 5, 0, 0, 1, 0, 124, 5.6, 2, 0, 0, 0, 21, 12, 25.4, 31, 36, 13, '2018-03-02 22:49:21'),
(11, 6342, 'https://www.khl.ru/players/6342/', 'https://www.khl.ru/images/teamplayers/6732/6342.jpg', 'Никулин', 'Илья', 5, 'ДИН', 56, 12, 15, 27, 6, 28, 4, 8, 0, 0, 1, 0, 138, 8.7, 3, 0, 0, 0, 22, 7, 30.4, 40, 66, 14, '2018-03-02 22:49:21'),
(12, 18742, 'https://www.khl.ru/players/18742/', 'https://www.khl.ru/images/teamplayers/6688/18742.jpg', 'Накладал', 'Якуб', 22, 'ЛОК', 54, 9, 18, 27, 17, 48, 3, 6, 0, 1, 2, 0, 189, 4.8, 4, 1, 0, 0, 21, 31, 26.2, 32, 71, 3, '2018-03-02 22:49:21'),
(13, 22449, 'https://www.khl.ru/players/22449/', 'https://www.khl.ru/images/teamplayers/6676/22449.jpg', 'Гилрой', 'Мэттью', 97, 'ЙОК', 55, 7, 20, 27, 20, 10, 3, 4, 0, 0, 3, 0, 172, 4.1, 3, 0, 0, 0, 20, 59, 25.3, 10, 39, 3, '2018-03-02 22:49:21'),
(14, 18774, 'https://www.khl.ru/players/18774/', 'https://www.khl.ru/images/teamplayers/6720/18774.jpg', 'Лаюнен', 'Вилле', 47, 'СПР', 52, 6, 20, 26, -2, 10, 3, 3, 0, 1, 2, 0, 160, 3.8, 3, 2, 0, 0, 21, 13, 25.6, 12, 81, 6, '2018-03-02 22:49:21'),
(15, 17594, 'https://www.khl.ru/players/17594/', 'https://www.khl.ru/images/teamplayers/6644/17594.jpg', 'Трямкин', 'Никита', 88, 'АВТ', 51, 9, 16, 25, 12, 109, 7, 2, 0, 0, 0, 0, 138, 6.5, 3, 2, 0, 0, 21, 12, 27.2, 122, 77, 4, '2018-03-02 22:49:21'),
(16, 14651, 'https://www.khl.ru/players/14651/', 'https://www.khl.ru/images/teamplayers/6712/14651.jpg', 'Войнов', 'Вячеслав', 27, 'СКА', 39, 9, 14, 23, 4, 18, 3, 6, 0, 0, 2, 0, 121, 7.4, 3, 0, 0, 0, 20, 6, 22.3, 29, 41, 6, '2018-03-02 22:49:21'),
(17, 372, 'https://www.khl.ru/players/372/', 'https://www.khl.ru/images/teamplayers/6696/372.jpg', 'Пиганович', 'Олег', 77, 'НХК', 53, 9, 14, 23, 6, 28, 2, 7, 0, 0, 3, 0, 139, 6.5, 3, 0, 0, 0, 21, 29, 28.7, 78, 54, 5, '2018-03-02 22:49:21'),
(18, 22801, 'https://www.khl.ru/players/22801/', 'https://www.khl.ru/images/teamplayers/6684/22801.jpg', 'Геноуэй', 'Чарлз', 55, 'ЛАД', 56, 5, 18, 23, -9, 30, 2, 2, 1, 0, 0, 0, 99, 5.1, 2, 21, 10, 47.6, 23, 27, 28.4, 6, 59, 9, '2018-03-02 22:49:21'),
(19, 22260, 'https://www.khl.ru/players/22260/', 'https://www.khl.ru/images/teamplayers/6696/22260.jpg', 'Густафссон', 'Эрик', 28, 'НХК', 48, 2, 21, 23, 2, 24, 0, 2, 0, 0, 1, 0, 75, 2.7, 2, 0, 0, 0, 20, 10, 25.7, 10, 60, 6, '2018-03-02 22:49:21'),
(20, 15564, 'https://www.khl.ru/players/15564/', 'https://www.khl.ru/images/teamplayers/6640/15564.jpg', 'Мартынов', 'Егор', 55, 'АВГ', 53, 9, 13, 22, 18, 12, 4, 5, 0, 0, 2, 0, 112, 8, 2, 1, 1, 100, 19, 40, 25.2, 36, 63, 4, '2018-03-02 22:49:21'),
(21, 20744, 'https://www.khl.ru/players/20744/', 'https://www.khl.ru/images/teamplayers/6740/20744.jpg', 'Робинсон', 'Мэт', 37, 'ЦСК', 42, 6, 16, 22, 25, 47, 3, 3, 0, 0, 4, 0, 67, 9, 2, 0, 0, 0, 19, 37, 25.8, 28, 42, 6, '2018-03-02 22:49:21'),
(22, 20680, 'https://www.khl.ru/players/20680/', 'https://www.khl.ru/images/teamplayers/6708/20680.jpg', 'Верещагин', 'Иван', 55, 'СИБ', 50, 5, 17, 22, 12, 18, 2, 3, 0, 0, 1, 0, 83, 6, 2, 0, 0, 0, 18, 26, 25.5, 24, 81, 10, '2018-03-02 22:49:21'),
(23, 24142, 'https://www.khl.ru/players/24142/', 'https://www.khl.ru/images/teamplayers/6736/24142.jpg', 'Блум', 'Джонатон', 26, 'СОЧ', 53, 1, 21, 22, -4, 4, 1, 0, 0, 0, 0, 0, 113, 0.9, 2, 0, 0, 0, 27, 18, 25.5, 14, 81, 6, '2018-03-02 22:49:21'),
(24, 15533, 'https://www.khl.ru/players/15533/', 'https://www.khl.ru/images/teamplayers/6692/15533.jpg', 'Пивцакин', 'Никита', 91, 'ЦСК', 47, 9, 12, 21, -3, 26, 4, 4, 1, 0, 2, 0, 83, 10.8, 2, 0, 0, 0, 18, 51, 24.1, 32, 51, 7, '2018-03-02 22:49:21'),
(25, 13446, 'https://www.khl.ru/players/13446/', 'https://www.khl.ru/images/teamplayers/6720/13446.jpg', 'Калинин', 'Дмитрий', 7, 'СПР', 55, 5, 16, 21, 1, 28, 3, 2, 0, 0, 2, 0, 81, 6.2, 2, 0, 0, 0, 18, 47, 23.3, 25, 46, 4, '2018-03-02 22:49:21'),
(26, 16423, 'https://www.khl.ru/players/16423/', 'https://www.khl.ru/images/teamplayers/6644/16423.jpg', 'Василевский', 'Алексей', 93, 'АВТ', 54, 10, 10, 20, 7, 62, 6, 4, 0, 0, 2, 0, 116, 8.6, 2, 1, 0, 0, 18, 11, 25.9, 56, 80, 7, '2018-03-02 22:49:21'),
(27, 17533, 'https://www.khl.ru/players/17533/', 'https://www.khl.ru/images/teamplayers/6732/17533.jpg', 'Хиетанен', 'Юусо', 17, 'ДИН', 47, 8, 12, 20, 7, 22, 3, 5, 0, 0, 2, 1, 88, 9.1, 2, 0, 0, 0, 20, 43, 28, 33, 58, 3, '2018-03-02 22:49:21'),
(28, 296, 'https://www.khl.ru/players/296/', 'https://www.khl.ru/images/teamplayers/6704/296.jpg', 'Евсеенков', 'Александр', 7, 'СЕВ', 49, 6, 14, 20, -5, 16, 2, 4, 0, 1, 2, 0, 76, 7.9, 2, 0, 0, 0, 19, 13, 27, 21, 44, 3, '2018-03-02 22:49:21'),
(29, 12802, 'https://www.khl.ru/players/12802/', 'https://www.khl.ru/images/teamplayers/6644/12802.jpg', 'Куляш', 'Денис', 82, 'СЮЛ', 48, 9, 10, 19, 3, 52, 7, 2, 0, 0, 0, 0, 145, 6.2, 3, 0, 0, 0, 15, 26, 24.1, 82, 38, 5, '2018-03-02 22:49:21'),
(30, 19530, 'https://www.khl.ru/players/19530/', 'https://www.khl.ru/images/teamplayers/6644/19530.jpg', 'Чайковски', 'Михал', 56, 'АВТ', 43, 7, 12, 19, 9, 38, 5, 2, 0, 0, 0, 0, 118, 5.9, 3, 1, 0, 0, 15, 58, 23.2, 37, 39, 2, '2018-03-02 22:49:21'),
(31, 28632, 'https://www.khl.ru/players/28632/', 'https://www.khl.ru/images/teamplayers/6716/28632.jpg', 'Эберт', 'Ник', 65, 'СЛВ', 44, 7, 12, 19, 1, 34, 6, 1, 0, 0, 0, 0, 110, 6.4, 3, 0, 0, 0, 20, 37, 27.5, 18, 32, 3, '2018-03-02 22:49:21'),
(32, 27268, 'https://www.khl.ru/players/27268/', 'https://www.khl.ru/images/teamplayers/6660/27268.jpg', 'Диц', 'Даррен', 44, 'БАР', 44, 7, 12, 19, -1, 51, 3, 4, 0, 0, 0, 0, 126, 5.6, 3, 1, 0, 0, 20, 5, 22.1, 44, 46, 7, '2018-03-02 22:49:21'),
(33, 15993, 'https://www.khl.ru/players/15993/', 'https://www.khl.ru/images/teamplayers/6740/15993.jpg', 'Нестеров', 'Никита', 89, 'ЦСК', 42, 3, 16, 19, 9, 41, 3, 0, 0, 0, 1, 0, 104, 2.9, 3, 0, 0, 0, 19, 57, 27.2, 42, 33, 7, '2018-03-02 22:49:21'),
(34, 14732, 'https://www.khl.ru/players/14732/', 'https://www.khl.ru/images/teamplayers/6652/14732.jpg', 'Токранов', 'Василий', 24, 'АКБ', 49, 7, 11, 18, 4, 23, 4, 3, 0, 0, 1, 0, 90, 7.8, 2, 17, 6, 35.3, 17, 52, 25.6, 53, 52, 5, '2018-03-02 22:49:21'),
(35, 14856, 'https://www.khl.ru/players/14856/', 'https://www.khl.ru/images/teamplayers/6640/14856.jpg', 'Чудинов', 'Максим', 90, 'СКА', 45, 5, 13, 18, 7, 106, 3, 2, 0, 0, 1, 0, 124, 4, 3, 0, 0, 0, 18, 43, 22.5, 53, 50, 7, '2018-03-02 22:49:21'),
(36, 16365, 'https://www.khl.ru/players/16365/', 'https://www.khl.ru/images/teamplayers/6652/16365.jpg', 'Яруллин', 'Альберт', 33, 'АКБ', 49, 4, 14, 18, 5, 32, 3, 1, 0, 0, 1, 0, 114, 3.5, 2, 0, 0, 0, 19, 30, 25.9, 58, 42, 4, '2018-03-02 22:49:21'),
(37, 16082, 'https://www.khl.ru/players/16082/', 'https://www.khl.ru/images/teamplayers/6724/16082.jpg', 'Баранцев', 'Денис', 8, 'ТОР', 53, 8, 9, 17, 6, 24, 2, 6, 0, 0, 1, 0, 94, 8.5, 2, 0, 0, 0, 16, 29, 23.3, 53, 43, 5, '2018-03-02 22:49:21'),
(38, 19627, 'https://www.khl.ru/players/19627/', 'https://www.khl.ru/images/teamplayers/6656/19627.jpg', 'Коларж', 'Ян', 29, 'АМР', 51, 7, 10, 17, -1, 57, 2, 5, 0, 1, 3, 0, 102, 6.9, 2, 0, 0, 0, 22, 39, 30.4, 55, 78, 6, '2018-03-02 22:49:21'),
(39, 17911, 'https://www.khl.ru/players/17911/', 'https://www.khl.ru/images/teamplayers/6672/17911.jpg', 'Салмела', 'Ансси', 15, 'ДРГ', 33, 5, 12, 17, -5, 18, 3, 2, 0, 1, 1, 0, 85, 5.9, 3, 0, 0, 0, 20, 57, 26.1, 13, 31, 5, '2018-03-02 22:49:21'),
(40, 14691, 'https://www.khl.ru/players/14691/', 'https://www.khl.ru/images/teamplayers/6728/14691.jpg', 'Вишневский', 'Иван', 59, 'ТРК', 56, 5, 12, 17, 9, 24, 1, 4, 0, 0, 1, 0, 80, 6.2, 1, 0, 0, 0, 18, 41, 24, 26, 32, 2, '2018-03-02 22:49:21'),
(41, 17429, 'https://www.khl.ru/players/17429/', 'https://www.khl.ru/images/teamplayers/6708/17429.jpg', 'Ермаков', 'Андрей', 67, 'ТОР', 38, 7, 9, 16, 5, 33, 4, 3, 0, 0, 1, 0, 83, 8.4, 2, 0, 0, 0, 16, 56, 25.6, 36, 59, 5, '2018-03-02 22:49:21'),
(42, 17580, 'https://www.khl.ru/players/17580/', 'https://www.khl.ru/images/teamplayers/6704/17580.jpg', 'Васильев', 'Валерий', 6, 'СЕВ', 43, 7, 9, 16, -2, 44, 3, 4, 0, 1, 1, 0, 69, 10.1, 2, 0, 0, 0, 19, 21, 27.4, 55, 56, 2, '2018-03-02 22:49:21'),
(43, 24653, 'https://www.khl.ru/players/24653/', 'https://www.khl.ru/images/teamplayers/6716/24653.jpg', 'Месарош', 'Андрей', 16, 'СЛВ', 51, 6, 10, 16, -11, 46, 3, 3, 0, 0, 0, 0, 129, 4.7, 3, 1, 0, 0, 20, 1, 27.1, 26, 82, 3, '2018-03-02 22:49:21'),
(44, 19242, 'https://www.khl.ru/players/19242/', 'https://www.khl.ru/images/teamplayers/6696/19242.jpg', 'Шарипзянов', 'Дамир', 44, 'НХК', 54, 5, 11, 16, -17, 44, 4, 1, 0, 0, 0, 0, 101, 5, 2, 0, 0, 0, 19, 29, 25.4, 45, 59, 6, '2018-03-02 22:49:21'),
(45, 24929, 'https://www.khl.ru/players/24929/', 'https://www.khl.ru/images/teamplayers/6704/24929.jpg', 'Мазур', 'Адам', 8, 'СЕВ', 56, 5, 11, 16, 0, 18, 4, 1, 0, 0, 2, 0, 97, 5.2, 2, 0, 0, 0, 21, 22, 28.8, 25, 83, 6, '2018-03-02 22:49:21'),
(46, 14864, 'https://www.khl.ru/players/14864/', 'https://www.khl.ru/images/teamplayers/6712/14864.jpg', 'Хафизуллин', 'Динар', 3, 'СКА', 43, 4, 12, 16, 17, 20, 4, 0, 0, 0, 0, 0, 49, 8.2, 1, 0, 0, 0, 16, 4, 19, 28, 29, 2, '2018-03-02 22:49:21'),
(47, 3989, 'https://www.khl.ru/players/3989/', 'https://www.khl.ru/images/teamplayers/6656/3989.jpg', 'Атюшов', 'Виталий', 27, 'АМР', 47, 4, 12, 16, 3, 22, 1, 3, 0, 0, 0, 0, 57, 7, 1, 0, 0, 0, 20, 44, 29.5, 27, 89, 6, '2018-03-02 22:49:21'),
(48, 26894, 'https://www.khl.ru/players/26894/', 'https://www.khl.ru/images/teamplayers/6680/26894.jpg', 'Шаус', 'Ник', 59, 'ММГ', 53, 4, 12, 16, -3, 28, 3, 1, 0, 0, 0, 0, 111, 3.6, 2, 0, 0, 0, 20, 43, 24.4, 41, 39, 4, '2018-03-02 22:49:21'),
(49, 6347, 'https://www.khl.ru/players/6347/', 'https://www.khl.ru/images/teamplayers/6720/6347.jpg', 'Кольцов', 'Кирилл', 4, 'СПР', 42, 3, 13, 16, -12, 10, 2, 1, 0, 0, 0, 0, 55, 5.5, 1, 0, 0, 0, 16, 57, 21.3, 6, 21, 5, '2018-03-02 22:49:21'),
(50, 19062, 'https://www.khl.ru/players/19062/', 'https://www.khl.ru/images/teamplayers/6696/19062.jpg', 'Брынцев', 'Александр', 22, 'НХК', 56, 3, 13, 16, 2, 24, 2, 1, 0, 0, 2, 0, 91, 3.3, 2, 1, 0, 0, 20, 23, 28.1, 31, 66, 5, '2018-03-02 22:49:21'),
(51, 14894, 'https://www.khl.ru/players/14894/', 'https://www.khl.ru/images/teamplayers/6740/14894.jpg', 'Киселевич', 'Богдан', 55, 'ЦСК', 44, 0, 16, 16, 21, 24, 0, 0, 0, 0, 0, 0, 74, 0, 2, 0, 0, 0, 20, 35, 27.4, 34, 51, 7, '2018-03-02 22:49:21'),
(52, 14867, 'https://www.khl.ru/players/14867/', 'https://www.khl.ru/images/teamplayers/6724/14867.jpg', 'Григорьев', 'Михаил', 4, 'ТОР', 52, 6, 9, 15, 13, 30, 3, 3, 0, 0, 2, 0, 112, 5.4, 2, 0, 0, 0, 22, 36, 28, 67, 52, 13, '2018-03-02 22:49:21'),
(53, 18, 'https://www.khl.ru/players/18/', 'https://www.khl.ru/images/teamplayers/6732/18.jpg', 'Кутейкин', 'Андрей', 45, 'ДИН', 50, 5, 10, 15, -3, 41, 2, 3, 0, 0, 0, 0, 162, 3.1, 3, 0, 0, 0, 17, 47, 25.9, 10, 53, 4, '2018-03-02 22:49:21'),
(54, 16220, 'https://www.khl.ru/players/16220/', 'https://www.khl.ru/images/teamplayers/6700/16220.jpg', 'Арзамасцев', 'Захар', 92, 'СЮЛ', 55, 4, 11, 15, 2, 20, 3, 1, 0, 1, 1, 0, 78, 5.1, 1, 0, 0, 0, 19, 28, 25.3, 40, 61, 6, '2018-03-02 22:49:21'),
(55, 4486, 'https://www.khl.ru/players/4486/', 'https://www.khl.ru/images/teamplayers/6656/4486.jpg', 'Кондратьев', 'Максим', 63, 'АМР', 47, 3, 12, 15, -7, 43, 3, 0, 0, 0, 1, 0, 94, 3.2, 2, 0, 0, 0, 20, 3, 28.4, 39, 60, 3, '2018-03-02 22:49:21'),
(56, 17457, 'https://www.khl.ru/players/17457/', 'https://www.khl.ru/images/teamplayers/6640/17457.jpg', 'Хохлов', 'Илья', 12, 'АВГ', 43, 5, 9, 14, 7, 30, 3, 1, 1, 0, 0, 0, 78, 6.4, 2, 0, 0, 0, 17, 23, 23.9, 29, 52, 5, '2018-03-02 22:49:21'),
(57, 23317, 'https://www.khl.ru/players/23317/', 'https://www.khl.ru/images/teamplayers/6724/23317.jpg', 'Кинрейд', 'Джеффри', 34, 'ТОР', 46, 5, 9, 14, 7, 30, 3, 2, 0, 0, 1, 0, 72, 6.9, 2, 0, 0, 0, 20, 19, 24.6, 20, 49, 13, '2018-03-02 22:49:21'),
(58, 17785, 'https://www.khl.ru/players/17785/', 'https://www.khl.ru/images/teamplayers/6712/17785.jpg', 'Гавриков', 'Владислав', 46, 'СКА', 50, 5, 9, 14, 20, 26, 5, 0, 0, 0, 0, 0, 58, 8.6, 1, 0, 0, 0, 15, 38, 19.4, 34, 29, 12, '2018-03-02 22:49:21'),
(59, 16631, 'https://www.khl.ru/players/16631/', 'https://www.khl.ru/images/teamplayers/6660/16631.jpg', 'Маклюков', 'Алексей', 85, 'БАР', 39, 3, 11, 14, -3, 4, 2, 1, 0, 0, 0, 0, 48, 6.2, 1, 0, 0, 0, 15, 36, 20.7, 25, 17, 2, '2018-03-02 22:49:21'),
(60, 27276, 'https://www.khl.ru/players/27276/', 'https://www.khl.ru/images/teamplayers/6672/27276.jpg', 'Столлери', 'Карл', 3, 'ДРГ', 53, 3, 11, 14, -6, 48, 0, 3, 0, 0, 0, 0, 97, 3.1, 2, 0, 0, 0, 22, 0, 28.4, 76, 71, 6, '2018-03-02 22:49:21'),
(61, 15910, 'https://www.khl.ru/players/15910/', 'https://www.khl.ru/images/teamplayers/6740/15910.jpg', 'Марченко', 'Алексей', 53, 'ЦСК', 42, 2, 12, 14, 9, 12, 0, 2, 0, 0, 0, 0, 50, 4, 1, 0, 0, 0, 18, 42, 25.6, 8, 41, 2, '2018-03-02 22:49:21'),
(62, 13167, 'https://www.khl.ru/players/13167/', 'https://www.khl.ru/images/teamplayers/6736/13167.jpg', 'Щитов', 'Никита', 42, 'СОЧ', 46, 2, 12, 14, 18, 10, 1, 1, 0, 0, 1, 0, 54, 3.7, 1, 0, 0, 0, 18, 15, 26.1, 25, 58, 5, '2018-03-02 22:49:21'),
(63, 21253, 'https://www.khl.ru/players/21253/', 'https://www.khl.ru/images/teamplayers/6712/21253.jpg', 'Рыков', 'Егор', 57, 'СКА', 53, 2, 12, 14, 11, 20, 2, 0, 0, 0, 1, 0, 50, 4, 1, 0, 0, 0, 12, 33, 15.6, 2, 32, 4, '2018-03-02 22:49:21'),
(64, 15644, 'https://www.khl.ru/players/15644/', 'https://www.khl.ru/images/teamplayers/6744/15644.jpg', 'Угольников', 'Александр', 13, 'ЮГР', 49, 8, 5, 13, -5, 30, 3, 5, 0, 0, 1, 0, 79, 10.1, 2, 0, 0, 0, 17, 3, 24.1, 18, 54, 6, '2018-03-02 22:49:21'),
(65, 17904, 'https://www.khl.ru/players/17904/', 'https://www.khl.ru/images/teamplayers/6724/17904.jpg', 'Сергиенко', 'Юрий', 23, 'СПР', 49, 3, 10, 13, -2, 22, 3, 0, 0, 0, 0, 0, 78, 3.8, 2, 0, 0, 0, 19, 31, 26.8, 41, 44, 3, '2018-03-02 22:49:21'),
(66, 15416, 'https://www.khl.ru/players/15416/', 'https://www.khl.ru/images/teamplayers/6696/15416.jpg', 'Сергеев', 'Андрей', 26, 'НХК', 39, 2, 11, 13, 6, 28, 0, 2, 0, 0, 0, 0, 71, 2.8, 2, 0, 0, 0, 20, 36, 26.5, 40, 36, 2, '2018-03-02 22:49:21'),
(67, 14983, 'https://www.khl.ru/players/14983/', 'https://www.khl.ru/images/teamplayers/6720/14983.jpg', 'Осипов', 'Александр', 37, 'СПР', 49, 2, 11, 13, -7, 64, 0, 2, 0, 0, 1, 0, 86, 2.3, 2, 0, 0, 0, 18, 51, 23.6, 66, 66, 10, '2018-03-02 22:49:21'),
(68, 23631, 'https://www.khl.ru/players/23631/', 'https://www.khl.ru/images/teamplayers/6724/23631.jpg', 'Кундратек', 'Томаш', 25, 'ТОР', 53, 2, 11, 13, -3, 30, 1, 1, 0, 0, 1, 0, 97, 2.1, 2, 0, 0, 0, 19, 29, 26.2, 34, 66, 7, '2018-03-02 22:49:21'),
(69, 17345, 'https://www.khl.ru/players/17345/', 'https://www.khl.ru/images/teamplayers/6720/17345.jpg', 'Кулик', 'Евгений', 44, 'СПР', 44, 1, 12, 13, 6, 22, 1, 0, 0, 0, 0, 0, 51, 2, 1, 0, 0, 0, 17, 15, 23.8, 32, 56, 7, '2018-03-02 22:49:21'),
(70, 13483, 'https://www.khl.ru/players/13483/', 'https://www.khl.ru/images/teamplayers/6664/13483.jpg', 'Семёнов', 'Алексей', 5, 'ВИТ', 37, 6, 6, 12, -1, 86, 1, 5, 0, 0, 2, 0, 58, 10.3, 2, 1, 0, 0, 20, 20, 27.2, 31, 62, 5, '2018-03-02 22:49:21'),
(71, 12800, 'https://www.khl.ru/players/12800/', 'https://www.khl.ru/images/teamplayers/6688/12800.jpg', 'Лекомцев', 'Иван', 52, 'ЛОК', 48, 4, 8, 12, -20, 87, 2, 2, 0, 0, 0, 0, 76, 5.3, 2, 0, 0, 0, 19, 47, 26, 17, 53, 2, '2018-03-02 22:49:21'),
(72, 17766, 'https://www.khl.ru/players/17766/', 'https://www.khl.ru/images/teamplayers/6708/17766.jpg', 'Демидов', 'Николай', 13, 'СИБ', 50, 4, 8, 12, 6, 27, 2, 2, 0, 0, 1, 0, 69, 5.8, 1, 0, 0, 0, 16, 15, 24.2, 22, 40, 7, '2018-03-02 22:49:21'),
(73, 21909, 'https://www.khl.ru/players/21909/', 'https://www.khl.ru/images/teamplayers/6680/21909.jpg', 'Воробей', 'Павел', 55, 'КРС', 52, 4, 8, 12, 8, 14, 2, 2, 0, 0, 1, 0, 78, 5.1, 2, 0, 0, 0, 11, 4, 14.6, 11, 34, 1, '2018-03-02 22:49:21'),
(74, 17330, 'https://www.khl.ru/players/17330/', 'https://www.khl.ru/images/teamplayers/6688/17330.jpg', 'Коледов', 'Павел', 2, 'ЛОК', 49, 3, 9, 12, 0, 18, 2, 1, 0, 0, 0, 0, 62, 4.8, 1, 0, 0, 0, 16, 29, 23.8, 29, 44, 3, '2018-03-02 22:49:21'),
(75, 14556, 'https://www.khl.ru/players/14556/', 'https://www.khl.ru/images/teamplayers/6708/14556.jpg', 'Алексеев', 'Константин', 20, 'СИБ', 52, 0, 12, 12, 2, 43, 0, 0, 0, 0, 0, 0, 41, 0, 1, 0, 0, 0, 18, 28, 25.2, 38, 82, 4, '2018-03-02 22:49:21'),
(76, 15947, 'https://www.khl.ru/players/15947/', 'https://www.khl.ru/images/teamplayers/6692/15947.jpg', 'Терещенко', 'Сергей', 52, 'ММГ', 44, 5, 6, 11, -4, 6, 2, 3, 0, 0, 0, 0, 77, 6.5, 2, 0, 0, 0, 11, 47, 16.6, 38, 16, 2, '2018-03-02 22:49:21'),
(77, 20642, 'https://www.khl.ru/players/20642/', 'https://www.khl.ru/images/teamplayers/6708/20642.jpg', 'Наумов', 'Владислав', 93, 'СИБ', 43, 4, 7, 11, 4, 28, 3, 1, 0, 0, 0, 0, 45, 8.9, 1, 0, 0, 0, 15, 37, 21.3, 27, 52, 10, '2018-03-02 22:49:21'),
(78, 29532, 'https://www.khl.ru/players/29532/', 'https://www.khl.ru/images/teamplayers/6716/29532.jpg', 'Депре', 'Симон', 7, 'СЛВ', 44, 4, 7, 11, -13, 84, 3, 1, 0, 0, 0, 0, 74, 5.4, 2, 0, 0, 0, 19, 14, 26.2, 32, 57, 6, '2018-03-02 22:49:21'),
(79, 14291, 'https://www.khl.ru/players/14291/', 'https://www.khl.ru/images/teamplayers/6700/14291.jpg', 'Логинов', 'Александр', 19, 'СЮЛ', 47, 4, 7, 11, -8, 34, 1, 3, 0, 0, 0, 0, 94, 4.3, 2, 0, 0, 0, 19, 22, 23.1, 48, 45, 4, '2018-03-02 22:49:21'),
(80, 14443, 'https://www.khl.ru/players/14443/', 'https://www.khl.ru/images/teamplayers/6660/14443.jpg', 'Савченко', 'Роман', 2, 'БАР', 49, 4, 7, 11, -1, 35, 3, 1, 0, 0, 1, 0, 90, 4.4, 2, 0, 0, 0, 15, 33, 19.4, 60, 50, 5, '2018-03-02 22:49:21'),
(81, 5524, 'https://www.khl.ru/players/5524/', 'https://www.khl.ru/images/teamplayers/6700/5524.jpg', 'Панин', 'Григорий', 11, 'СЮЛ', 42, 3, 8, 11, 7, 87, 3, 0, 0, 1, 1, 0, 54, 5.6, 1, 0, 0, 0, 18, 22, 23.1, 82, 40, 7, '2018-03-02 22:49:21'),
(82, 18977, 'https://www.khl.ru/players/18977/', 'https://www.khl.ru/images/teamplayers/6720/18977.jpg', 'Юдин', 'Дмитрий', 58, 'СПР', 45, 3, 8, 11, -3, 10, 3, 0, 0, 0, 1, 0, 59, 5.1, 1, 1, 1, 100, 17, 32, 22.4, 15, 44, 6, '2018-03-02 22:49:21'),
(83, 17647, 'https://www.khl.ru/players/17647/', 'https://www.khl.ru/images/teamplayers/6736/17647.jpg', 'Йокипакка', 'Юрки', 5, 'СОЧ', 35, 2, 9, 11, 2, 42, 1, 0, 1, 0, 0, 1, 91, 2.2, 3, 0, 0, 0, 23, 33, 28.5, 38, 41, 2, '2018-03-02 22:49:21'),
(84, 15278, 'https://www.khl.ru/players/15278/', 'https://www.khl.ru/images/teamplayers/6672/15278.jpg', 'Галвиньш', 'Гунтис', 58, 'ДРГ', 37, 2, 9, 11, -5, 12, 0, 2, 0, 0, 1, 0, 77, 2.6, 2, 0, 0, 0, 20, 17, 26.3, 20, 30, 4, '2018-03-02 22:49:21'),
(85, 16683, 'https://www.khl.ru/players/16683/', 'https://www.khl.ru/images/teamplayers/6712/16683.jpg', 'Рундблад', 'Давид', 7, 'СКА', 39, 2, 9, 11, 23, 6, 2, 0, 0, 0, 1, 0, 48, 4.2, 1, 0, 0, 0, 14, 31, 18.6, 15, 11, 2, '2018-03-02 22:49:21'),
(86, 15586, 'https://www.khl.ru/players/15586/', 'https://www.khl.ru/images/teamplayers/6668/15586.jpg', 'Коробов', 'Дмитрий', 24, 'ДМН', 54, 2, 9, 11, 4, 66, 2, 0, 0, 0, 0, 0, 36, 5.6, 1, 0, 0, 0, 20, 36, 24.5, 76, 68, 7, '2018-03-02 22:49:21'),
(87, 17954, 'https://www.khl.ru/players/17954/', 'https://www.khl.ru/images/teamplayers/6688/17954.jpg', 'Рафиков', 'Рушан', 87, 'ЛОК', 36, 1, 10, 11, 6, 22, 1, 0, 0, 0, 0, 0, 54, 1.9, 2, 1, 1, 100, 16, 29, 25.9, 10, 21, 3, '2018-03-02 22:49:21'),
(88, 14737, 'https://www.khl.ru/players/14737/', 'https://www.khl.ru/images/teamplayers/6740/14737.jpg', 'Пашнин', 'Михаил', 33, 'ЦСК', 45, 1, 10, 11, 28, 61, 1, 0, 0, 0, 0, 0, 44, 2.3, 1, 1, 1, 100, 14, 8, 21.7, 102, 29, 2, '2018-03-02 22:49:21'),
(89, 11032, 'https://www.khl.ru/players/11032/', 'https://www.khl.ru/images/teamplayers/6660/11032.jpg', 'Семёнов', 'Максим', 7, 'БАР', 55, 0, 11, 11, -1, 24, 0, 0, 0, 0, 0, 0, 60, 0, 1, 0, 0, 0, 18, 51, 23.1, 35, 54, 2, '2018-03-02 22:49:21'),
(90, 23434, 'https://www.khl.ru/players/23434/', 'https://www.khl.ru/images/teamplayers/6640/23434.jpg', 'Анелёв', 'Юнас', 5, 'АВГ', 42, 3, 7, 10, -3, 8, 2, 1, 0, 0, 0, 0, 47, 6.4, 1, 0, 0, 0, 15, 1, 22, 28, 51, 1, '2018-03-02 22:49:21'),
(91, 10546, 'https://www.khl.ru/players/10546/', 'https://www.khl.ru/images/teamplayers/6732/10546.jpg', 'Рылов', 'Яков', 36, 'ДИН', 44, 3, 7, 10, -8, 18, 3, 0, 0, 0, 0, 0, 70, 4.3, 2, 0, 0, 0, 17, 52, 26.6, 26, 81, 6, '2018-03-02 22:49:21'),
(92, 22129, 'https://www.khl.ru/players/22129/', 'https://www.khl.ru/images/teamplayers/6640/22129.jpg', 'Минеев', 'Максим', 51, 'АВГ', 45, 3, 7, 10, 13, 19, 2, 1, 0, 0, 1, 0, 37, 8.1, 1, 0, 0, 0, 12, 18, 17.4, 17, 28, 4, '2018-03-02 22:49:21'),
(93, 15299, 'https://www.khl.ru/players/15299/', 'https://www.khl.ru/images/teamplayers/6732/15299.jpg', 'Вишневский', 'Дмитрий', 55, 'ДИН', 52, 3, 7, 10, -1, 32, 0, 3, 0, 0, 1, 0, 76, 3.9, 2, 0, 0, 0, 20, 11, 28, 25, 41, 8, '2018-03-02 22:49:21'),
(94, 22004, 'https://www.khl.ru/players/22004/', 'https://www.khl.ru/images/teamplayers/6716/22004.jpg', 'Баркер', 'Кэм', 10, 'СЛВ', 37, 2, 8, 10, -13, 18, 1, 1, 0, 0, 1, 0, 74, 2.7, 2, 1, 1, 100, 17, 2, 25.1, 23, 29, 1, '2018-03-02 22:49:21'),
(95, 17760, 'https://www.khl.ru/players/17760/', 'https://www.khl.ru/images/teamplayers/6740/17760.jpg', 'Блажиевский', 'Артём', 88, 'ЦСК', 41, 2, 8, 10, 10, 14, 0, 2, 0, 0, 0, 0, 78, 2.6, 2, 0, 0, 0, 14, 47, 22.1, 51, 42, 2, '2018-03-02 22:49:21'),
(96, 20721, 'https://www.khl.ru/players/20721/', 'https://www.khl.ru/images/teamplayers/6692/20721.jpg', 'Ли', 'Крис', 4, 'ММГ', 26, 1, 9, 10, -3, 28, 1, 0, 0, 0, 0, 0, 80, 1.2, 3, 1, 0, 0, 26, 8, 28.2, 8, 24, 5, '2018-03-02 22:49:21'),
(97, 516, 'https://www.khl.ru/players/516/', 'https://www.khl.ru/images/teamplayers/6644/516.jpg', 'Лямин', 'Кирилл', 3, 'АВТ', 48, 1, 9, 10, 14, 20, 0, 1, 0, 0, 0, 0, 64, 1.6, 1, 0, 0, 0, 18, 38, 25.6, 25, 52, 0, '2018-03-02 22:49:21'),
(98, 15661, 'https://www.khl.ru/players/15661/', 'https://www.khl.ru/images/teamplayers/6712/15661.jpg', 'Яковлев', 'Егор', 44, 'СКА', 35, 5, 4, 9, 18, 14, 5, 0, 0, 0, 0, 1, 46, 10.9, 1, 0, 0, 0, 14, 50, 18.7, 6, 29, 7, '2018-03-02 22:49:21'),
(99, 16804, 'https://www.khl.ru/players/16804/', 'https://www.khl.ru/images/teamplayers/6716/16804.jpg', 'Серсен', 'Михал', 8, 'СЛВ', 29, 4, 5, 9, 3, 12, 3, 1, 0, 0, 1, 0, 53, 7.5, 2, 0, 0, 0, 18, 50, 25.8, 13, 20, 1, '2018-03-02 22:49:21'),
(100, 24854, 'https://www.khl.ru/players/24854/', 'https://www.khl.ru/images/teamplayers/6736/24854.jpg', 'Полашек', 'Адам', 3, 'СИБ', 45, 3, 6, 9, 3, 51, 1, 2, 0, 0, 0, 0, 79, 3.8, 2, 0, 0, 0, 20, 20, 27.5, 26, 41, 6, '2018-03-02 22:49:21'),
(101, 17570, 'https://www.khl.ru/players/17570/', 'https://www.khl.ru/images/teamplayers/6688/17570.jpg', 'Любушкин', 'Илья', 46, 'ЛОК', 50, 3, 6, 9, 14, 73, 2, 1, 0, 0, 0, 0, 77, 3.9, 2, 1, 0, 0, 18, 57, 26.6, 104, 76, 9, '2018-03-02 22:49:21'),
(102, 16010, 'https://www.khl.ru/players/16010/', 'https://www.khl.ru/images/teamplayers/6740/16010.jpg', 'Ожиганов', 'Игорь', 92, 'ЦСК', 42, 2, 7, 9, 12, 12, 1, 1, 0, 0, 1, 0, 60, 3.3, 1, 0, 0, 0, 14, 15, 21.1, 10, 21, 3, '2018-03-02 22:49:21'),
(103, 392, 'https://www.khl.ru/players/392/', 'https://www.khl.ru/images/teamplayers/6684/392.jpg', 'Воробьёв', 'Дмитрий', 6, 'ЛАД', 50, 2, 7, 9, -11, 20, 1, 1, 0, 0, 0, 0, 58, 3.4, 1, 0, 0, 0, 16, 34, 23.1, 18, 38, 0, '2018-03-02 22:49:21'),
(104, 17315, 'https://www.khl.ru/players/17315/', 'https://www.khl.ru/images/teamplayers/6652/17315.jpg', 'Мусин', 'Дамир', 64, 'АКБ', 37, 1, 8, 9, 13, 10, 0, 1, 0, 0, 0, 0, 28, 3.6, 1, 0, 0, 0, 16, 28, 23.2, 7, 31, 1, '2018-03-02 22:49:21'),
(105, 14782, 'https://www.khl.ru/players/14782/', 'https://www.khl.ru/images/teamplayers/6672/14782.jpg', 'Редлихс', 'Кришьянис', 9, 'ДРГ', 39, 1, 8, 9, -4, 24, 1, 0, 0, 1, 1, 0, 36, 2.8, 1, 0, 0, 0, 21, 7, 27.1, 32, 49, 1, '2018-03-02 22:49:21'),
(106, 15375, 'https://www.khl.ru/players/15375/', 'https://www.khl.ru/images/teamplayers/6656/15375.jpg', 'Хабаров', 'Ярослав', 78, 'ММГ', 47, 1, 8, 9, -3, 26, 1, 0, 0, 0, 0, 0, 45, 2.2, 1, 0, 0, 0, 16, 18, 23, 29, 68, 4, '2018-03-02 22:49:21'),
(107, 27236, 'https://www.khl.ru/players/27236/', 'https://www.khl.ru/images/teamplayers/6680/27236.jpg', 'Блэкер', 'Джесси', 9, 'КРС', 49, 1, 8, 9, -14, 26, 0, 1, 0, 0, 0, 1, 101, 1, 2, 0, 0, 0, 21, 18, 25.4, 41, 55, 8, '2018-03-02 22:49:21'),
(108, 22779, 'https://www.khl.ru/players/22779/', 'https://www.khl.ru/images/teamplayers/6672/22779.jpg', 'Зиле', 'Кристапс', 7, 'ДРГ', 50, 1, 8, 9, -10, 28, 1, 0, 0, 0, 0, 0, 56, 1.8, 1, 0, 0, 0, 15, 16, 22.2, 33, 42, 6, '2018-03-02 22:49:21'),
(109, 14329, 'https://www.khl.ru/players/14329/', 'https://www.khl.ru/images/teamplayers/6644/14329.jpg', 'Егоршев', 'Станислав', 2, 'АВТ', 47, 0, 9, 9, 6, 18, 0, 0, 0, 0, 0, 0, 40, 0, 1, 1, 0, 0, 17, 49, 24.3, 48, 40, 2, '2018-03-02 22:49:21'),
(110, 20717, 'https://www.khl.ru/players/20717/', 'https://www.khl.ru/images/teamplayers/6744/20717.jpg', 'Виклунд', 'Тобиас', 16, 'ЮГР', 34, 5, 3, 8, -19, 14, 1, 4, 0, 0, 0, 0, 64, 7.8, 2, 0, 0, 0, 19, 43, 25.3, 20, 38, 2, '2018-03-02 22:49:21'),
(111, 20955, 'https://www.khl.ru/players/20955/', 'https://www.khl.ru/images/teamplayers/6688/20955.jpg', 'Елесин', 'Александр', 4, 'ЛОК', 32, 4, 4, 8, 6, 48, 4, 0, 0, 0, 1, 0, 60, 6.7, 2, 0, 0, 0, 16, 15, 24.6, 103, 15, 2, '2018-03-02 22:49:21'),
(112, 14275, 'https://www.khl.ru/players/14275/', 'https://www.khl.ru/images/teamplayers/6664/14275.jpg', 'Романов', 'Станислав', 64, 'ВИТ', 36, 4, 4, 8, 3, 16, 4, 0, 0, 0, 0, 0, 36, 11.1, 1, 0, 0, 0, 16, 39, 23.2, 68, 45, 0, '2018-03-02 22:49:21'),
(113, 19761, 'https://www.khl.ru/players/19761/', 'https://www.khl.ru/images/teamplayers/6648/19761.jpg', 'Мищенко', 'Иван', 47, 'АДМ', 36, 4, 4, 8, -3, 34, 3, 1, 0, 0, 1, 0, 58, 6.9, 2, 1, 0, 0, 16, 13, 21, 33, 52, 15, '2018-03-02 22:49:21'),
(114, 17983, 'https://www.khl.ru/players/17983/', 'https://www.khl.ru/images/teamplayers/6668/17983.jpg', 'Лисовец', 'Евгений', 14, 'ДМН', 36, 4, 4, 8, -10, 26, 3, 1, 0, 0, 3, 0, 89, 4.5, 3, 0, 0, 0, 19, 14, 22.6, 18, 52, 4, '2018-03-02 22:49:21'),
(115, 15852, 'https://www.khl.ru/players/15852/', 'https://www.khl.ru/images/teamplayers/6736/15852.jpg', 'Мамкин', 'Михаил', 23, 'СОЧ', 45, 4, 4, 8, 7, 16, 2, 2, 0, 0, 2, 0, 83, 4.8, 2, 0, 0, 0, 17, 33, 25, 56, 50, 5, '2018-03-02 22:49:21'),
(116, 3564, 'https://www.khl.ru/players/3564/', 'https://www.khl.ru/images/teamplayers/6736/3564.jpg', 'Хомицкий', 'Вадим', 25, 'СОЧ', 48, 3, 5, 8, 2, 62, 2, 0, 1, 0, 1, 0, 46, 6.5, 1, 0, 0, 0, 15, 57, 25, 65, 43, 3, '2018-03-02 22:49:21'),
(117, 5606, 'https://www.khl.ru/players/5606/', 'https://www.khl.ru/images/teamplayers/6720/5606.jpg', 'Пепеляев', 'Алексей', 70, 'СПР', 37, 2, 6, 8, -1, 34, 2, 0, 0, 0, 0, 0, 68, 2.9, 2, 0, 0, 0, 18, 53, 23.6, 36, 49, 1, '2018-03-02 22:49:21'),
(118, 13809, 'https://www.khl.ru/players/13809/', 'https://www.khl.ru/images/teamplayers/6668/13809.jpg', 'Осипов', 'Денис', 6, 'ЛОК', 38, 2, 6, 8, 4, 40, 2, 0, 0, 0, 0, 0, 68, 2.9, 2, 0, 0, 0, 17, 37, 21.8, 43, 55, 4, '2018-03-02 22:49:21'),
(119, 16080, 'https://www.khl.ru/players/16080/', 'https://www.khl.ru/images/teamplayers/6656/16080.jpg', 'Йордан', 'Михал', 47, 'АМР', 48, 2, 6, 8, 3, 8, 2, 0, 0, 1, 1, 0, 84, 2.4, 2, 0, 0, 0, 20, 6, 28.6, 17, 80, 10, '2018-03-02 22:49:21'),
(120, 15619, 'https://www.khl.ru/players/15619/', 'https://www.khl.ru/images/teamplayers/6708/15619.jpg', 'Игнатович', 'Максим', 43, 'СИБ', 48, 2, 6, 8, -5, 82, 0, 2, 0, 0, 1, 0, 54, 3.7, 1, 0, 0, 0, 16, 17, 23.4, 34, 68, 4, '2018-03-02 22:49:21'),
(121, 17633, 'https://www.khl.ru/players/17633/', 'https://www.khl.ru/images/teamplayers/6696/17633.jpg', 'Огурцов', 'Дмитрий', 83, 'НХК', 56, 2, 6, 8, 6, 22, 2, 0, 0, 0, 0, 0, 88, 2.3, 2, 0, 0, 0, 19, 33, 26.6, 27, 74, 7, '2018-03-02 22:49:21'),
(122, 3541, 'https://www.khl.ru/players/3541/', 'https://www.khl.ru/images/teamplayers/6692/3541.jpg', 'Денисов', 'Денис', 6, 'ММГ', 46, 0, 8, 8, 2, 12, 0, 0, 0, 0, 0, 0, 61, 0, 1, 0, 0, 0, 15, 32, 22.7, 27, 55, 2, '2018-03-02 22:49:21'),
(123, 17312, 'https://www.khl.ru/players/17312/', 'https://www.khl.ru/images/teamplayers/6644/17312.jpg', 'Тимашов', 'Николай', 7, 'АВТ', 35, 3, 4, 7, 0, 26, 1, 2, 0, 0, 2, 0, 65, 4.6, 2, 2, 0, 0, 14, 30, 20.8, 53, 21, 9, '2018-03-02 22:49:21'),
(124, 5457, 'https://www.khl.ru/players/5457/', 'https://www.khl.ru/images/teamplayers/6648/5457.jpg', 'Мамашев', 'Ренат', 83, 'ТОР', 37, 3, 4, 7, -9, 34, 1, 2, 0, 0, 0, 0, 54, 5.6, 2, 0, 0, 0, 18, 5, 22.5, 13, 23, 2, '2018-03-02 22:49:21'),
(125, 26862, 'https://www.khl.ru/players/26862/', 'https://www.khl.ru/images/teamplayers/6744/26862.jpg', 'Бурстрём', 'Никлас', 34, 'ВИТ', 53, 3, 4, 7, -19, 20, 3, 0, 0, 1, 1, 1, 57, 5.3, 1, 1, 0, 0, 19, 0, 25.1, 7, 35, 11, '2018-03-02 22:49:21'),
(126, 10176, 'https://www.khl.ru/players/10176/', 'https://www.khl.ru/images/teamplayers/6712/10176.jpg', 'Белов', 'Антон', 77, 'СКА', 24, 2, 5, 7, 11, 2, 2, 0, 0, 0, 1, 0, 64, 3.1, 3, 0, 0, 0, 16, 16, 21.3, 19, 20, 3, '2018-03-02 22:49:21'),
(127, 23471, 'https://www.khl.ru/players/23471/', 'https://www.khl.ru/images/teamplayers/6692/23471.jpg', 'Дронов', 'Григорий', 2, 'ММГ', 25, 2, 5, 7, -3, 4, 0, 2, 0, 0, 0, 0, 37, 5.4, 2, 0, 0, 0, 15, 31, 21, 12, 19, 7, '2018-03-02 22:49:21'),
(128, 14981, 'https://www.khl.ru/players/14981/', 'https://www.khl.ru/images/teamplayers/6640/14981.jpg', 'Меньшиков', 'Виталий', 21, 'АВГ', 48, 2, 5, 7, -4, 53, 1, 1, 0, 0, 1, 0, 62, 3.2, 1, 0, 0, 0, 16, 29, 22.4, 44, 57, 2, '2018-03-02 22:49:21'),
(129, 15979, 'https://www.khl.ru/players/15979/', 'https://www.khl.ru/images/teamplayers/6728/15979.jpg', 'Бородкин', 'Артём', 5, 'ТРК', 50, 2, 5, 7, 2, 24, 2, 0, 0, 0, 0, 0, 52, 3.8, 1, 0, 0, 0, 15, 20, 20.9, 24, 70, 2, '2018-03-02 22:49:21'),
(130, 17704, 'https://www.khl.ru/players/17704/', 'https://www.khl.ru/images/teamplayers/6684/17704.jpg', 'Аляев', 'Артём', 27, 'СПР', 25, 1, 6, 7, -6, 12, 0, 1, 0, 0, 1, 0, 40, 2.5, 2, 0, 0, 0, 18, 59, 24, 21, 12, 3, '2018-03-02 22:49:21'),
(131, 19549, 'https://www.khl.ru/players/19549/', 'https://www.khl.ru/images/teamplayers/6648/19549.jpg', 'Моррисонн', 'Шон', 82, 'АДМ', 29, 1, 6, 7, -1, 41, 1, 0, 0, 0, 0, 0, 25, 4, 1, 0, 0, 0, 18, 21, 24.3, 8, 35, 2, '2018-03-02 22:49:21'),
(132, 16095, 'https://www.khl.ru/players/16095/', 'https://www.khl.ru/images/teamplayers/6648/16095.jpg', 'Земчёнок', 'Артём', 8, 'АДМ', 30, 1, 6, 7, 0, 4, 1, 0, 0, 0, 0, 0, 34, 2.9, 1, 0, 0, 0, 18, 28, 23.7, 13, 34, 1, '2018-03-02 22:49:21'),
(133, 16186, 'https://www.khl.ru/players/16186/', 'https://www.khl.ru/images/teamplayers/6724/16186.jpg', 'Желдаков', 'Григорий', 72, 'ТОР', 32, 1, 6, 7, -4, 47, 1, 0, 0, 0, 1, 0, 25, 4, 1, 0, 0, 0, 17, 7, 24.7, 34, 22, 3, '2018-03-02 22:49:21'),
(134, 16171, 'https://www.khl.ru/players/16171/', 'https://www.khl.ru/images/teamplayers/6668/16171.jpg', 'Шинкевич', 'Илья', 8, 'ДМН', 48, 1, 6, 7, -7, 42, 1, 0, 0, 0, 1, 0, 77, 1.3, 2, 0, 0, 0, 16, 40, 20.7, 28, 35, 6, '2018-03-02 22:49:21'),
(135, 18916, 'https://www.khl.ru/players/18916/', 'https://www.khl.ru/images/teamplayers/6716/18916.jpg', 'Шварни', 'Иван', 51, 'СЛВ', 42, 3, 3, 6, -29, 26, 3, 0, 0, 0, 0, 0, 71, 4.2, 2, 0, 0, 0, 19, 50, 26, 39, 67, 6, '2018-03-02 22:49:21'),
(136, 21802, 'https://www.khl.ru/players/21802/', 'https://www.khl.ru/images/teamplayers/6652/21802.jpg', 'Охтамаа', 'Атте', 52, 'АКБ', 47, 3, 3, 6, 14, 16, 3, 0, 0, 0, 1, 0, 70, 4.3, 2, 1, 1, 100, 19, 41, 26.9, 23, 56, 13, '2018-03-02 22:49:21'),
(137, 15567, 'https://www.khl.ru/players/15567/', 'https://www.khl.ru/images/teamplayers/6640/15567.jpg', 'Березин', 'Максим', 50, 'АВГ', 51, 3, 3, 6, 8, 47, 2, 1, 0, 0, 1, 0, 61, 4.9, 1, 0, 0, 0, 15, 13, 21.7, 43, 52, 3, '2018-03-02 22:49:21'),
(138, 15787, 'https://www.khl.ru/players/15787/', 'https://www.khl.ru/images/teamplayers/6656/15787.jpg', 'Кузьмин', 'Денис', 68, 'АМР', 27, 2, 4, 6, -3, 39, 1, 1, 0, 0, 0, 0, 22, 9.1, 1, 0, 0, 0, 17, 13, 26.4, 13, 28, 7, '2018-03-02 22:49:21'),
(139, 13706, 'https://www.khl.ru/players/13706/', 'https://www.khl.ru/images/teamplayers/6704/13706.jpg', 'Стасенко', 'Николай', 5, 'СЕВ', 33, 2, 4, 6, -9, 18, 1, 1, 0, 0, 0, 0, 43, 4.7, 1, 0, 0, 0, 19, 11, 28, 46, 32, 0, '2018-03-02 22:49:21'),
(140, 19403, 'https://www.khl.ru/players/19403/', 'https://www.khl.ru/images/teamplayers/6680/19403.jpg', 'Кулда', 'Артурс', 88, 'КРС', 47, 2, 4, 6, -9, 33, 1, 1, 0, 1, 1, 0, 55, 3.6, 1, 0, 0, 0, 20, 23, 24.1, 64, 61, 1, '2018-03-02 22:49:21'),
(141, 23486, 'https://www.khl.ru/players/23486/', 'https://www.khl.ru/images/teamplayers/6676/23486.jpg', 'Кивистё', 'Томми', 4, 'ЙОК', 55, 2, 4, 6, 22, 28, 2, 0, 0, 0, 0, 0, 66, 3, 1, 0, 0, 0, 18, 15, 23.1, 48, 29, 2, '2018-03-02 22:49:21'),
(142, 9851, 'https://www.khl.ru/players/9851/', 'https://www.khl.ru/images/teamplayers/6644/9851.jpg', 'Мегалинский', 'Дмитрий', 77, 'АВТ', 26, 1, 5, 6, 9, 18, 1, 0, 0, 0, 0, 0, 30, 3.3, 1, 1, 0, 0, 16, 36, 24.5, 49, 36, 3, '2018-03-02 22:49:21'),
(143, 19247, 'https://www.khl.ru/players/19247/', 'https://www.khl.ru/images/teamplayers/6720/19247.jpg', 'Провольнев', 'Владислав', 45, 'СПР', 40, 1, 5, 6, -1, 28, 1, 0, 0, 0, 0, 0, 46, 2.2, 1, 0, 0, 0, 13, 53, 19.2, 68, 33, 5, '2018-03-02 22:49:21'),
(144, 21011, 'https://www.khl.ru/players/21011/', 'https://www.khl.ru/images/teamplayers/6652/21011.jpg', 'Сидоров', 'Михаил', 31, 'АКБ', 47, 1, 5, 6, 7, 12, 1, 0, 0, 0, 0, 0, 45, 2.2, 1, 0, 0, 0, 10, 8, 14.3, 16, 18, 5, '2018-03-02 22:49:21'),
(145, 19512, 'https://www.khl.ru/players/19512/', 'https://www.khl.ru/images/teamplayers/6704/19512.jpg', 'Кудако', 'Вадим', 2, 'СЕВ', 49, 1, 5, 6, 3, 8, 1, 0, 0, 0, 0, 0, 52, 1.9, 1, 8, 0, 0, 12, 10, 17.8, 21, 33, 2, '2018-03-02 22:49:21'),
(146, 13136, 'https://www.khl.ru/players/13136/', 'https://www.khl.ru/images/teamplayers/6704/13136.jpg', 'Вишневский', 'Виталий', 55, 'СЕВ', 51, 1, 5, 6, 5, 26, 1, 0, 0, 0, 0, 0, 37, 2.7, 1, 1, 0, 0, 14, 59, 23.4, 79, 50, 4, '2018-03-02 22:49:21'),
(147, 13256, 'https://www.khl.ru/players/13256/', 'https://www.khl.ru/images/teamplayers/6712/13256.jpg', 'Зубарев', 'Андрей', 28, 'СКА', 27, 0, 6, 6, 12, 33, 0, 0, 0, 0, 0, 0, 23, 0, 1, 1, 1, 100, 14, 36, 17.3, 32, 30, 4, '2018-03-02 22:49:21'),
(148, 10162, 'https://www.khl.ru/players/10162/', 'https://www.khl.ru/images/teamplayers/6700/10162.jpg', 'Бартулис', 'Оскарс', 37, 'СЮЛ', 42, 0, 6, 6, -8, 44, 0, 0, 0, 0, 0, 0, 57, 0, 1, 0, 0, 0, 22, 34, 24.7, 18, 48, 2, '2018-03-02 22:49:21'),
(149, 16015, 'https://www.khl.ru/players/16015/', 'https://www.khl.ru/images/teamplayers/6648/16015.jpg', 'Глазков', 'Иван', 35, 'АДМ', 11, 2, 3, 5, -2, 4, 1, 1, 0, 0, 1, 0, 5, 40, 1, 0, 0, 0, 22, 16, 26.8, 5, 21, 2, '2018-03-02 22:49:21'),
(150, 15128, 'https://www.khl.ru/players/15128/', 'https://www.khl.ru/images/teamplayers/6704/15128.jpg', 'Верёвкин', 'Максим', 85, 'СЕВ', 25, 2, 3, 5, -6, 6, 0, 2, 0, 1, 1, 0, 32, 6.2, 1, 0, 0, 0, 18, 26, 26.1, 42, 46, 8, '2018-03-02 22:49:21'),
(151, 24048, 'https://www.khl.ru/players/24048/', 'https://www.khl.ru/images/teamplayers/6672/24048.jpg', 'Балинскис', 'Увис', 26, 'ДРГ', 28, 2, 3, 5, -8, 4, 1, 1, 0, 0, 0, 0, 31, 6.5, 1, 0, 0, 0, 12, 39, 17.7, 13, 20, 4, '2018-03-02 22:49:21'),
(152, 14612, 'https://www.khl.ru/players/14612/', 'https://www.khl.ru/images/teamplayers/6700/14612.jpg', 'Гончаров', 'Максим', 57, 'СЮЛ', 35, 2, 3, 5, -4, 40, 2, 0, 0, 0, 0, 0, 35, 5.7, 1, 0, 0, 0, 14, 18, 20.1, 57, 23, 2, '2018-03-02 22:49:21'),
(153, 18978, 'https://www.khl.ru/players/18978/', 'https://www.khl.ru/images/teamplayers/6680/18978.jpg', 'Граборенко', 'Роман', 2, 'НХК', 48, 2, 3, 5, -14, 28, 2, 0, 0, 0, 0, 0, 76, 2.6, 2, 0, 0, 0, 18, 52, 23.4, 65, 82, 5, '2018-03-02 22:49:21'),
(154, 18744, 'https://www.khl.ru/players/18744/', 'https://www.khl.ru/images/teamplayers/6668/18744.jpg', 'Хенкель', 'Кристиан', 18, 'ДМН', 55, 2, 3, 5, 0, 20, 2, 0, 0, 0, 0, 0, 48, 4.2, 1, 0, 0, 0, 15, 11, 20.1, 11, 48, 2, '2018-03-02 22:49:21'),
(155, 16356, 'https://www.khl.ru/players/16356/', 'https://www.khl.ru/images/teamplayers/6684/16356.jpg', 'Гуркин', 'Ефим', 13, 'ЛАД', 30, 1, 4, 5, 2, 4, 1, 0, 0, 0, 0, 0, 32, 3.1, 1, 0, 0, 0, 14, 2, 19.1, 8, 19, 1, '2018-03-02 22:49:21'),
(156, 14646, 'https://www.khl.ru/players/14646/', 'https://www.khl.ru/images/teamplayers/6684/14646.jpg', 'Костромитин', 'Дмитрий', 5, 'ЛАД', 44, 1, 4, 5, -9, 18, 1, 0, 0, 0, 0, 0, 26, 3.8, 1, 2, 0, 0, 16, 12, 23.7, 22, 56, 2, '2018-03-02 22:49:21'),
(157, 16400, 'https://www.khl.ru/players/16400/', 'https://www.khl.ru/images/teamplayers/6740/16400.jpg', 'Науменков', 'Михаил', 38, 'ЦСК', 45, 1, 4, 5, 22, 36, 1, 0, 0, 0, 0, 0, 58, 1.7, 1, 0, 0, 0, 16, 47, 25.2, 49, 53, 4, '2018-03-02 22:49:21'),
(158, 14881, 'https://www.khl.ru/players/14881/', 'https://www.khl.ru/images/teamplayers/6664/14881.jpg', 'Головков', 'Игорь', 52, 'ВИТ', 52, 1, 4, 5, -7, 22, 1, 0, 0, 0, 0, 0, 42, 2.4, 1, 0, 0, 0, 17, 31, 25.2, 19, 75, 3, '2018-03-02 22:49:21'),
(159, 18900, 'https://www.khl.ru/players/18900/', 'https://www.khl.ru/images/teamplayers/6712/18900.jpg', 'Зуб', 'Артём', 2, 'СКА', 36, 0, 5, 5, 11, 12, 0, 0, 0, 0, 0, 0, 22, 0, 1, 0, 0, 0, 14, 2, 17.7, 36, 42, 3, '2018-03-02 22:49:21'),
(160, 16675, 'https://www.khl.ru/players/16675/', 'https://www.khl.ru/images/teamplayers/6740/16675.jpg', 'Сергеев', 'Артём', 93, 'ЦСК', 38, 0, 5, 5, 23, 28, 0, 0, 0, 0, 0, 0, 43, 0, 1, 0, 0, 0, 13, 21, 19.8, 25, 29, 4, '2018-03-02 22:49:21'),
(161, 16441, 'https://www.khl.ru/players/16441/', 'https://www.khl.ru/images/teamplayers/6684/16441.jpg', 'Дьяков', 'Кирилл', 48, 'ЛАД', 52, 0, 5, 5, -1, 46, 0, 0, 0, 0, 0, 0, 31, 0, 1, 0, 0, 0, 17, 46, 24.5, 42, 30, 15, '2018-03-02 22:49:21'),
(162, 22365, 'https://www.khl.ru/players/22365/', 'https://www.khl.ru/images/teamplayers/6680/22365.jpg', 'Ярвинен', 'Йоонас', 36, 'КРС', 53, 0, 5, 5, -5, 72, 0, 0, 0, 0, 0, 0, 43, 0, 1, 0, 0, 0, 19, 13, 24.3, 92, 83, 2, '2018-03-02 22:49:21'),
(163, 14616, 'https://www.khl.ru/players/14616/', 'https://www.khl.ru/images/teamplayers/6672/14616.jpg', 'Пуяц', 'Георгий', 18, 'ДРГ', 34, 2, 2, 4, -9, 18, 1, 1, 0, 0, 0, 0, 48, 4.2, 1, 0, 0, 0, 15, 5, 20.5, 24, 32, 1, '2018-03-02 22:49:21'),
(164, 30088, 'https://www.khl.ru/players/30088/', 'https://www.khl.ru/images/teamplayers/6744/30088.jpg', 'Витасек', 'Ондржей', 2, 'ЮГР', 43, 2, 2, 4, 0, 34, 2, 0, 0, 1, 1, 0, 57, 3.5, 1, 0, 0, 0, 17, 18, 23.5, 28, 36, 4, '2018-03-02 22:49:21'),
(165, 14260, 'https://www.khl.ru/players/14260/', 'https://www.khl.ru/images/teamplayers/6680/14260.jpg', 'Ибрагимов', 'Ринат', 87, 'КРС', 28, 1, 3, 4, 2, 8, 1, 0, 0, 1, 1, 0, 24, 4.2, 1, 2, 0, 0, 12, 0, 15.5, 15, 17, 2, '2018-03-02 22:49:21'),
(166, 24913, 'https://www.khl.ru/players/24913/', 'https://www.khl.ru/images/teamplayers/6676/24913.jpg', 'Лауридсен', 'Оливер', 7, 'ЙОК', 54, 1, 3, 4, -3, 38, 1, 0, 0, 0, 0, 0, 57, 1.8, 1, 1, 0, 0, 16, 14, 20.9, 70, 54, 7, '2018-03-02 22:49:21'),
(167, 14307, 'https://www.khl.ru/players/14307/', 'https://www.khl.ru/images/teamplayers/6692/14307.jpg', 'Бирюков', 'Евгений', 48, 'ММГ', 56, 1, 3, 4, 0, 22, 1, 0, 0, 0, 1, 0, 77, 1.3, 1, 0, 0, 0, 20, 42, 27.3, 50, 100, 4, '2018-03-02 22:49:21'),
(168, 16043, 'https://www.khl.ru/players/16043/', 'https://www.khl.ru/images/teamplayers/6712/16043.jpg', 'Рукавишников', 'Роман', 5, 'СКА', 13, 0, 4, 4, 5, 6, 0, 0, 0, 0, 0, 0, 8, 0, 1, 0, 0, 0, 12, 26, 16.3, 7, 8, 2, '2018-03-02 22:49:21'),
(169, 25595, 'https://www.khl.ru/players/25595/', 'https://www.khl.ru/images/teamplayers/6660/25595.jpg', 'Сауторн', 'Джордон', 90, 'БАР', 23, 0, 4, 4, 3, 13, 0, 0, 0, 0, 0, 0, 29, 0, 1, 0, 0, 0, 16, 30, 21.1, 15, 15, 2, '2018-03-02 22:49:21'),
(170, 17613, 'https://www.khl.ru/players/17613/', 'https://www.khl.ru/images/teamplayers/6652/17613.jpg', 'Манухов', 'Роман', 26, 'ЛОК', 27, 0, 4, 4, 5, 24, 0, 0, 0, 0, 0, 0, 29, 0, 1, 0, 0, 0, 13, 20, 20.3, 12, 28, 2, '2018-03-02 22:49:21'),
(171, 519, 'https://www.khl.ru/players/519/', 'https://www.khl.ru/images/teamplayers/6728/519.jpg', 'Никитин', 'Никита', 6, 'ТРК', 33, 0, 4, 4, 8, 20, 0, 0, 0, 0, 0, 0, 37, 0, 1, 0, 0, 0, 17, 56, 22.9, 30, 47, 2, '2018-03-02 22:49:21'),
(172, 17327, 'https://www.khl.ru/players/17327/', 'https://www.khl.ru/images/teamplayers/6684/17327.jpg', 'Кириллов', 'Алексей', 21, 'СПР', 38, 0, 4, 4, -11, 35, 0, 0, 0, 0, 0, 0, 23, 0, 1, 0, 0, 0, 16, 19, 23.6, 54, 57, 5, '2018-03-02 22:49:22'),
(173, 17963, 'https://www.khl.ru/players/17963/', 'https://www.khl.ru/images/teamplayers/6732/17963.jpg', 'Корягин', 'Глеб', 77, 'ДИН', 42, 0, 4, 4, -13, 12, 0, 0, 0, 0, 0, 0, 21, 0, 1, 0, 0, 0, 13, 12, 19, 45, 40, 6, '2018-03-02 22:49:22'),
(174, 18999, 'https://www.khl.ru/players/18999/', 'https://www.khl.ru/images/teamplayers/6708/18999.jpg', 'Воробьёв', 'Кирилл', 11, 'СИБ', 43, 0, 4, 4, -10, 34, 0, 0, 0, 0, 0, 0, 36, 0, 1, 1, 0, 0, 17, 10, 24.4, 48, 79, 10, '2018-03-02 22:49:22'),
(175, 17786, 'https://www.khl.ru/players/17786/', 'https://www.khl.ru/images/teamplayers/6688/17786.jpg', 'Черепанов', 'Никита', 73, 'ЛОК', 44, 0, 4, 4, -10, 41, 0, 0, 0, 0, 0, 0, 32, 0, 1, 0, 0, 0, 12, 36, 20.8, 59, 33, 3, '2018-03-02 22:49:22'),
(176, 9849, 'https://www.khl.ru/players/9849/', 'https://www.khl.ru/images/teamplayers/6644/9849.jpg', 'Мишарин', 'Георгий', 16, 'АВТ', 46, 0, 4, 4, 2, 25, 0, 0, 0, 0, 0, 0, 40, 0, 1, 0, 0, 0, 15, 58, 21.7, 24, 35, 0, '2018-03-02 22:49:22'),
(177, 23611, 'https://www.khl.ru/players/23611/', 'https://www.khl.ru/images/teamplayers/6676/23611.jpg', 'Енсен', 'Еспер', 44, 'ЙОК', 47, 0, 4, 4, 0, 30, 0, 0, 0, 0, 0, 0, 67, 0, 1, 0, 0, 0, 16, 58, 20.9, 46, 43, 10, '2018-03-02 22:49:22'),
(178, 25253, 'https://www.khl.ru/players/25253/', 'https://www.khl.ru/images/teamplayers/6680/25253.jpg', 'Юйэнь', 'Зак', 93, 'КРС', 21, 2, 1, 3, -1, 18, 2, 0, 0, 0, 1, 0, 10, 20, 1, 3, 1, 33.3, 9, 52, 13.6, 17, 17, 2, '2018-03-02 22:49:22'),
(179, 4266, 'https://www.khl.ru/players/4266/', 'https://www.khl.ru/images/teamplayers/6680/4266.jpg', 'Перетягин', 'Сергей', 5, 'КРС', 40, 2, 1, 3, 0, 20, 2, 0, 0, 0, 0, 0, 32, 6.2, 1, 1, 1, 100, 14, 34, 20.6, 25, 54, 0, '2018-03-02 22:49:22'),
(180, 3667, 'https://www.khl.ru/players/3667/', 'https://www.khl.ru/images/teamplayers/6648/3667.jpg', 'Волченков', 'Антон', 20, 'АДМ', 28, 1, 2, 3, -2, 12, 1, 0, 0, 0, 0, 0, 37, 2.7, 1, 0, 0, 0, 15, 14, 21.2, 13, 58, 1, '2018-03-02 22:49:22'),
(181, 19624, 'https://www.khl.ru/players/19624/', 'https://www.khl.ru/images/teamplayers/6680/19624.jpg', 'Дялога', 'Марек', 71, 'КРС', 34, 1, 2, 3, 0, 10, 1, 0, 0, 0, 1, 0, 33, 3, 1, 0, 0, 0, 14, 16, 19.5, 11, 19, 4, '2018-03-02 22:49:22'),
(182, 14592, 'https://www.khl.ru/players/14592/', 'https://www.khl.ru/images/teamplayers/6668/14592.jpg', 'Денисов', 'Владимир', 7, 'ДМН', 40, 1, 2, 3, -7, 42, 1, 0, 0, 0, 0, 0, 70, 1.4, 2, 0, 0, 0, 20, 57, 24.9, 100, 65, 0, '2018-03-02 22:49:22'),
(183, 17803, 'https://www.khl.ru/players/17803/', 'https://www.khl.ru/images/teamplayers/6744/17803.jpg', 'Погоришный', 'Олег', 75, 'ЮГР', 42, 1, 2, 3, -4, 22, 1, 0, 0, 0, 0, 0, 35, 2.9, 1, 0, 0, 0, 13, 10, 20.1, 56, 22, 8, '2018-03-02 22:49:22'),
(184, 6155, 'https://www.khl.ru/players/6155/', 'https://www.khl.ru/images/teamplayers/6744/6155.jpg', 'Шулаков', 'Виталий', 5, 'ЮГР', 49, 1, 2, 3, -20, 30, 1, 0, 0, 0, 0, 0, 34, 2.9, 1, 0, 0, 0, 15, 24, 22.5, 18, 48, 11, '2018-03-02 22:49:22'),
(185, 15640, 'https://www.khl.ru/players/15640/', 'https://www.khl.ru/images/teamplayers/6648/15640.jpg', 'Мнацян', 'Самвел', 13, 'АДМ', 52, 1, 2, 3, -7, 93, 1, 0, 0, 0, 0, 0, 35, 2.9, 1, 0, 0, 0, 16, 3, 21.8, 131, 69, 3, '2018-03-02 22:49:22'),
(186, 14529, 'https://www.khl.ru/players/14529/', 'https://www.khl.ru/images/teamplayers/6744/14529.jpg', 'Валентенко', 'Павел', 4, 'ЮГР', 10, 0, 3, 3, -3, 9, 0, 0, 0, 0, 0, 0, 14, 0, 1, 0, 0, 0, 18, 16, 22.9, 18, 13, 2, '2018-03-02 22:49:22'),
(187, 13928, 'https://www.khl.ru/players/13928/', 'https://www.khl.ru/images/teamplayers/6724/13928.jpg', 'Захарчук', 'Степан', 32, 'ТОР', 15, 0, 3, 3, 4, 56, 0, 0, 0, 0, 0, 0, 12, 0, 1, 0, 0, 0, 14, 38, 21.1, 27, 10, 3, '2018-03-02 22:49:22'),
(188, 18912, 'https://www.khl.ru/players/18912/', 'https://www.khl.ru/images/teamplayers/6744/18912.jpg', 'Штайнох', 'Мартин', 9, 'ЮГР', 21, 0, 3, 3, -11, 4, 0, 0, 0, 0, 0, 0, 42, 0, 2, 0, 0, 0, 20, 56, 27.3, 18, 35, 1, '2018-03-02 22:49:22'),
(189, 16672, 'https://www.khl.ru/players/16672/', 'https://www.khl.ru/images/teamplayers/6724/16672.jpg', 'Беляков', 'Фёдор', 44, 'ТОР', 24, 0, 3, 3, -1, 14, 0, 0, 0, 0, 0, 0, 8, 0, 0, 0, 0, 0, 12, 49, 18.6, 42, 37, 2, '2018-03-02 22:49:22'),
(190, 17609, 'https://www.khl.ru/players/17609/', 'https://www.khl.ru/images/teamplayers/6692/17609.jpg', 'Береглазов', 'Алексей', 51, 'ММГ', 25, 0, 3, 3, 2, 2, 0, 0, 0, 0, 0, 0, 38, 0, 2, 0, 0, 0, 21, 35, 27.4, 18, 33, 2, '2018-03-02 22:49:22'),
(191, 16551, 'https://www.khl.ru/players/16551/', 'https://www.khl.ru/images/teamplayers/6744/16551.jpg', 'Козловский', 'Юрий', 7, 'ЮГР', 25, 0, 3, 3, -11, 8, 0, 0, 0, 0, 0, 0, 17, 0, 1, 0, 0, 0, 13, 21, 20.1, 11, 27, 3, '2018-03-02 22:49:22'),
(192, 24912, 'https://www.khl.ru/players/24912/', 'https://www.khl.ru/images/teamplayers/6676/24912.jpg', 'Раутанен', 'Юхо', 56, 'ЙОК', 26, 0, 3, 3, 0, 6, 0, 0, 0, 0, 0, 0, 13, 0, 1, 0, 0, 0, 10, 47, 14.7, 6, 13, 2, '2018-03-02 22:49:22'),
(193, 6428, 'https://www.khl.ru/players/6428/', 'https://www.khl.ru/images/teamplayers/6720/6428.jpg', 'Бондарев', 'Алексей', 9, 'СПР', 30, 0, 3, 3, -4, 34, 0, 0, 0, 0, 0, 0, 12, 0, 0, 0, 0, 0, 15, 39, 21.8, 17, 51, 3, '2018-03-02 22:49:22'),
(194, 6519, 'https://www.khl.ru/players/6519/', 'https://www.khl.ru/images/teamplayers/6728/6519.jpg', 'Шинин', 'Александр', 16, 'ТРК', 31, 0, 3, 3, 0, 12, 0, 0, 0, 0, 0, 0, 14, 0, 1, 0, 0, 0, 14, 37, 19.5, 6, 27, 1, '2018-03-02 22:49:22'),
(195, 16755, 'https://www.khl.ru/players/16755/', 'https://www.khl.ru/images/teamplayers/6676/16755.jpg', 'Риссанен', 'Расмус', 2, 'ЙОК', 31, 0, 3, 3, -2, 18, 0, 0, 0, 0, 0, 0, 35, 0, 1, 0, 0, 0, 13, 13, 17.8, 41, 14, 0, '2018-03-02 22:49:22'),
(196, 19543, 'https://www.khl.ru/players/19543/', 'https://www.khl.ru/images/teamplayers/6724/19543.jpg', 'Шуленин', 'Дмитрий', 63, 'ТОР', 32, 0, 3, 3, -5, 8, 0, 0, 0, 0, 0, 0, 8, 0, 0, 0, 0, 0, 13, 34, 19.4, 26, 26, 1, '2018-03-02 22:49:22'),
(197, 17625, 'https://www.khl.ru/players/17625/', 'https://www.khl.ru/images/teamplayers/6736/17625.jpg', 'Лисов', 'Никита', 7, 'АВГ', 33, 0, 3, 3, -5, 14, 0, 0, 0, 0, 0, 0, 21, 0, 1, 0, 0, 0, 12, 20, 17.5, 10, 12, 0, '2018-03-02 22:49:22'),
(198, 13252, 'https://www.khl.ru/players/13252/', 'https://www.khl.ru/images/teamplayers/6652/13252.jpg', 'Батыршин', 'Рафаэль', 32, 'АКБ', 34, 0, 3, 3, -3, 30, 0, 0, 0, 0, 0, 0, 38, 0, 1, 0, 0, 0, 16, 13, 22.9, 47, 24, 1, '2018-03-02 22:49:22'),
(199, 19102, 'https://www.khl.ru/players/19102/', 'https://www.khl.ru/images/teamplayers/6668/19102.jpg', 'Знахаренко', 'Дмитрий', 73, 'ДМН', 45, 0, 3, 3, 7, 16, 0, 0, 0, 0, 0, 0, 36, 0, 1, 0, 0, 0, 9, 36, 12.8, 37, 28, 6, '2018-03-02 22:49:22'),
(200, 6340, 'https://www.khl.ru/players/6340/', 'https://www.khl.ru/images/teamplayers/6684/6340.jpg', 'Ежов', 'Денис', 2, 'ЛАД', 46, 0, 3, 3, -8, 36, 0, 0, 0, 0, 0, 0, 27, 0, 1, 0, 0, 0, 17, 31, 25.2, 46, 70, 3, '2018-03-02 22:49:22'),
(201, 14399, 'https://www.khl.ru/players/14399/', 'https://www.khl.ru/images/teamplayers/6660/14399.jpg', 'Липин', 'Александр', 46, 'БАР', 48, 0, 3, 3, 2, 45, 0, 0, 0, 0, 0, 0, 19, 0, 0, 0, 0, 0, 13, 27, 19.1, 100, 78, 3, '2018-03-02 22:49:22'),
(202, 5636, 'https://www.khl.ru/players/5636/', 'https://www.khl.ru/images/teamplayers/6728/5636.jpg', 'Петров', 'Алексей', 47, 'ТРК', 48, 0, 3, 3, -7, 24, 0, 0, 0, 0, 0, 0, 15, 0, 0, 0, 0, 0, 12, 25, 19, 61, 32, 3, '2018-03-02 22:49:22'),
(203, 17311, 'https://www.khl.ru/players/17311/', 'https://www.khl.ru/images/teamplayers/6728/17311.jpg', 'Мамаев', 'Данил', 9, 'ТРК', 49, 0, 3, 3, -2, 14, 0, 0, 0, 0, 0, 0, 14, 0, 0, 0, 0, 0, 10, 57, 15.3, 5, 31, 2, '2018-03-02 22:49:22');
INSERT INTO `stat_defenders` (`num`, `id_player`, `profile`, `image`, `last_name`, `first_name`, `number`, `club`, `games`, `pucks`, `pass`, `scores`, `plus_minus`, `penalty`, `pucks_equal`, `pucks_most`, `pucks_min`, `pucks_ot`, `pucks_win`, `bullets_win`, `throw`, `throw_percent`, `throw_games`, `faceoff`, `faceoff_win`, `faceoff_percent`, `time_game_m`, `time_game_s`, `change_game`, `power_recep`, `block_throw`, `fouls_against`, `date_wrte`) VALUES
(204, 23494, 'https://www.khl.ru/players/23494/', 'https://www.khl.ru/images/teamplayers/6672/23494.jpg', 'Алишаускас', 'Нериюс', 4, 'ДРГ', 51, 0, 3, 3, -8, 16, 0, 0, 0, 0, 0, 0, 23, 0, 1, 0, 0, 0, 14, 9, 20, 66, 41, 4, '2018-03-02 22:49:22'),
(205, 16700, 'https://www.khl.ru/players/16700/', 'https://www.khl.ru/images/teamplayers/6716/16700.jpg', 'Ворачек', 'Томаш', 4, 'СЛВ', 53, 0, 3, 3, -18, 53, 0, 0, 0, 0, 0, 0, 53, 0, 1, 0, 0, 0, 15, 31, 21.6, 46, 68, 8, '2018-03-02 22:49:22'),
(206, 15279, 'https://www.khl.ru/players/15279/', 'https://www.khl.ru/images/teamplayers/6684/15279.jpg', 'Сотниекс', 'Кристапс', 10, 'ЛАД', 17, 2, 0, 2, 0, 0, 2, 0, 0, 0, 0, 0, 19, 10.5, 1, 0, 0, 0, 18, 1, 24.3, 9, 29, 3, '2018-03-02 22:49:22'),
(207, 15836, 'https://www.khl.ru/players/15836/', 'https://www.khl.ru/images/teamplayers/6656/15836.jpg', 'Бердюков', 'Георгий', 84, 'АМР', 22, 2, 0, 2, -4, 4, 2, 0, 0, 0, 0, 0, 21, 9.5, 1, 0, 0, 0, 17, 13, 25.7, 6, 49, 1, '2018-03-02 22:49:22'),
(208, 25353, 'https://www.khl.ru/players/25353/', 'https://www.khl.ru/images/teamplayers/6736/25353.jpg', 'Педан', 'Руслан', 73, 'СОЧ', 22, 1, 1, 2, -3, 16, 0, 1, 0, 0, 0, 0, 21, 4.8, 1, 0, 0, 0, 15, 3, 21.1, 40, 37, 4, '2018-03-02 22:49:22'),
(209, 15646, 'https://www.khl.ru/players/15646/', 'https://www.khl.ru/images/teamplayers/6656/15646.jpg', 'Турбин', 'Павел', 34, 'АМР', 25, 1, 1, 2, -2, 2, 1, 0, 0, 0, 0, 0, 18, 5.6, 1, 0, 0, 0, 17, 15, 26, 22, 25, 3, '2018-03-02 22:49:22'),
(210, 14267, 'https://www.khl.ru/players/14267/', 'https://www.khl.ru/images/teamplayers/6736/14267.jpg', 'Александров', 'Юрий', 2, 'СОЧ', 26, 1, 1, 2, 1, 12, 1, 0, 0, 0, 1, 0, 29, 3.4, 1, 0, 0, 0, 20, 47, 28.2, 3, 45, 0, '2018-03-02 22:49:22'),
(211, 23543, 'https://www.khl.ru/players/23543/', 'https://www.khl.ru/images/teamplayers/6648/23543.jpg', 'Курашов', 'Даниил', 28, 'АДМ', 32, 1, 1, 2, 1, 6, 1, 0, 0, 0, 0, 0, 16, 6.2, 1, 1, 0, 0, 9, 18, 13.8, 7, 9, 0, '2018-03-02 22:49:22'),
(212, 17881, 'https://www.khl.ru/players/17881/', 'https://www.khl.ru/images/teamplayers/6680/17881.jpg', 'Хлыстов', 'Никита', 43, 'КРС', 32, 1, 1, 2, -3, 8, 0, 1, 0, 0, 0, 0, 42, 2.4, 1, 0, 0, 0, 18, 16, 21.9, 13, 24, 3, '2018-03-02 22:49:22'),
(213, 21992, 'https://www.khl.ru/players/21992/', 'https://www.khl.ru/images/teamplayers/6664/21992.jpg', 'Воронков', 'Егор', 59, 'ВИТ', 46, 1, 1, 2, -13, 18, 1, 0, 0, 0, 0, 0, 19, 5.3, 0, 0, 0, 0, 11, 4, 15.5, 19, 29, 4, '2018-03-02 22:49:22'),
(214, 23813, 'https://www.khl.ru/players/23813/', 'https://www.khl.ru/images/teamplayers/6660/23813.jpg', 'Полохов', 'Кирилл', 23, 'БАР', 52, 1, 1, 2, -11, 12, 1, 0, 0, 0, 0, 0, 29, 3.4, 1, 0, 0, 0, 10, 28, 15.4, 30, 27, 3, '2018-03-02 22:49:22'),
(215, 22262, 'https://www.khl.ru/players/22262/', 'https://www.khl.ru/images/teamplayers/6668/22262.jpg', 'Устиненко', 'Никита', 23, 'ДМН', 9, 0, 2, 2, -1, 4, 0, 0, 0, 0, 0, 0, 7, 0, 1, 0, 0, 0, 6, 16, 7.9, 1, 3, 0, '2018-03-02 22:49:22'),
(216, 25509, 'https://www.khl.ru/players/25509/', 'https://www.khl.ru/images/teamplayers/6716/25509.jpg', 'Гедера', 'Томаш', 3, 'СЛВ', 12, 0, 2, 2, -1, 0, 0, 0, 0, 0, 0, 0, 2, 0, 0, 0, 0, 0, 7, 8, 10.7, 3, 3, 3, '2018-03-02 22:49:22'),
(217, 15621, 'https://www.khl.ru/players/15621/', 'https://www.khl.ru/images/teamplayers/6708/15621.jpg', 'Макаров', 'Александр', 44, 'СИБ', 20, 0, 2, 2, -6, 12, 0, 0, 0, 0, 0, 0, 6, 0, 0, 0, 0, 0, 13, 14, 20.1, 23, 35, 3, '2018-03-02 22:49:22'),
(218, 20521, 'https://www.khl.ru/players/20521/', 'https://www.khl.ru/images/teamplayers/6652/20521.jpg', 'Лямкин', 'Никита', 96, 'АКБ', 25, 0, 2, 2, 11, 16, 0, 0, 0, 0, 0, 0, 16, 0, 1, 0, 0, 0, 15, 17, 21.4, 8, 25, 2, '2018-03-02 22:49:22'),
(219, 15677, 'https://www.khl.ru/players/15677/', 'https://www.khl.ru/images/teamplayers/6708/15677.jpg', 'Лукин', 'Дмитрий', 46, 'СИБ', 25, 0, 2, 2, -1, 20, 0, 0, 0, 0, 0, 0, 13, 0, 1, 0, 0, 0, 12, 4, 18.4, 15, 28, 1, '2018-03-02 22:49:22'),
(220, 19007, 'https://www.khl.ru/players/19007/', 'https://www.khl.ru/images/teamplayers/6648/19007.jpg', 'Глухов', 'Николай', 5, 'АДМ', 25, 0, 2, 2, -5, 38, 0, 0, 0, 0, 0, 0, 18, 0, 1, 0, 0, 0, 12, 59, 18.2, 12, 25, 6, '2018-03-02 22:49:22'),
(221, 23227, 'https://www.khl.ru/players/23227/', 'https://www.khl.ru/images/teamplayers/6732/23227.jpg', 'Зайцев', 'Егор', 86, 'ДИН', 28, 0, 2, 2, 0, 30, 0, 0, 0, 0, 0, 0, 14, 0, 1, 0, 0, 0, 9, 32, 13.8, 41, 15, 2, '2018-03-02 22:49:22'),
(222, 150, 'https://www.khl.ru/players/150/', 'https://www.khl.ru/images/teamplayers/6704/150.jpg', 'Корнеев', 'Константин', 22, 'СЕВ', 30, 0, 2, 2, -11, 14, 0, 0, 0, 0, 0, 0, 32, 0, 1, 0, 0, 0, 17, 49, 26, 12, 28, 5, '2018-03-02 22:49:22'),
(223, 19411, 'https://www.khl.ru/players/19411/', 'https://www.khl.ru/images/teamplayers/6664/19411.jpg', 'Паутов', 'Юрий', 81, 'ВИТ', 33, 0, 2, 2, -2, 12, 0, 0, 0, 0, 0, 0, 16, 0, 1, 0, 0, 0, 12, 49, 18.3, 13, 22, 3, '2018-03-02 22:49:22'),
(224, 15609, 'https://www.khl.ru/players/15609/', 'https://www.khl.ru/images/teamplayers/6696/15609.jpg', 'Волгин', 'Алексей', 63, 'НХК', 33, 0, 2, 2, -6, 6, 0, 0, 0, 0, 0, 0, 34, 0, 1, 0, 0, 0, 16, 8, 22, 24, 25, 1, '2018-03-02 22:49:22'),
(225, 19407, 'https://www.khl.ru/players/19407/', 'https://www.khl.ru/images/teamplayers/6728/19407.jpg', 'Исаев', 'Игорь', 79, 'ТРК', 41, 0, 2, 2, 3, 12, 0, 0, 0, 0, 0, 0, 26, 0, 1, 0, 0, 0, 13, 31, 17.7, 33, 56, 1, '2018-03-02 22:49:22'),
(226, 15637, 'https://www.khl.ru/players/15637/', 'https://www.khl.ru/images/teamplayers/6704/15637.jpg', 'Калашников', 'Станислав', 47, 'СЕВ', 46, 0, 2, 2, 0, 36, 0, 0, 0, 0, 0, 0, 41, 0, 1, 0, 0, 0, 14, 32, 22.3, 48, 32, 5, '2018-03-02 22:49:22'),
(227, 22160, 'https://www.khl.ru/players/22160/', 'https://www.khl.ru/images/teamplayers/6732/22160.jpg', 'Волков', 'Артём', 49, 'ДИН', 48, 0, 2, 2, -2, 14, 0, 0, 0, 0, 0, 0, 43, 0, 1, 0, 0, 0, 13, 3, 19.7, 8, 38, 2, '2018-03-02 22:49:22'),
(228, 17574, 'https://www.khl.ru/players/17574/', 'https://www.khl.ru/images/teamplayers/6700/17574.jpg', 'Гареев', 'Станислав', 94, 'СЮЛ', 51, 0, 2, 2, 5, 6, 0, 0, 0, 0, 0, 0, 40, 0, 1, 0, 0, 0, 15, 2, 19.8, 28, 40, 1, '2018-03-02 22:49:22'),
(229, 5851, 'https://www.khl.ru/players/5851/', 'https://www.khl.ru/images/teamplayers/6688/5851.jpg', 'Кутузов', 'Александр', 45, 'ЛОК', 7, 1, 0, 1, 3, 0, 0, 1, 0, 0, 0, 0, 7, 14.3, 1, 0, 0, 0, 14, 29, 23.1, 1, 6, 0, '2018-03-02 22:49:22'),
(230, 16088, 'https://www.khl.ru/players/16088/', 'https://www.khl.ru/images/teamplayers/6656/16088.jpg', 'Швиденко', 'Дмитрий', 7, 'АМР', 9, 1, 0, 1, -6, 33, 1, 0, 0, 0, 0, 0, 15, 6.7, 2, 0, 0, 0, 18, 36, 27.6, 6, 16, 0, '2018-03-02 22:49:22'),
(231, 22682, 'https://www.khl.ru/players/22682/', 'https://www.khl.ru/images/teamplayers/6740/22682.jpg', 'Макеев', 'Никита', 47, 'ЦСК', 16, 1, 0, 1, -1, 8, 1, 0, 0, 0, 0, 0, 10, 10, 1, 0, 0, 0, 7, 30, 12.3, 10, 5, 0, '2018-03-02 22:49:22'),
(232, 22016, 'https://www.khl.ru/players/22016/', 'https://www.khl.ru/images/teamplayers/6644/22016.jpg', 'Щемеров', 'Александр', 55, 'АВТ', 17, 1, 0, 1, -1, 2, 1, 0, 0, 0, 0, 0, 11, 9.1, 1, 0, 0, 0, 6, 41, 10.6, 6, 4, 1, '2018-03-02 22:49:22'),
(233, 20606, 'https://www.khl.ru/players/20606/', 'https://www.khl.ru/images/teamplayers/6692/20606.jpg', 'Бобряшов', 'Никита', 8, 'ММГ', 17, 1, 0, 1, -3, 2, 1, 0, 0, 0, 0, 0, 17, 5.9, 1, 0, 0, 0, 9, 53, 15.6, 13, 9, 3, '2018-03-02 22:49:22'),
(234, 17968, 'https://www.khl.ru/players/17968/', 'https://www.khl.ru/images/teamplayers/6652/17968.jpg', 'Абросимов', 'Роман', 16, 'АКБ', 21, 1, 0, 1, 0, 70, 1, 0, 0, 0, 0, 0, 15, 6.7, 1, 0, 0, 0, 15, 4, 22, 29, 23, 3, '2018-03-02 22:49:22'),
(235, 21133, 'https://www.khl.ru/players/21133/', 'https://www.khl.ru/images/teamplayers/6696/21133.jpg', 'Фазылзянов', 'Камиль', 55, 'НХК', 24, 1, 0, 1, 1, 8, 1, 0, 0, 0, 0, 0, 10, 10, 0, 0, 0, 0, 3, 24, 6.1, 3, 4, 0, '2018-03-02 22:49:22'),
(236, 21101, 'https://www.khl.ru/players/21101/', 'https://www.khl.ru/images/teamplayers/6652/21101.jpg', 'Фаткуллин', 'Тимур', 53, 'ТОР', 29, 1, 0, 1, -9, 6, 0, 1, 0, 0, 0, 0, 27, 3.7, 1, 0, 0, 0, 8, 6, 12.1, 10, 8, 3, '2018-03-02 22:49:22'),
(237, 21548, 'https://www.khl.ru/players/21548/', 'https://www.khl.ru/images/teamplayers/6660/21548.jpg', 'Шалапов', 'Егор', 4, 'БАР', 30, 1, 0, 1, -4, 8, 1, 0, 0, 0, 0, 0, 13, 7.7, 0, 0, 0, 0, 13, 8, 17.9, 18, 17, 0, '2018-03-02 22:49:22'),
(238, 24977, 'https://www.khl.ru/players/24977/', 'https://www.khl.ru/images/teamplayers/6660/24977.jpg', 'Орехов', 'Валерий', 74, 'БАР', 36, 1, 0, 1, 2, 4, 1, 0, 0, 0, 0, 0, 10, 10, 0, 0, 0, 0, 5, 20, 7.6, 12, 3, 2, '2018-03-02 22:49:22'),
(239, 15612, 'https://www.khl.ru/players/15612/', 'https://www.khl.ru/images/teamplayers/6672/15612.jpg', 'Ерофеев', 'Александр', 23, 'ДРГ', 37, 1, 0, 1, -10, 10, 1, 0, 0, 0, 0, 0, 19, 5.3, 1, 0, 0, 0, 15, 8, 21.6, 14, 19, 2, '2018-03-02 22:49:22'),
(240, 18974, 'https://www.khl.ru/players/18974/', 'https://www.khl.ru/images/teamplayers/6724/18974.jpg', 'Балдаев', 'Виктор', 5, 'ТОР', 7, 0, 1, 1, -3, 4, 0, 0, 0, 0, 0, 0, 11, 0, 2, 0, 0, 0, 13, 39, 19.6, 4, 9, 2, '2018-03-02 22:49:22'),
(241, 22616, 'https://www.khl.ru/players/22616/', 'https://www.khl.ru/images/teamplayers/6688/22616.jpg', 'Афанасьев', 'Максим', 67, 'ЛОК', 8, 0, 1, 1, 0, 0, 0, 0, 0, 0, 0, 0, 2, 0, 0, 0, 0, 0, 6, 36, 13, 4, 1, 0, '2018-03-02 22:49:22'),
(242, 19127, 'https://www.khl.ru/players/19127/', 'https://www.khl.ru/images/teamplayers/6676/19127.jpg', 'Андерсен', 'Никлас', 79, 'ЙОК', 10, 0, 1, 1, 0, 6, 0, 0, 0, 0, 0, 0, 11, 0, 1, 0, 0, 0, 16, 42, 21.8, 5, 5, 1, '2018-03-02 22:49:22'),
(243, 28628, 'https://www.khl.ru/players/28628/', 'https://www.khl.ru/images/teamplayers/6716/28628.jpg', 'Черны', 'Томаш', 39, 'СЛВ', 10, 0, 1, 1, -1, 8, 0, 0, 0, 0, 0, 0, 7, 0, 1, 0, 0, 0, 12, 25, 18.4, 4, 6, 0, '2018-03-02 22:49:22'),
(244, 20707, 'https://www.khl.ru/players/20707/', 'https://www.khl.ru/images/teamplayers/6736/20707.jpg', 'Воробьёв', 'Иван', 66, 'СОЧ', 11, 0, 1, 1, -3, 6, 0, 0, 0, 0, 0, 0, 17, 0, 2, 0, 0, 0, 17, 54, 25.4, 14, 12, 0, '2018-03-02 22:49:22'),
(245, 14155, 'https://www.khl.ru/players/14155/', 'https://www.khl.ru/images/teamplayers/6648/14155.jpg', 'Ващенко', 'Григорий', 44, 'АДМ', 11, 0, 1, 1, -5, 4, 0, 0, 0, 0, 0, 0, 9, 0, 1, 0, 0, 0, 16, 19, 22.9, 6, 11, 1, '2018-03-02 22:49:22'),
(246, 18686, 'https://www.khl.ru/players/18686/', 'https://www.khl.ru/images/teamplayers/6688/18686.jpg', 'Пайгин', 'Зият', 88, 'ЛОК', 12, 0, 1, 1, 1, 4, 0, 0, 0, 0, 0, 0, 10, 0, 1, 0, 0, 0, 13, 48, 21.2, 6, 1, 1, '2018-03-02 22:49:22'),
(247, 22281, 'https://www.khl.ru/players/22281/', 'https://www.khl.ru/images/teamplayers/6716/22281.jpg', 'Тайми', 'Томми', 56, 'СЛВ', 13, 0, 1, 1, -9, 20, 0, 0, 0, 0, 0, 0, 31, 0, 2, 1, 0, 0, 19, 57, 25.4, 12, 13, 1, '2018-03-02 22:49:22'),
(248, 16421, 'https://www.khl.ru/players/16421/', 'https://www.khl.ru/images/teamplayers/6744/16421.jpg', 'Неколенко', 'Илья', 36, 'НХК', 14, 0, 1, 1, -5, 4, 0, 0, 0, 0, 0, 0, 15, 0, 1, 0, 0, 0, 14, 6, 20.3, 1, 10, 4, '2018-03-02 22:49:22'),
(249, 15525, 'https://www.khl.ru/players/15525/', 'https://www.khl.ru/images/teamplayers/6744/15525.jpg', 'Журавлёв', 'Егор', 6, 'ЮГР', 15, 0, 1, 1, -7, 26, 0, 0, 0, 0, 0, 0, 11, 0, 1, 0, 0, 0, 11, 17, 17.1, 28, 9, 2, '2018-03-02 22:49:22'),
(250, 13332, 'https://www.khl.ru/players/13332/', 'https://www.khl.ru/images/teamplayers/6692/13332.jpg', 'Будкин', 'Александр', 7, 'ММГ', 17, 0, 1, 1, 0, 2, 0, 0, 0, 0, 0, 0, 9, 0, 1, 0, 0, 0, 8, 27, 13.8, 7, 12, 3, '2018-03-02 22:49:22'),
(251, 18698, 'https://www.khl.ru/players/18698/', 'https://www.khl.ru/images/teamplayers/6724/18698.jpg', 'Медведев', 'Павел', 70, 'ТОР', 19, 0, 1, 1, 0, 6, 0, 0, 0, 0, 0, 0, 17, 0, 1, 0, 0, 0, 13, 31, 20.2, 21, 12, 4, '2018-03-02 22:49:22'),
(252, 22749, 'https://www.khl.ru/players/22749/', 'https://www.khl.ru/images/teamplayers/6700/22749.jpg', 'Елизаров', 'Анатолий', 58, 'СЮЛ', 20, 0, 1, 1, 5, 2, 0, 0, 0, 0, 0, 0, 7, 0, 0, 0, 0, 0, 6, 40, 9.7, 5, 2, 2, '2018-03-02 22:49:22'),
(253, 17802, 'https://www.khl.ru/players/17802/', 'https://www.khl.ru/images/teamplayers/6736/17802.jpg', 'Кузнецов', 'Сергей', 91, 'СОЧ', 20, 0, 1, 1, 5, 8, 0, 0, 0, 0, 0, 0, 16, 0, 1, 1, 0, 0, 10, 44, 16.9, 18, 13, 0, '2018-03-02 22:49:22'),
(254, 14253, 'https://www.khl.ru/players/14253/', 'https://www.khl.ru/images/teamplayers/6728/14253.jpg', 'Рясенский', 'Евгений', 7, 'ТРК', 20, 0, 1, 1, 1, 2, 0, 0, 0, 0, 0, 0, 7, 0, 0, 0, 0, 0, 14, 43, 19.2, 24, 19, 0, '2018-03-02 22:49:22'),
(255, 18745, 'https://www.khl.ru/players/18745/', 'https://www.khl.ru/images/teamplayers/6668/18745.jpg', 'Дюков', 'Роман', 9, 'ДМН', 20, 0, 1, 1, -4, 12, 0, 0, 0, 0, 0, 0, 17, 0, 1, 0, 0, 0, 7, 46, 10.7, 4, 13, 0, '2018-03-02 22:49:22'),
(256, 28640, 'https://www.khl.ru/players/28640/', 'https://www.khl.ru/images/teamplayers/6672/28640.jpg', 'Ренн', 'Уильям', 27, 'ДРГ', 21, 0, 1, 1, -13, 4, 0, 0, 0, 0, 0, 0, 11, 0, 1, 0, 0, 0, 17, 4, 24.9, 12, 25, 2, '2018-03-02 22:49:22'),
(257, 20958, 'https://www.khl.ru/players/20958/', 'https://www.khl.ru/images/teamplayers/6656/20958.jpg', 'Аверин', 'Николай', 61, 'АМР', 25, 0, 1, 1, -3, 2, 0, 0, 0, 0, 0, 0, 25, 0, 1, 0, 0, 0, 16, 16, 24.2, 18, 28, 1, '2018-03-02 22:49:22'),
(258, 43, 'https://www.khl.ru/players/43/', 'https://www.khl.ru/images/teamplayers/6664/43.jpg', 'Гимаев', 'Сергей', 56, 'ВИТ', 25, 0, 1, 1, -10, 21, 0, 0, 0, 0, 0, 0, 15, 0, 1, 0, 0, 0, 14, 16, 21.4, 22, 26, 3, '2018-03-02 22:49:22'),
(259, 3941, 'https://www.khl.ru/players/3941/', 'https://www.khl.ru/images/teamplayers/6732/3941.jpg', 'Соловьёв', 'Максим', 50, 'ДИН', 30, 0, 1, 1, 0, 4, 0, 0, 0, 0, 0, 0, 25, 0, 1, 0, 0, 0, 12, 23, 18.8, 3, 23, 3, '2018-03-02 22:49:22'),
(260, 17459, 'https://www.khl.ru/players/17459/', 'https://www.khl.ru/images/teamplayers/6700/17459.jpg', 'Осипов', 'Максим', 21, 'СЮЛ', 33, 0, 1, 1, -4, 14, 0, 0, 0, 0, 0, 0, 20, 0, 1, 0, 0, 0, 11, 54, 15.8, 40, 22, 4, '2018-03-02 22:49:22'),
(261, 22300, 'https://www.khl.ru/players/22300/', 'https://www.khl.ru/images/teamplayers/6692/22300.jpg', 'Игошев', 'Александр', 60, 'ММГ', 35, 0, 1, 1, 2, 4, 0, 0, 0, 0, 0, 0, 23, 0, 1, 0, 0, 0, 8, 13, 12.6, 9, 13, 0, '2018-03-02 22:49:22'),
(262, 23640, 'https://www.khl.ru/players/23640/', 'https://www.khl.ru/images/teamplayers/6716/23640.jpg', 'Бачик', 'Патрик', 5, 'СЛВ', 43, 0, 1, 1, -16, 32, 0, 0, 0, 0, 0, 0, 31, 0, 1, 0, 0, 0, 13, 41, 20.8, 11, 36, 4, '2018-03-02 22:49:22'),
(263, 14300, 'https://www.khl.ru/players/14300/', 'https://www.khl.ru/images/teamplayers/6664/14300.jpg', 'Катичев', 'Евгений', 26, 'ВИТ', 45, 0, 1, 1, -14, 63, 0, 0, 0, 0, 0, 0, 15, 0, 0, 0, 0, 0, 14, 30, 23.6, 57, 46, 6, '2018-03-02 22:49:22'),
(264, 25462, 'https://www.khl.ru/players/25462/', 'https://www.khl.ru/images/teamplayers/6656/25462.jpg', 'Гендунов', 'Бату', 20, 'АМР', 0, 0, 0, 0, 0, 0, 0, 0, 0, 0, 0, 0, 0, 0, 0, 0, 0, 0, 0, 0, 0, 0, 0, 0, '2018-03-02 22:49:22'),
(265, 22184, 'https://www.khl.ru/players/22184/', 'https://www.khl.ru/images/teamplayers/6720/22184.jpg', 'Морозов', 'Сергей', 92, 'СПР', 0, 0, 0, 0, 0, 0, 0, 0, 0, 0, 0, 0, 0, 0, 0, 0, 0, 0, 0, 0, 0, 0, 0, 0, '2018-03-02 22:49:22'),
(266, 24838, 'https://www.khl.ru/players/24838/', 'https://www.khl.ru/images/teamplayers/6684/24838.jpg', 'Переляев', 'Семён', 74, 'ЛАД', 0, 0, 0, 0, 0, 0, 0, 0, 0, 0, 0, 0, 0, 0, 0, 0, 0, 0, 0, 0, 0, 0, 0, 0, '2018-03-02 22:49:22'),
(267, 23363, 'https://www.khl.ru/players/23363/', 'https://www.khl.ru/images/teamplayers/6656/23363.jpg', 'Янчевский', 'Марк', 70, 'АМР', 0, 0, 0, 0, 0, 0, 0, 0, 0, 0, 0, 0, 0, 0, 0, 0, 0, 0, 0, 0, 0, 0, 0, 0, '2018-03-02 22:49:22'),
(268, 23020, 'https://www.khl.ru/players/23020/', 'https://www.khl.ru/images/teamplayers/6712/23020.jpg', 'Сёмин', 'Владислав', 42, 'СКА', 1, 0, 0, 0, 1, 0, 0, 0, 0, 0, 0, 0, 1, 0, 1, 0, 0, 0, 5, 8, 11, 0, 0, 0, '2018-03-02 22:49:22'),
(269, 14158, 'https://www.khl.ru/players/14158/', 'https://www.khl.ru/images/teamplayers/6732/14158.jpg', 'Алексеев', 'Сергей', 70, 'ДИН', 1, 0, 0, 0, 0, 0, 0, 0, 0, 0, 0, 0, 0, 0, 0, 0, 0, 0, 6, 18, 10, 0, 0, 0, '2018-03-02 22:49:22'),
(270, 20567, 'https://www.khl.ru/players/20567/', 'https://www.khl.ru/images/teamplayers/6640/20567.jpg', 'Дервук', 'Илья', 79, 'АВГ', 1, 0, 0, 0, 0, 0, 0, 0, 0, 0, 0, 0, 0, 0, 0, 0, 0, 0, 13, 41, 23, 0, 0, 0, '2018-03-02 22:49:22'),
(271, 23767, 'https://www.khl.ru/players/23767/', 'https://www.khl.ru/images/teamplayers/6704/23767.jpg', 'Зарубин', 'Александр', 58, 'СЕВ', 1, 0, 0, 0, 0, 0, 0, 0, 0, 0, 0, 0, 0, 0, 0, 0, 0, 0, 4, 1, 6, 0, 0, 0, '2018-03-02 22:49:22'),
(272, 22135, 'https://www.khl.ru/players/22135/', 'https://www.khl.ru/images/teamplayers/6740/22135.jpg', 'Ибрагимов', 'Марсель', 5, 'ЦСК', 1, 0, 0, 0, 0, 0, 0, 0, 0, 0, 0, 0, 0, 0, 0, 0, 0, 0, 4, 51, 7, 0, 0, 0, '2018-03-02 22:49:22'),
(273, 22575, 'https://www.khl.ru/players/22575/', 'https://www.khl.ru/images/teamplayers/6656/22575.jpg', 'Кармашков', 'Артур', 21, 'АМР', 1, 0, 0, 0, 0, 0, 0, 0, 0, 0, 0, 0, 0, 0, 0, 0, 0, 0, 0, 0, 0, 0, 0, 0, '2018-03-02 22:49:22'),
(274, 24050, 'https://www.khl.ru/players/24050/', 'https://www.khl.ru/images/teamplayers/6672/24050.jpg', 'Смирнов', 'Александр', 84, 'ДРГ', 1, 0, 0, 0, 0, 0, 0, 0, 0, 0, 0, 0, 0, 0, 0, 0, 0, 0, 0, 16, 1, 0, 0, 0, '2018-03-02 22:49:22'),
(275, 18939, 'https://www.khl.ru/players/18939/', 'https://www.khl.ru/images/teamplayers/6684/18939.jpg', 'Сухих', 'Иван', 58, 'ЛАД', 1, 0, 0, 0, 0, 0, 0, 0, 0, 0, 0, 0, 0, 0, 0, 0, 0, 0, 1, 10, 2, 0, 0, 0, '2018-03-02 22:49:22'),
(276, 18985, 'https://www.khl.ru/players/18985/', 'https://www.khl.ru/images/teamplayers/6712/18985.jpg', 'Тихонов', 'Михаил', 79, 'СКА', 1, 0, 0, 0, 0, 0, 0, 0, 0, 0, 0, 0, 2, 0, 2, 0, 0, 0, 12, 8, 17, 1, 2, 0, '2018-03-02 22:49:22'),
(277, 20990, 'https://www.khl.ru/players/20990/', 'https://www.khl.ru/images/teamplayers/6692/20990.jpg', 'Икамацких', 'Артём', 37, 'ММГ', 1, 0, 0, 0, 0, 2, 0, 0, 0, 0, 0, 0, 0, 0, 0, 0, 0, 0, 1, 46, 4, 0, 0, 0, '2018-03-02 22:49:22'),
(278, 14650, 'https://www.khl.ru/players/14650/', 'https://www.khl.ru/images/teamplayers/6648/14650.jpg', 'Конев', 'Андрей', 26, 'АДМ', 1, 0, 0, 0, -1, 0, 0, 0, 0, 0, 0, 0, 0, 0, 0, 0, 0, 0, 11, 14, 15, 0, 2, 0, '2018-03-02 22:49:22'),
(279, 17414, 'https://www.khl.ru/players/17414/', 'https://www.khl.ru/images/teamplayers/6664/17414.jpg', 'Орлов', 'Михаил', 77, 'ВИТ', 1, 0, 0, 0, -1, 0, 0, 0, 0, 0, 0, 0, 0, 0, 0, 0, 0, 0, 6, 31, 10, 0, 0, 0, '2018-03-02 22:49:22'),
(280, 16634, 'https://www.khl.ru/players/16634/', 'https://www.khl.ru/images/teamplayers/6656/16634.jpg', 'Стальнов', 'Даниил', 5, 'АМР', 1, 0, 0, 0, -1, 4, 0, 0, 0, 0, 0, 0, 1, 0, 1, 0, 0, 0, 13, 29, 24, 1, 1, 0, '2018-03-02 22:49:22'),
(281, 23484, 'https://www.khl.ru/players/23484/', 'https://www.khl.ru/images/teamplayers/6664/23484.jpg', 'Кожемякин', 'Глеб', 16, 'ВИТ', 2, 0, 0, 0, 1, 0, 0, 0, 0, 0, 0, 0, 0, 0, 0, 0, 0, 0, 7, 7, 10.5, 0, 1, 0, '2018-03-02 22:49:22'),
(282, 22293, 'https://www.khl.ru/players/22293/', 'https://www.khl.ru/images/teamplayers/6736/22293.jpg', 'Мальцев', 'Артём', 79, 'СОЧ', 2, 0, 0, 0, 1, 0, 0, 0, 0, 0, 0, 0, 0, 0, 0, 0, 0, 0, 10, 26, 13, 3, 0, 1, '2018-03-02 22:49:22'),
(283, 20229, 'https://www.khl.ru/players/20229/', 'https://www.khl.ru/images/teamplayers/6660/20229.jpg', 'Рыспаев', 'Дамир', 25, 'БАР', 2, 0, 0, 0, 1, 0, 0, 0, 0, 0, 0, 0, 0, 0, 0, 0, 0, 0, 5, 40, 9, 0, 0, 0, '2018-03-02 22:49:22'),
(284, 13806, 'https://www.khl.ru/players/13806/', 'https://www.khl.ru/images/teamplayers/6644/13806.jpg', 'Бодров', 'Денис', 33, 'АВТ', 2, 0, 0, 0, 0, 0, 0, 0, 0, 0, 0, 0, 3, 0, 2, 0, 0, 0, 17, 1, 22, 4, 5, 1, '2018-03-02 22:49:22'),
(285, 22615, 'https://www.khl.ru/players/22615/', 'https://www.khl.ru/images/teamplayers/6688/22615.jpg', 'Громов', 'Никита', 9, 'ЛОК', 2, 0, 0, 0, 0, 0, 0, 0, 0, 0, 0, 0, 1, 0, 1, 0, 0, 0, 6, 50, 13.5, 0, 0, 0, '2018-03-02 22:49:22'),
(286, 22679, 'https://www.khl.ru/players/22679/', 'https://www.khl.ru/images/teamplayers/6688/22679.jpg', 'Ковалёв', 'Иван', 69, 'ЛОК', 2, 0, 0, 0, 0, 0, 0, 0, 0, 0, 0, 0, 1, 0, 1, 0, 0, 0, 12, 12, 21, 0, 2, 0, '2018-03-02 22:49:22'),
(287, 15399, 'https://www.khl.ru/players/15399/', 'https://www.khl.ru/images/teamplayers/6656/15399.jpg', 'Лютов', 'Дмитрий', 45, 'АМР', 2, 0, 0, 0, 0, 0, 0, 0, 0, 0, 0, 0, 3, 0, 2, 0, 0, 0, 15, 28, 25, 1, 6, 0, '2018-03-02 22:49:22'),
(288, 20175, 'https://www.khl.ru/players/20175/', 'https://www.khl.ru/images/teamplayers/6676/20175.jpg', 'Ялванти', 'Йоонас', 9, 'ЙОК', 2, 0, 0, 0, 0, 0, 0, 0, 0, 0, 0, 0, 1, 0, 1, 0, 0, 0, 6, 38, 11, 0, 1, 0, '2018-03-02 22:49:22'),
(289, 24058, 'https://www.khl.ru/players/24058/', 'https://www.khl.ru/images/teamplayers/6724/24058.jpg', 'Родионычев', 'Дмитрий', 19, 'ТОР', 2, 0, 0, 0, 0, 2, 0, 0, 0, 0, 0, 0, 0, 0, 0, 0, 0, 0, 3, 15, 6, 0, 0, 0, '2018-03-02 22:49:22'),
(290, 24755, 'https://www.khl.ru/players/24755/', 'https://www.khl.ru/images/teamplayers/6668/24755.jpg', 'Дерябин', 'Дмитрий', 5, 'ДМН', 2, 0, 0, 0, -1, 0, 0, 0, 0, 0, 0, 0, 0, 0, 0, 0, 0, 0, 3, 45, 5.5, 0, 0, 0, '2018-03-02 22:49:22'),
(291, 23226, 'https://www.khl.ru/players/23226/', 'https://www.khl.ru/images/teamplayers/6644/23226.jpg', 'Севостьянов', 'Александр', 57, 'АВТ', 2, 0, 0, 0, -1, 0, 0, 0, 0, 0, 0, 0, 2, 0, 1, 0, 0, 0, 5, 16, 9.5, 0, 0, 0, '2018-03-02 22:49:22'),
(292, 29144, 'https://www.khl.ru/players/29144/', 'https://www.khl.ru/images/teamplayers/6716/29144.jpg', 'Болдижар', 'Давид', 23, 'СЛВ', 2, 0, 0, 0, -2, 0, 0, 0, 0, 0, 0, 0, 0, 0, 0, 0, 0, 0, 3, 43, 6.5, 1, 1, 0, '2018-03-02 22:49:22'),
(293, 25390, 'https://www.khl.ru/players/25390/', 'https://www.khl.ru/images/teamplayers/6712/25390.jpg', 'Галенюк', 'Данила', 55, 'СКА', 3, 0, 0, 0, 0, 0, 0, 0, 0, 0, 0, 0, 2, 0, 1, 0, 0, 0, 7, 49, 11.3, 0, 2, 0, '2018-03-02 22:49:22'),
(294, 23689, 'https://www.khl.ru/players/23689/', 'https://www.khl.ru/images/teamplayers/6688/23689.jpg', 'Калинин', 'Александр', 3, 'ЛОК', 3, 0, 0, 0, 0, 2, 0, 0, 0, 0, 0, 0, 1, 0, 0, 0, 0, 0, 5, 57, 9.7, 0, 3, 0, '2018-03-02 22:49:22'),
(295, 22187, 'https://www.khl.ru/players/22187/', 'https://www.khl.ru/images/teamplayers/6740/22187.jpg', 'Мясищев', 'Игорь', 36, 'ЦСК', 3, 0, 0, 0, 0, 2, 0, 0, 0, 0, 0, 0, 2, 0, 1, 0, 0, 0, 6, 40, 11, 6, 2, 0, '2018-03-02 22:49:22'),
(296, 23249, 'https://www.khl.ru/players/23249/', 'https://www.khl.ru/images/teamplayers/6728/23249.jpg', 'Алексеев', 'Дмитрий', 80, 'ТРК', 3, 0, 0, 0, -1, 0, 0, 0, 0, 0, 0, 0, 1, 0, 0, 0, 0, 0, 7, 7, 10, 0, 1, 0, '2018-03-02 22:49:22'),
(297, 20731, 'https://www.khl.ru/players/20731/', 'https://www.khl.ru/images/teamplayers/6728/20731.jpg', 'Жульдиков', 'Никита', 77, 'ТРК', 3, 0, 0, 0, -1, 2, 0, 0, 0, 0, 0, 0, 2, 0, 1, 0, 0, 0, 11, 46, 16.7, 1, 1, 0, '2018-03-02 22:49:22'),
(298, 21897, 'https://www.khl.ru/players/21897/', 'https://www.khl.ru/images/teamplayers/6744/21897.jpg', 'Юшкевич', 'Дмитрий', 77, 'ЮГР', 4, 0, 0, 0, -3, 0, 0, 0, 0, 0, 0, 0, 0, 0, 0, 0, 0, 0, 3, 55, 6.8, 4, 0, 0, '2018-03-02 22:49:22'),
(299, 16005, 'https://www.khl.ru/players/16005/', 'https://www.khl.ru/images/teamplayers/6648/16005.jpg', 'Гавриленко', 'Иван', 43, 'АДМ', 4, 0, 0, 0, -3, 2, 0, 0, 0, 0, 0, 0, 4, 0, 1, 0, 0, 0, 13, 2, 19, 3, 0, 0, '2018-03-02 22:49:22'),
(300, 17097, 'https://www.khl.ru/players/17097/', 'https://www.khl.ru/images/teamplayers/6696/17097.jpg', 'Сорокин', 'Александр', 70, 'НХК', 5, 0, 0, 0, 1, 7, 0, 0, 0, 0, 0, 0, 3, 0, 1, 0, 0, 0, 11, 13, 18, 7, 4, 0, '2018-03-02 22:49:22'),
(301, 24049, 'https://www.khl.ru/players/24049/', 'https://www.khl.ru/images/teamplayers/6672/24049.jpg', 'Сварс', 'Паулс', 75, 'ДРГ', 6, 0, 0, 0, -2, 0, 0, 0, 0, 0, 0, 0, 6, 0, 1, 0, 0, 0, 4, 11, 7, 0, 1, 0, '2018-03-02 22:49:22'),
(302, 14649, 'https://www.khl.ru/players/14649/', 'https://www.khl.ru/images/teamplayers/6728/14649.jpg', 'Климонтов', 'Константин', 90, 'ТРК', 6, 0, 0, 0, -2, 6, 0, 0, 0, 0, 0, 0, 4, 0, 1, 0, 0, 0, 14, 1, 18.7, 3, 6, 0, '2018-03-02 22:49:22'),
(303, 20462, 'https://www.khl.ru/players/20462/', 'https://www.khl.ru/images/teamplayers/6656/20462.jpg', 'Камалов', 'Никита', 88, 'АМР', 6, 0, 0, 0, -4, 0, 0, 0, 0, 0, 0, 0, 6, 0, 1, 0, 0, 0, 20, 33, 28.7, 6, 14, 2, '2018-03-02 22:49:22'),
(304, 21644, 'https://www.khl.ru/players/21644/', 'https://www.khl.ru/images/teamplayers/6684/21644.jpg', 'Моренец', 'Антон', 82, 'ЛАД', 7, 0, 0, 0, 0, 0, 0, 0, 0, 0, 0, 0, 8, 0, 1, 0, 0, 0, 7, 5, 10.3, 3, 2, 0, '2018-03-02 22:49:22'),
(305, 20806, 'https://www.khl.ru/players/20806/', 'https://www.khl.ru/images/teamplayers/6640/20806.jpg', 'Назаркин', 'Евгений', 61, 'АВГ', 8, 0, 0, 0, 2, 2, 0, 0, 0, 0, 0, 0, 5, 0, 1, 0, 0, 0, 6, 30, 10.2, 6, 2, 0, '2018-03-02 22:49:22'),
(306, 18919, 'https://www.khl.ru/players/18919/', 'https://www.khl.ru/images/teamplayers/6716/18919.jpg', 'Козак', 'Лукаш', 72, 'СЛВ', 8, 0, 0, 0, -2, 4, 0, 0, 0, 0, 0, 0, 8, 0, 1, 0, 0, 0, 8, 35, 12.6, 5, 3, 2, '2018-03-02 22:49:22'),
(307, 17732, 'https://www.khl.ru/players/17732/', 'https://www.khl.ru/images/teamplayers/6648/17732.jpg', 'Ильин', 'Сергей', 73, 'АДМ', 10, 0, 0, 0, -4, 2, 0, 0, 0, 0, 0, 0, 3, 0, 0, 0, 0, 0, 13, 4, 18.8, 11, 7, 0, '2018-03-02 22:49:22'),
(308, 25268, 'https://www.khl.ru/players/25268/', 'https://www.khl.ru/images/teamplayers/6680/25268.jpg', 'Белльмор', 'Бретт', 73, 'КРС', 11, 0, 0, 0, -1, 14, 0, 0, 0, 0, 0, 0, 11, 0, 1, 1, 0, 0, 13, 47, 18.4, 12, 9, 0, '2018-03-02 22:49:22'),
(309, 24849, 'https://www.khl.ru/players/24849/', 'https://www.khl.ru/images/teamplayers/6704/24849.jpg', 'Хабаров', 'Макар', 56, 'СЕВ', 11, 0, 0, 0, -2, 2, 0, 0, 0, 0, 0, 0, 6, 0, 1, 0, 0, 0, 8, 26, 12.6, 12, 6, 0, '2018-03-02 22:49:22'),
(310, 22496, 'https://www.khl.ru/players/22496/', 'https://www.khl.ru/images/teamplayers/6664/22496.jpg', 'Епишин', 'Михаил', 3, 'ВИТ', 12, 0, 0, 0, -2, 9, 0, 0, 0, 0, 0, 0, 8, 0, 1, 0, 0, 0, 12, 13, 18.1, 11, 9, 0, '2018-03-02 22:49:22'),
(311, 17344, 'https://www.khl.ru/players/17344/', 'https://www.khl.ru/images/teamplayers/6720/17344.jpg', 'Сорокин', 'Всеволод', 40, 'СПР', 16, 0, 0, 0, -4, 7, 0, 0, 0, 0, 0, 0, 9, 0, 1, 0, 0, 0, 10, 26, 15.2, 6, 10, 2, '2018-03-02 22:49:22'),
(312, 14594, 'https://www.khl.ru/players/14594/', 'https://www.khl.ru/images/teamplayers/6724/14594.jpg', 'Курбатов', 'Евгений', 28, 'ТОР', 18, 0, 0, 0, 3, 10, 0, 0, 0, 0, 0, 0, 5, 0, 0, 0, 0, 0, 11, 19, 17, 19, 18, 2, '2018-03-02 22:49:22'),
(313, 5088, 'https://www.khl.ru/players/5088/', 'https://www.khl.ru/images/teamplayers/6684/5088.jpg', 'Маленьких', 'Владимир', 24, 'ЛАД', 18, 0, 0, 0, -6, 4, 0, 0, 0, 0, 0, 0, 11, 0, 1, 0, 0, 0, 14, 31, 20.7, 15, 32, 3, '2018-03-02 22:49:22'),
(314, 15738, 'https://www.khl.ru/players/15738/', 'https://www.khl.ru/images/teamplayers/6664/15738.jpg', 'Лукин', 'Павел', 76, 'ВИТ', 23, 0, 0, 0, 3, 20, 0, 0, 0, 0, 0, 0, 18, 0, 1, 0, 0, 0, 14, 11, 20.9, 37, 31, 1, '2018-03-02 22:49:22'),
(315, 22254, 'https://www.khl.ru/players/22254/', 'https://www.khl.ru/images/teamplayers/6700/22254.jpg', 'Петрищев', 'Руслан', 48, 'СЮЛ', 23, 0, 0, 0, 2, 4, 0, 0, 0, 0, 0, 0, 11, 0, 1, 0, 0, 0, 7, 9, 9.8, 8, 10, 1, '2018-03-02 22:49:22'),
(316, 20939, 'https://www.khl.ru/players/20939/', 'https://www.khl.ru/images/teamplayers/6676/20939.jpg', 'Ландин', 'Майк', 39, 'ЙОК', 23, 0, 0, 0, 1, 2, 0, 0, 0, 0, 0, 0, 18, 0, 1, 0, 0, 0, 16, 43, 22, 1, 27, 3, '2018-03-02 22:49:22'),
(317, 21894, 'https://www.khl.ru/players/21894/', 'https://www.khl.ru/images/teamplayers/6724/21894.jpg', 'Меляков', 'Кирилл', 36, 'ТОР', 24, 0, 0, 0, -5, 4, 0, 0, 0, 0, 0, 0, 13, 0, 1, 0, 0, 0, 5, 37, 8.7, 2, 13, 0, '2018-03-02 22:49:22'),
(318, 25022, 'https://www.khl.ru/players/25022/', 'https://www.khl.ru/images/teamplayers/6708/25022.jpg', 'Морозов', 'Илья', 7, 'СИБ', 25, 0, 0, 0, 5, 6, 0, 0, 0, 0, 0, 0, 20, 0, 1, 0, 0, 0, 13, 53, 18.7, 12, 30, 2, '2018-03-02 22:49:22'),
(319, 22226, 'https://www.khl.ru/players/22226/', 'https://www.khl.ru/images/teamplayers/6736/22226.jpg', 'Чмыхов', 'Артём', 4, 'ЦСК', 38, 0, 0, 0, 1, 18, 0, 0, 0, 0, 0, 0, 23, 0, 1, 0, 0, 0, 11, 17, 15.7, 19, 16, 3, '2018-03-02 22:49:22');

-- --------------------------------------------------------

--
-- Структура таблицы `stat_faceoff`
--

CREATE TABLE IF NOT EXISTS `stat_faceoff` (
  `id_team` int(11) DEFAULT NULL,
  `name` varchar(255) DEFAULT NULL,
  `faceoff_total` int(11) DEFAULT NULL,
  `faceoff_home` int(11) DEFAULT NULL,
  `faceoff_guest` int(11) DEFAULT NULL,
  `faceoff_perc_wins_total` float DEFAULT NULL,
  `faceoff_perc_wins_home` float DEFAULT NULL,
  `faceoff_perc_wins_guest` float DEFAULT NULL,
  `faceoff_perc_wins_rival_total` float DEFAULT NULL,
  `faceoff_perc_wins_rival_home` float DEFAULT NULL,
  `faceoff_perc_wins_rival_guest` float DEFAULT NULL
) ENGINE=InnoDB DEFAULT CHARSET=utf8;

--
-- Дамп данных таблицы `stat_faceoff`
--

INSERT INTO `stat_faceoff` (`id_team`, `name`, `faceoff_total`, `faceoff_home`, `faceoff_guest`, `faceoff_perc_wins_total`, `faceoff_perc_wins_home`, `faceoff_perc_wins_guest`, `faceoff_perc_wins_rival_total`, `faceoff_perc_wins_rival_home`, `faceoff_perc_wins_rival_guest`) VALUES
(1, 'Авангард', 3459, 1747, 1712, 48.7, 50.6, 46.7, 51.3, 49.4, 53.3),
(2, 'Автомобилист', 3371, 1734, 1637, 50.2, 50.7, 49.7, 49.8, 49.3, 50.3),
(3, 'Адмирал', 3293, 1665, 1628, 43, 45.2, 40.8, 57, 54.8, 59.2),
(4, 'Ак Барс', 3227, 1533, 1694, 53.6, 53.8, 53.5, 46.4, 46.2, 46.5),
(5, 'Амур', 3398, 1684, 1714, 45.5, 47.7, 43.4, 54.5, 52.3, 56.6),
(6, 'Барыс', 3341, 1672, 1669, 50.2, 52, 48.4, 49.8, 48, 51.6),
(7, 'Витязь', 3282, 1597, 1685, 48.3, 49.5, 47.1, 51.7, 50.5, 52.9),
(8, 'Динамо М', 3325, 1597, 1728, 51.3, 53.7, 49.2, 48.7, 46.3, 50.8),
(9, 'Динамо Мн', 3262, 1632, 1630, 48.9, 50.9, 46.9, 51.1, 49.1, 53.1),
(10, 'Динамо Р', 3218, 1585, 1633, 46.8, 47.7, 45.9, 53.2, 52.3, 54.1),
(11, 'Йокерит', 3184, 1638, 1546, 52.7, 54.9, 50.3, 47.3, 45.1, 49.7),
(12, 'Куньлунь РС', 3200, 1604, 1596, 55.4, 56.8, 54.1, 44.6, 43.2, 45.9),
(13, 'Лада', 3207, 1626, 1581, 45.3, 47, 43.5, 54.7, 53, 56.5),
(14, 'Локомотив', 3222, 1631, 1591, 52.3, 53.8, 50.7, 47.7, 46.2, 49.3),
(15, 'Металлург Мг', 3089, 1527, 1562, 56.9, 57.3, 56.5, 43.1, 42.7, 43.5),
(16, 'Нефтехимик', 3358, 1684, 1674, 53, 53.9, 52.1, 47, 46.1, 47.9),
(17, 'Салават Юлаев', 3151, 1579, 1572, 52.5, 54.2, 50.8, 47.5, 45.8, 49.2),
(18, 'Северсталь', 3262, 1655, 1607, 49.3, 49.6, 49, 50.7, 50.4, 51),
(19, 'Сибирь', 3265, 1640, 1625, 47.4, 48.2, 46.6, 52.6, 51.8, 53.4),
(20, 'СКА', 3372, 1730, 1642, 55.5, 55.7, 55.4, 44.5, 44.3, 44.6),
(21, 'Слован', 3445, 1738, 1707, 50.5, 50.8, 50.2, 49.5, 49.2, 49.8),
(22, 'ХК Сочи', 3264, 1605, 1659, 49.4, 50.7, 48.1, 50.6, 49.3, 51.9),
(23, 'Спартак', 3329, 1624, 1705, 49.1, 48, 50, 50.9, 52, 50),
(24, 'Торпедо', 3300, 1704, 1596, 46.3, 46.7, 45.8, 53.7, 53.3, 54.2),
(25, 'Трактор', 3271, 1610, 1661, 48.5, 49.8, 47.3, 51.5, 50.2, 52.7),
(26, 'ЦСКА', 3277, 1640, 1637, 54.8, 54.4, 55.2, 45.2, 45.6, 44.8),
(27, 'Югра', 3238, 1624, 1614, 45.3, 45.4, 45.1, 54.7, 54.6, 54.9);

-- --------------------------------------------------------

--
-- Структура таблицы `stat_goalies`
--

CREATE TABLE IF NOT EXISTS `stat_goalies` (
  `id_player` int(11) DEFAULT NULL,
  `profile` varchar(255) DEFAULT NULL,
  `image` varchar(255) DEFAULT NULL,
  `last_name` varchar(255) DEFAULT NULL,
  `first_name` varchar(255) DEFAULT NULL,
  `number` int(11) DEFAULT NULL,
  `club` varchar(255) DEFAULT NULL,
  `games` int(11) DEFAULT NULL,
  `games_win` int(11) DEFAULT NULL,
  `games_loss` int(11) DEFAULT NULL,
  `games_bul` int(11) DEFAULT NULL,
  `throw` int(11) DEFAULT NULL,
  `pucks_off` int(11) DEFAULT NULL,
  `throw_off` int(11) DEFAULT NULL,
  `throw_off_perc` float DEFAULT NULL,
  `k_reliab` float DEFAULT NULL,
  `pucks` int(11) DEFAULT NULL,
  `pass` int(11) DEFAULT NULL,
  `games_null` int(11) DEFAULT NULL,
  `penalty` int(11) DEFAULT NULL,
  `time_game_m` int(11) DEFAULT NULL,
  `time_game_s` int(11) DEFAULT NULL
) ENGINE=InnoDB DEFAULT CHARSET=utf8;

--
-- Дамп данных таблицы `stat_goalies`
--

INSERT INTO `stat_goalies` (`id_player`, `profile`, `image`, `last_name`, `first_name`, `number`, `club`, `games`, `games_win`, `games_loss`, `games_bul`, `throw`, `pucks_off`, `throw_off`, `throw_off_perc`, `k_reliab`, `pucks`, `pass`, `games_null`, `penalty`, `time_game_m`, `time_game_s`) VALUES
(17562, 'https://www.khl.ru/players/17562/', 'https://www.khl.ru/images/teamplayers/6644/17562.jpg', 'Устинский', 'Игорь', 40, 'АВТ', 2, 0, 0, 0, 13, 0, 13, 100, 0, 0, 0, 0, 0, 29, 13),
(15582, 'https://www.khl.ru/players/15582/', 'https://www.khl.ru/images/teamplayers/6708/15582.jpg', 'Рейзвих', 'Эдуард', 95, 'СИБ', 1, 0, 0, 0, 2, 0, 2, 100, 0, 0, 0, 0, 0, 4, 49),
(27788, 'https://www.khl.ru/players/27788/', 'https://www.khl.ru/images/teamplayers/6740/27788.jpg', 'Юханссон', 'Ларс', 31, 'ЦСК', 21, 15, 4, 0, 420, 26, 394, 93.8, 1.31, 0, 0, 6, 2, 1192, 53),
(15451, 'https://www.khl.ru/players/15451/', 'https://www.khl.ru/images/teamplayers/6660/15451.jpg', 'Мальгин', 'Дмитрий', 32, 'БАР', 2, 2, 0, 0, 57, 3, 54, 94.7, 1.5, 0, 0, 1, 2, 119, 56),
(22611, 'https://www.khl.ru/players/22611/', 'https://www.khl.ru/images/teamplayers/6688/22611.jpg', 'Коновалов', 'Илья', 32, 'ЛОК', 7, 5, 1, 0, 150, 10, 140, 93.3, 1.56, 0, 0, 0, 0, 385, 20),
(20197, 'https://www.khl.ru/players/20197/', 'https://www.khl.ru/images/teamplayers/6712/20197.jpg', 'Коскинен', 'Микко', 19, 'СКА', 29, 22, 4, 1, 716, 45, 671, 93.7, 1.57, 0, 0, 5, 4, 1718, 12),
(17800, 'https://www.khl.ru/players/17800/', 'https://www.khl.ru/images/teamplayers/6740/17800.jpg', 'Сорокин', 'Илья', 90, 'ЦСК', 37, 25, 8, 4, 837, 58, 779, 93.1, 1.59, 0, 2, 8, 0, 2182, 35),
(18996, 'https://www.khl.ru/players/18996/', 'https://www.khl.ru/images/teamplayers/6712/18996.jpg', 'Шестёркин', 'Игорь', 30, 'СКА', 28, 20, 4, 4, 670, 45, 625, 93.3, 1.7, 0, 1, 7, 2, 1592, 34),
(24914, 'https://www.khl.ru/players/24914/', 'https://www.khl.ru/images/teamplayers/6676/24914.jpg', 'Заполски', 'Райан', 30, 'ЙОК', 39, 24, 11, 4, 1004, 69, 935, 93.1, 1.76, 0, 0, 9, 0, 2352, 26),
(23488, 'https://www.khl.ru/players/23488/', 'https://www.khl.ru/images/teamplayers/6728/23488.jpg', 'Францоуз', 'Павел', 33, 'ТРК', 35, 15, 11, 5, 1087, 59, 1028, 94.6, 1.8, 0, 0, 5, 4, 1963, 46),
(16102, 'https://www.khl.ru/players/16102/', 'https://www.khl.ru/images/teamplayers/6676/16102.jpg', 'Рямё', 'Карри', 31, 'ЙОК', 18, 7, 9, 1, 471, 33, 438, 93, 1.94, 0, 1, 1, 0, 1020, 35),
(15459, 'https://www.khl.ru/players/15459/', 'https://www.khl.ru/images/teamplayers/6688/15459.jpg', 'Судницин', 'Александр', 60, 'ЛОК', 35, 19, 10, 3, 843, 62, 781, 92.6, 1.96, 0, 1, 5, 0, 1894, 38),
(15172, 'https://www.khl.ru/players/15172/', 'https://www.khl.ru/images/teamplayers/6652/15172.jpg', 'Гарипов', 'Эмиль', 77, 'АКБ', 47, 28, 16, 2, 1327, 92, 1235, 93.1, 1.99, 0, 0, 5, 12, 2778, 4),
(23473, 'https://www.khl.ru/players/23473/', 'https://www.khl.ru/images/teamplayers/6640/23473.jpg', 'Фурх', 'Доминик', 33, 'АВГ', 47, 20, 21, 3, 1181, 87, 1094, 92.6, 1.99, 0, 1, 5, 2, 2627, 29),
(20390, 'https://www.khl.ru/players/20390/', 'https://www.khl.ru/images/teamplayers/6708/20390.jpg', 'Красиков', 'Алексей', 84, 'СИБ', 30, 13, 7, 4, 781, 48, 733, 93.9, 1.99, 0, 0, 4, 0, 1445, 13),
(14380, 'https://www.khl.ru/players/14380/', 'https://www.khl.ru/images/teamplayers/6724/14380.jpg', 'Лисутин', 'Иван', 84, 'ТОР', 26, 12, 7, 1, 559, 44, 515, 92.1, 1.99, 0, 0, 3, 2, 1326, 57),
(15487, 'https://www.khl.ru/players/15487/', 'https://www.khl.ru/images/teamplayers/6640/15487.jpg', 'Шилин', 'Олег', 74, 'АВГ', 16, 5, 3, 4, 351, 25, 326, 92.9, 1.99, 0, 0, 3, 2, 753, 22),
(18807, 'https://www.khl.ru/players/18807/', 'https://www.khl.ru/images/teamplayers/6724/18807.jpg', 'Тихомиров', 'Андрей', 90, 'ТОР', 1, 0, 0, 1, 8, 1, 7, 87.5, 2.04, 0, 0, 0, 0, 29, 28),
(16068, 'https://www.khl.ru/players/16068/', 'https://www.khl.ru/images/teamplayers/6668/16068.jpg', 'Энрот', 'Юнас', 1, 'ДМН', 52, 19, 27, 5, 1347, 104, 1243, 92.3, 2.06, 0, 0, 4, 29, 3031, 39),
(19211, 'https://www.khl.ru/players/19211/', 'https://www.khl.ru/images/teamplayers/6740/19211.jpg', 'Третьяк', 'Максим', 20, 'ЦСК', 1, 0, 1, 0, 22, 2, 20, 90.9, 2.07, 0, 0, 0, 0, 57, 58),
(16146, 'https://www.khl.ru/players/16146/', 'https://www.khl.ru/images/teamplayers/6696/16146.jpg', 'Макаров', 'Андрей', 1, 'НХК', 12, 6, 4, 0, 270, 21, 249, 92.2, 2.11, 0, 0, 1, 0, 596, 5),
(14426, 'https://www.khl.ru/players/14426/', 'https://www.khl.ru/images/teamplayers/6724/14426.jpg', 'Галимов', 'Станислав', 40, 'ТОР', 39, 15, 14, 6, 871, 72, 799, 91.7, 2.13, 0, 1, 7, 6, 2031, 24),
(17553, 'https://www.khl.ru/players/17553/', 'https://www.khl.ru/images/teamplayers/6700/17553.jpg', 'Налимов', 'Иван', 34, 'СЮЛ', 23, 10, 10, 2, 784, 49, 735, 93.8, 2.14, 0, 0, 2, 10, 1371, 30),
(17768, 'https://www.khl.ru/players/17768/', 'https://www.khl.ru/images/teamplayers/6700/17768.jpg', 'Кареев', 'Андрей', 1, 'СЮЛ', 18, 7, 11, 0, 553, 37, 516, 93.3, 2.15, 0, 0, 1, 0, 1030, 52),
(19034, 'https://www.khl.ru/players/19034/', 'https://www.khl.ru/images/teamplayers/6744/19034.jpg', 'Билялов', 'Тимур', 37, 'АКБ', 12, 4, 4, 1, 278, 20, 258, 92.8, 2.15, 0, 0, 0, 0, 558, 51),
(15301, 'https://www.khl.ru/players/15301/', 'https://www.khl.ru/images/teamplayers/6696/15301.jpg', 'Ежов', 'Илья', 33, 'НХК', 50, 23, 18, 5, 1433, 101, 1332, 93, 2.18, 0, 0, 7, 20, 2783, 57),
(20715, 'https://www.khl.ru/players/20715/', 'https://www.khl.ru/images/teamplayers/6704/20715.jpg', 'Гудачек', 'Юлиус', 33, 'СЕВ', 48, 23, 18, 6, 1333, 107, 1226, 92, 2.24, 0, 2, 5, 4, 2867, 55),
(23698, 'https://www.khl.ru/players/23698/', 'https://www.khl.ru/images/teamplayers/6656/23698.jpg', 'Метсола', 'Юха', 77, 'АМР', 52, 28, 17, 6, 1473, 114, 1359, 92.3, 2.25, 0, 2, 3, 6, 3039, 18),
(19605, 'https://www.khl.ru/players/19605/', 'https://www.khl.ru/images/teamplayers/6644/19605.jpg', 'Коварж', 'Якуб', 21, 'АВТ', 47, 23, 16, 6, 1401, 103, 1298, 92.6, 2.25, 0, 1, 4, 4, 2749, 59),
(20675, 'https://www.khl.ru/players/20675/', 'https://www.khl.ru/images/teamplayers/6672/20675.jpg', 'Калниньш', 'Янис', 98, 'ДРГ', 42, 9, 19, 7, 1100, 79, 1021, 92.8, 2.25, 0, 0, 2, 0, 2110, 41),
(5516, 'https://www.khl.ru/players/5516/', 'https://www.khl.ru/images/teamplayers/6692/5516.jpg', 'Кошечкин', 'Василий', 83, 'ММГ', 38, 15, 13, 6, 1124, 78, 1046, 93.1, 2.26, 0, 0, 2, 0, 2070, 44),
(3500, 'https://www.khl.ru/players/3500/', 'https://www.khl.ru/images/teamplayers/6732/3500.jpg', 'Ерёменко', 'Александр', 1, 'ДИН', 42, 13, 16, 8, 1233, 87, 1146, 92.9, 2.29, 0, 0, 3, 2, 2282, 32),
(25302, 'https://www.khl.ru/players/25302/', 'https://www.khl.ru/images/teamplayers/6700/25302.jpg', 'Скривенс', 'Бен', 30, 'СЮЛ', 35, 19, 11, 2, 893, 74, 819, 91.7, 2.29, 0, 2, 4, 4, 1940, 47),
(14797, 'https://www.khl.ru/players/14797/', 'https://www.khl.ru/images/teamplayers/6736/14797.jpg', 'Шикин', 'Дмитрий', 44, 'СОЧ', 28, 12, 8, 3, 740, 55, 685, 92.6, 2.31, 0, 0, 1, 25, 1430, 29),
(21010, 'https://www.khl.ru/players/21010/', 'https://www.khl.ru/images/teamplayers/6692/21010.jpg', 'Самсонов', 'Илья', 30, 'ММГ', 26, 12, 9, 1, 690, 51, 639, 92.6, 2.31, 0, 0, 3, 2, 1324, 40),
(13704, 'https://www.khl.ru/players/13704/', 'https://www.khl.ru/images/teamplayers/6720/13704.jpg', 'Беспалов', 'Никита', 31, 'СПР', 41, 18, 18, 3, 1211, 90, 1121, 92.6, 2.33, 0, 1, 4, 4, 2320, 8),
(14674, 'https://www.khl.ru/players/14674/', 'https://www.khl.ru/images/teamplayers/6684/14674.jpg', 'Лазушин', 'Александр', 40, 'ЛАД', 31, 10, 18, 0, 864, 66, 798, 92.4, 2.34, 0, 0, 3, 0, 1689, 28),
(16012, 'https://www.khl.ru/players/16012/', 'https://www.khl.ru/images/teamplayers/6664/16012.jpg', 'Тодыков', 'Антон', 1, 'ВИТ', 2, 0, 1, 0, 40, 3, 37, 92.5, 2.34, 0, 0, 0, 0, 76, 46),
(26938, 'https://www.khl.ru/players/26938/', 'https://www.khl.ru/images/teamplayers/6680/26938.jpg', 'Хелльберг', 'Магнус', 45, 'КРС', 51, 16, 26, 3, 1487, 110, 1377, 92.6, 2.39, 0, 0, 6, 6, 2760, 55),
(19029, 'https://www.khl.ru/players/19029/', 'https://www.khl.ru/images/teamplayers/6732/19029.jpg', 'Бочаров', 'Иван', 60, 'ДИН', 21, 7, 9, 3, 564, 44, 520, 92.2, 2.39, 0, 1, 3, 0, 1105, 46),
(7640, 'https://www.khl.ru/players/7640/', 'https://www.khl.ru/images/teamplayers/6736/7640.jpg', 'Барулин', 'Константин', 30, 'СОЧ', 35, 14, 16, 4, 989, 79, 910, 92, 2.43, 0, 0, 2, 20, 1950, 9),
(16184, 'https://www.khl.ru/players/16184/', 'https://www.khl.ru/images/teamplayers/6728/16184.jpg', 'Демченко', 'Василий', 94, 'ТРК', 28, 13, 10, 3, 843, 58, 785, 93.1, 2.45, 0, 0, 2, 10, 1418, 10),
(30153, 'https://www.khl.ru/players/30153/', 'https://www.khl.ru/images/teamplayers/6672/30153.jpg', 'Армалис', 'Мантас', 40, 'ДРГ', 12, 3, 5, 1, 269, 24, 245, 91.1, 2.5, 0, 0, 0, 0, 576, 37),
(15802, 'https://www.khl.ru/players/15802/', 'https://www.khl.ru/images/teamplayers/6644/15802.jpg', 'Сохатский', 'Владимир', 50, 'АВТ', 12, 4, 5, 2, 300, 26, 274, 91.3, 2.52, 0, 0, 2, 0, 619, 14),
(20714, 'https://www.khl.ru/players/20714/', 'https://www.khl.ru/images/teamplayers/6708/20714.jpg', 'Салак', 'Александр', 53, 'СИБ', 37, 14, 17, 1, 972, 81, 891, 91.7, 2.53, 0, 0, 1, 2, 1924, 26),
(15748, 'https://www.khl.ru/players/15748/', 'https://www.khl.ru/images/teamplayers/6648/15748.jpg', 'Бобков', 'Игорь', 31, 'АДМ', 33, 9, 17, 3, 887, 74, 813, 91.7, 2.57, 0, 0, 0, 0, 1728, 18),
(18932, 'https://www.khl.ru/players/18932/', 'https://www.khl.ru/images/teamplayers/6664/18932.jpg', 'Кархунен', 'Томи', 33, 'ВИТ', 11, 0, 5, 3, 257, 20, 237, 92.2, 2.61, 0, 0, 0, 0, 459, 53),
(14365, 'https://www.khl.ru/players/14365/', 'https://www.khl.ru/images/teamplayers/6664/14365.jpg', 'Бирюков', 'Михаил', 39, 'ВИТ', 15, 5, 7, 1, 457, 36, 421, 92.1, 2.63, 0, 0, 1, 2, 820, 0),
(17854, 'https://www.khl.ru/players/17854/', 'https://www.khl.ru/images/teamplayers/6648/17854.jpg', 'Серебряков', 'Никита', 30, 'АДМ', 14, 2, 6, 2, 327, 25, 302, 92.4, 2.65, 0, 0, 0, 2, 566, 45),
(17334, 'https://www.khl.ru/players/17334/', 'https://www.khl.ru/images/teamplayers/6668/17334.jpg', 'Карнаухов', 'Михаил', 94, 'ДМН', 8, 2, 2, 0, 177, 15, 162, 91.5, 2.65, 0, 0, 0, 0, 340, 7),
(16262, 'https://www.khl.ru/players/16262/', 'https://www.khl.ru/images/teamplayers/6664/16262.jpg', 'Сапрыкин', 'Игорь', 40, 'ВИТ', 35, 12, 20, 3, 1108, 88, 1020, 92.1, 2.66, 0, 0, 3, 6, 1982, 18),
(23462, 'https://www.khl.ru/players/23462/', 'https://www.khl.ru/images/teamplayers/6712/23462.jpg', 'Мельничук', 'Алексей', 38, 'СКА', 2, 1, 0, 0, 30, 3, 27, 90, 2.68, 0, 0, 0, 0, 67, 7),
(22093, 'https://www.khl.ru/players/22093/', 'https://www.khl.ru/images/teamplayers/6660/22093.jpg', 'Карлссон', 'Хенрик', 1, 'БАР', 45, 18, 22, 3, 1246, 110, 1136, 91.2, 2.71, 0, 1, 4, 64, 2437, 34),
(15741, 'https://www.khl.ru/players/15741/', 'https://www.khl.ru/images/teamplayers/6680/15741.jpg', 'Скрынник', 'Александр', 30, 'КРС', 9, 2, 2, 1, 165, 13, 152, 92.1, 2.71, 0, 0, 0, 0, 287, 50),
(19676, 'https://www.khl.ru/players/19676/', 'https://www.khl.ru/images/teamplayers/6664/19676.jpg', 'Самонов', 'Александр', 99, 'ВИТ', 6, 2, 3, 0, 197, 16, 181, 91.9, 2.73, 0, 0, 0, 0, 351, 30),
(21516, 'https://www.khl.ru/players/21516/', 'https://www.khl.ru/images/teamplayers/6684/21516.jpg', 'Красоткин', 'Антон', 20, 'ЛАД', 25, 4, 15, 1, 674, 58, 616, 91.4, 2.79, 0, 0, 0, 2, 1248, 33),
(13953, 'https://www.khl.ru/players/13953/', 'https://www.khl.ru/images/teamplayers/6688/13953.jpg', 'Мурыгин', 'Алексей', 30, 'ЛОК', 21, 8, 9, 1, 511, 51, 460, 90, 2.79, 0, 1, 1, 0, 1097, 25),
(15201, 'https://www.khl.ru/players/15201/', 'https://www.khl.ru/images/teamplayers/6684/15201.jpg', 'Иванников', 'Евгений', 35, 'ЛАД', 11, 1, 4, 4, 186, 20, 166, 89.2, 2.81, 0, 1, 0, 0, 426, 58),
(18488, 'https://www.khl.ru/players/18488/', 'https://www.khl.ru/images/teamplayers/6656/18488.jpg', 'Аликин', 'Евгений', 52, 'АМР', 10, 1, 2, 1, 167, 14, 153, 91.6, 2.82, 0, 0, 0, 0, 298, 8),
(13871, 'https://www.khl.ru/players/13871/', 'https://www.khl.ru/images/teamplayers/6744/13871.jpg', 'Проскуряков', 'Илья', 73, 'ЮГР', 39, 9, 22, 4, 1143, 98, 1045, 91.4, 2.86, 0, 0, 1, 4, 2052, 27),
(17083, 'https://www.khl.ru/players/17083/', 'https://www.khl.ru/images/teamplayers/6716/17083.jpg', 'Штепанек', 'Якуб', 30, 'СЛВ', 37, 12, 20, 2, 1138, 97, 1041, 91.5, 2.9, 0, 2, 1, 10, 2006, 43),
(24697, 'https://www.khl.ru/players/24697/', 'https://www.khl.ru/images/teamplayers/6720/24697.jpg', 'Свенссон', 'Маркус', 35, 'СПР', 20, 7, 7, 1, 454, 44, 410, 90.3, 2.95, 0, 0, 0, 2, 895, 33),
(20693, 'https://www.khl.ru/players/20693/', 'https://www.khl.ru/images/teamplayers/6720/20693.jpg', 'Трушков', 'Александр', 28, 'СПР', 4, 1, 1, 0, 89, 8, 81, 91, 2.96, 0, 0, 0, 0, 162, 24),
(382, 'https://www.khl.ru/players/382/', 'https://www.khl.ru/images/teamplayers/6704/382.jpg', 'Магарилов', 'Сергей', 35, 'СЕВ', 4, 2, 1, 0, 82, 8, 74, 90.2, 2.98, 0, 0, 1, 0, 161, 7),
(15512, 'https://www.khl.ru/players/15512/', 'https://www.khl.ru/images/teamplayers/6732/15512.jpg', 'Шарыченков', 'Александр', 30, 'АКБ', 19, 2, 14, 2, 518, 52, 466, 90, 3.03, 0, 0, 0, 4, 1028, 18),
(23595, 'https://www.khl.ru/players/23595/', 'https://www.khl.ru/images/teamplayers/6660/23595.jpg', 'Кудрявцев', 'Сергей', 20, 'БАР', 18, 4, 6, 1, 484, 41, 443, 91.5, 3.03, 0, 0, 0, 0, 812, 32),
(22425, 'https://www.khl.ru/players/22425/', 'https://www.khl.ru/images/teamplayers/6704/22425.jpg', 'Артамкин', 'Алексей', 97, 'СЕВ', 8, 0, 5, 1, 201, 20, 181, 90, 3.26, 0, 1, 0, 0, 367, 42),
(28900, 'https://www.khl.ru/players/28900/', 'https://www.khl.ru/images/teamplayers/6716/28900.jpg', 'Мазанец', 'Марек', 2, 'СЛВ', 23, 4, 15, 2, 733, 73, 660, 90, 3.4, 0, 0, 0, 6, 1289, 44),
(17253, 'https://www.khl.ru/players/17253/', 'https://www.khl.ru/images/teamplayers/6672/17253.jpg', 'Питерс', 'Джастин', 35, 'ДРГ', 14, 2, 11, 0, 306, 40, 266, 86.9, 3.48, 0, 0, 0, 0, 689, 55),
(19091, 'https://www.khl.ru/players/19091/', 'https://www.khl.ru/images/teamplayers/6724/19091.jpg', 'Мольков', 'Николай', 30, 'ТОР', 1, 0, 0, 0, 3, 1, 2, 66.7, 3.55, 0, 0, 0, 0, 16, 53),
(20870, 'https://www.khl.ru/players/20870/', 'https://www.khl.ru/images/teamplayers/6700/20870.jpg', 'Федотов', 'Иван', 33, 'СЮЛ', 1, 0, 0, 0, 24, 2, 22, 91.7, 3.61, 0, 0, 0, 0, 33, 12),
(10541, 'https://www.khl.ru/players/10541/', 'https://www.khl.ru/images/teamplayers/6744/10541.jpg', 'Фокин', 'Владислав', 1, 'ЮГР', 7, 0, 4, 0, 160, 22, 138, 86.2, 3.98, 0, 0, 0, 0, 331, 25),
(22131, 'https://www.khl.ru/players/22131/', 'https://www.khl.ru/images/teamplayers/6656/22131.jpg', 'Киселёв', 'Евгений', 30, 'АМР', 2, 0, 1, 1, 38, 5, 33, 86.8, 4.06, 0, 0, 0, 0, 73, 57),
(21305, 'https://www.khl.ru/players/21305/', 'https://www.khl.ru/images/teamplayers/6716/21305.jpg', 'Седлачек', 'Якуб', 36, 'СЛВ', 3, 0, 1, 0, 53, 9, 44, 83, 6.68, 0, 0, 0, 0, 80, 53),
(25278, 'https://www.khl.ru/players/25278/', 'https://www.khl.ru/images/teamplayers/6672/25278.jpg', 'Наумов', 'Антон', 20, 'ДРГ', 0, 0, 0, 0, 0, 0, 0, 0, 0, 0, 0, 0, 0, 0, 0),
(21157, 'https://www.khl.ru/players/21157/', 'https://www.khl.ru/images/teamplayers/6664/21157.jpg', 'Доненко', 'Богдан', 31, 'ВИТ', 0, 0, 0, 0, 0, 0, 0, 0, 0, 0, 0, 0, 0, 0, 0),
(15669, 'https://www.khl.ru/players/15669/', 'https://www.khl.ru/images/teamplayers/6656/15669.jpg', 'Андрюхов', 'Илья', 97, 'АМР', 0, 0, 0, 0, 0, 0, 0, 0, 0, 0, 0, 0, 0, 0, 0),
(19184, 'https://www.khl.ru/players/19184/', 'https://www.khl.ru/images/teamplayers/6692/19184.jpg', 'Загидулин', 'Артём', 50, 'ММГ', 0, 0, 0, 0, 0, 0, 0, 0, 0, 0, 0, 0, 0, 0, 0),
(21096, 'https://www.khl.ru/players/21096/', 'https://www.khl.ru/images/teamplayers/6744/21096.jpg', 'Нечистовский', 'Павел', 33, 'ЮГР', 0, 0, 0, 0, 0, 0, 0, 0, 0, 0, 0, 0, 0, 0, 0),
(21261, 'https://www.khl.ru/players/21261/', 'https://www.khl.ru/images/teamplayers/6712/21261.jpg', 'Волков', 'Константин', 90, 'СКА', 0, 0, 0, 0, 0, 0, 0, 0, 0, 0, 0, 0, 0, 0, 0),
(19222, 'https://www.khl.ru/players/19222/', 'https://www.khl.ru/images/teamplayers/6640/19222.jpg', 'Костин', 'Денис', 72, 'АВГ', 0, 0, 0, 0, 0, 0, 0, 0, 0, 0, 0, 0, 0, 0, 0),
(24889, 'https://www.khl.ru/players/24889/', 'https://www.khl.ru/images/teamplayers/6692/24889.jpg', 'Кочетков', 'Владимир', 34, 'ММГ', 0, 0, 0, 0, 0, 0, 0, 0, 0, 0, 0, 0, 0, 0, 0),
(15165, 'https://www.khl.ru/players/15165/', 'https://www.khl.ru/images/teamplayers/6680/15165.jpg', 'Бояршинов', 'Георгий', 39, 'КРС', 0, 0, 0, 0, 0, 0, 0, 0, 0, 0, 0, 0, 0, 0, 0),
(19220, 'https://www.khl.ru/players/19220/', 'https://www.khl.ru/images/teamplayers/6720/19220.jpg', 'Синягин', 'Денис', 90, 'СПР', 0, 0, 0, 0, 0, 0, 0, 0, 0, 0, 0, 0, 0, 0, 0),
(23499, 'https://www.khl.ru/players/23499/', 'https://www.khl.ru/images/teamplayers/6644/23499.jpg', 'Гросс', 'Владислав', 32, 'АВТ', 0, 0, 0, 0, 0, 0, 0, 0, 0, 0, 0, 0, 0, 0, 0),
(24579, 'https://www.khl.ru/players/24579/', 'https://www.khl.ru/images/teamplayers/6732/24579.jpg', 'Райко', 'Димитрий', 29, 'ДИН', 0, 0, 0, 0, 0, 0, 0, 0, 0, 0, 0, 0, 0, 0, 0),
(21097, 'https://www.khl.ru/players/21097/', 'https://www.khl.ru/images/teamplayers/6728/21097.jpg', 'Сухачёв', 'Владислав', 30, 'ТРК', 0, 0, 0, 0, 0, 0, 0, 0, 0, 0, 0, 0, 0, 0, 0),
(25804, 'https://www.khl.ru/players/25804/', 'https://www.khl.ru/images/teamplayers/6692/25804.jpg', 'Камышников', 'Никита', 35, 'ММГ', 0, 0, 0, 0, 0, 0, 0, 0, 0, 0, 0, 0, 0, 0, 0),
(23334, 'https://www.khl.ru/players/23334/', 'https://www.khl.ru/images/teamplayers/6740/23334.jpg', 'Корепанов', 'Артём', 35, 'ЦСК', 0, 0, 0, 0, 0, 0, 0, 0, 0, 0, 0, 0, 0, 0, 0),
(27196, 'https://www.khl.ru/players/27196/', 'https://www.khl.ru/images/teamplayers/6676/27196.jpg', 'Ратилайнен', 'Юхо', 1, 'ЙОК', 0, 0, 0, 0, 0, 0, 0, 0, 0, 0, 0, 0, 0, 0, 0),
(25416, 'https://www.khl.ru/players/25416/', 'https://www.khl.ru/images/teamplayers/6672/25416.jpg', 'Ворис', 'Янис', 36, 'ДРГ', 0, 0, 0, 0, 0, 0, 0, 0, 0, 0, 0, 0, 0, 0, 0),
(23514, 'https://www.khl.ru/players/23514/', 'https://www.khl.ru/images/teamplayers/6644/23514.jpg', 'Дробышевский', 'Михаил', 85, 'АВТ', 0, 0, 0, 0, 0, 0, 0, 0, 0, 0, 0, 0, 0, 0, 0),
(25519, 'https://www.khl.ru/players/25519/', 'https://www.khl.ru/images/teamplayers/6716/25519.jpg', 'Кожиак', 'Ян', 31, 'СЛВ', 0, 0, 0, 0, 0, 0, 0, 0, 0, 0, 0, 0, 0, 0, 0),
(19452, 'https://www.khl.ru/players/19452/', 'https://www.khl.ru/images/teamplayers/6712/19452.jpg', 'Коробов', 'Сергей', 35, 'СКА', 0, 0, 0, 0, 0, 0, 0, 0, 0, 0, 0, 0, 0, 0, 0),
(23337, 'https://www.khl.ru/players/23337/', 'https://www.khl.ru/images/teamplayers/6732/23337.jpg', 'Кузнецов', 'Георгий', 98, 'ДИН', 0, 0, 0, 0, 0, 0, 0, 0, 0, 0, 0, 0, 0, 0, 0),
(24998, 'https://www.khl.ru/players/24998/', 'https://www.khl.ru/images/teamplayers/6696/24998.jpg', 'Абдулхаков', 'Ильнур', 35, 'НХК', 0, 0, 0, 0, 0, 0, 0, 0, 0, 0, 0, 0, 0, 0, 0);

-- --------------------------------------------------------

--
-- Структура таблицы `stat_loss`
--

CREATE TABLE IF NOT EXISTS `stat_loss` (
  `id_team` int(11) DEFAULT NULL,
  `name` varchar(255) DEFAULT NULL,
  `clear_loss` int(11) DEFAULT NULL,
  `clear_loss_home` int(11) DEFAULT NULL,
  `clear_loss_guest` int(11) DEFAULT NULL,
  `ot_loss` int(11) DEFAULT NULL,
  `ot_loss_home` int(11) DEFAULT NULL,
  `ot_loss_guest` int(11) DEFAULT NULL,
  `b_loss` int(11) DEFAULT NULL,
  `b_loss_home` int(11) DEFAULT NULL,
  `b_loss_guest` int(11) DEFAULT NULL
) ENGINE=InnoDB DEFAULT CHARSET=utf8;

--
-- Дамп данных таблицы `stat_loss`
--

INSERT INTO `stat_loss` (`id_team`, `name`, `clear_loss`, `clear_loss_home`, `clear_loss_guest`, `ot_loss`, `ot_loss_home`, `ot_loss_guest`, `b_loss`, `b_loss_home`, `b_loss_guest`) VALUES
(1, 'Авангард', 19, 8, 11, 5, 4, 1, 3, 2, 1),
(2, 'Автомобилист', 17, 7, 10, 4, 3, 1, 4, 2, 2),
(3, 'Адмирал', 30, 13, 17, 4, 3, 1, 1, 0, 1),
(4, 'Ак Барс', 18, 7, 11, 3, 2, 1, 3, 2, 1),
(5, 'Амур', 18, 7, 11, 2, 1, 1, 7, 3, 4),
(6, 'Барыс', 25, 13, 12, 3, 0, 3, 4, 2, 2),
(7, 'Витязь', 27, 14, 13, 5, 2, 3, 3, 1, 2),
(8, 'Динамо М', 23, 12, 11, 2, 0, 2, 3, 3, 0),
(9, 'Динамо Мн', 28, 11, 17, 2, 1, 1, 1, 0, 1),
(10, 'Динамо Р', 31, 15, 16, 4, 3, 1, 5, 2, 3),
(11, 'Йокерит', 15, 6, 9, 5, 3, 2, 3, 1, 2),
(12, 'Куньлунь РС', 29, 13, 16, 3, 1, 2, 5, 5, 0),
(13, 'Лада', 34, 16, 18, 3, 2, 1, 3, 0, 3),
(14, 'Локомотив', 18, 7, 11, 2, 1, 1, 1, 1, 0),
(15, 'Металлург Мг', 17, 10, 7, 5, 1, 4, 2, 0, 2),
(16, 'Нефтехимик', 19, 7, 12, 3, 2, 1, 4, 0, 4),
(17, 'Салават Юлаев', 20, 8, 12, 2, 0, 2, 3, 3, 0),
(18, 'Северсталь', 18, 8, 10, 6, 1, 5, 5, 1, 4),
(19, 'Сибирь', 23, 10, 13, 1, 1, 0, 1, 0, 1),
(20, 'СКА', 5, 1, 4, 3, 3, 0, 1, 1, 0),
(21, 'Слован', 31, 9, 22, 5, 5, 0, 2, 1, 1),
(22, 'ХК Сочи', 20, 10, 10, 4, 3, 1, 3, 1, 2),
(23, 'Спартак', 22, 7, 15, 4, 2, 2, 1, 0, 1),
(24, 'Торпедо', 19, 7, 12, 2, 1, 1, 6, 5, 1),
(25, 'Трактор', 19, 9, 10, 2, 0, 2, 2, 2, 0),
(26, 'ЦСКА', 11, 4, 7, 1, 1, 0, 0, 0, 0),
(27, 'Югра', 32, 18, 14, 7, 4, 3, 0, 0, 0);

-- --------------------------------------------------------

--
-- Структура таблицы `stat_penalty`
--

CREATE TABLE IF NOT EXISTS `stat_penalty` (
  `id_team` int(11) DEFAULT NULL,
  `name` varchar(255) DEFAULT NULL,
  `penalty_time` int(11) DEFAULT NULL,
  `penalty_time_home` int(11) DEFAULT NULL,
  `penalty_time_guest` int(11) DEFAULT NULL,
  `penalty_time_average` float DEFAULT NULL,
  `penalty_time_average_home` float DEFAULT NULL,
  `penalty_time_average_guest` float DEFAULT NULL
) ENGINE=InnoDB DEFAULT CHARSET=utf8;

--
-- Дамп данных таблицы `stat_penalty`
--

INSERT INTO `stat_penalty` (`id_team`, `name`, `penalty_time`, `penalty_time_home`, `penalty_time_guest`, `penalty_time_average`, `penalty_time_average_home`, `penalty_time_average_guest`) VALUES
(1, 'Авангард', 569, 293, 276, 10.16, 10.46, 9.86),
(2, 'Автомобилист', 571, 262, 309, 10.2, 9.36, 11.04),
(3, 'Адмирал', 722, 347, 375, 12.89, 12.39, 13.39),
(4, 'Ак Барс', 771, 323, 448, 13.77, 11.54, 16),
(5, 'Амур', 646, 335, 311, 11.54, 11.96, 11.11),
(6, 'Барыс', 757, 307, 450, 13.52, 10.96, 16.07),
(7, 'Витязь', 636, 325, 311, 11.36, 11.61, 11.11),
(8, 'Динамо М', 705, 290, 415, 12.59, 10.36, 14.82),
(9, 'Динамо Мн', 725, 343, 382, 12.95, 12.25, 13.64),
(10, 'Динамо Р', 592, 293, 299, 10.57, 10.46, 10.68),
(11, 'Йокерит', 600, 260, 340, 10.71, 9.29, 12.14),
(12, 'Куньлунь РС', 707, 264, 443, 12.63, 9.43, 15.82),
(13, 'Лада', 612, 288, 324, 10.93, 10.29, 11.57),
(14, 'Локомотив', 713, 329, 384, 12.73, 11.75, 13.71),
(15, 'Металлург Мг', 580, 305, 275, 10.36, 10.89, 9.82),
(16, 'Нефтехимик', 594, 209, 385, 10.61, 7.46, 13.75),
(17, 'Салават Юлаев', 636, 311, 325, 11.36, 11.11, 11.61),
(18, 'Северсталь', 715, 377, 338, 12.77, 13.46, 12.07),
(19, 'Сибирь', 685, 294, 391, 12.23, 10.5, 13.96),
(20, 'СКА', 505, 253, 252, 9.02, 9.04, 9),
(21, 'Слован', 943, 487, 456, 16.84, 17.39, 16.29),
(22, 'ХК Сочи', 680, 277, 403, 12.14, 9.89, 14.39),
(23, 'Спартак', 507, 248, 259, 9.05, 8.86, 9.25),
(24, 'Торпедо', 648, 326, 322, 11.57, 11.64, 11.5),
(25, 'Трактор', 444, 176, 268, 7.93, 6.29, 9.57),
(26, 'ЦСКА', 624, 351, 273, 11.14, 12.54, 9.75),
(27, 'Югра', 686, 362, 324, 12.25, 12.93, 11.57);

-- --------------------------------------------------------

--
-- Структура таблицы `stat_pow_play_pow_kill`
--

CREATE TABLE IF NOT EXISTS `stat_pow_play_pow_kill` (
  `id_team` int(11) DEFAULT NULL,
  `name` varchar(255) DEFAULT NULL,
  `games` int(11) DEFAULT NULL,
  `total_power_play` int(11) DEFAULT NULL,
  `goals_power_play` int(11) DEFAULT NULL,
  `perc_power_play` float DEFAULT NULL,
  `goals_against_power_play` int(11) DEFAULT NULL,
  `total_power_kill` int(11) DEFAULT NULL,
  `goals_against_power_kill` int(11) DEFAULT NULL,
  `perc_power_kill` float DEFAULT NULL,
  `goals_power_kill` int(11) DEFAULT NULL
) ENGINE=InnoDB DEFAULT CHARSET=utf8;

--
-- Дамп данных таблицы `stat_pow_play_pow_kill`
--

INSERT INTO `stat_pow_play_pow_kill` (`id_team`, `name`, `games`, `total_power_play`, `goals_power_play`, `perc_power_play`, `goals_against_power_play`, `total_power_kill`, `goals_against_power_kill`, `perc_power_kill`, `goals_power_kill`) VALUES
(20, 'СКА', 56, 245, 67, 27.3, 3, 187, 18, 90.4, 4),
(11, 'Йокерит', 56, 203, 49, 24.1, 0, 207, 28, 86.5, 2),
(15, 'Металлург Мг', 56, 202, 47, 23.3, 2, 188, 29, 84.6, 5),
(5, 'Амур', 56, 213, 47, 22.1, 4, 198, 38, 80.8, 3),
(17, 'Салават Юлаев', 56, 210, 46, 21.9, 5, 209, 41, 80.4, 1),
(6, 'Барыс', 56, 219, 48, 21.9, 5, 218, 50, 77.1, 0),
(21, 'Слован', 56, 199, 42, 21.1, 3, 269, 53, 80.3, 3),
(23, 'Спартак', 56, 205, 43, 21, 0, 188, 32, 83, 5),
(3, 'Адмирал', 56, 208, 43, 20.7, 6, 218, 43, 80.3, 2),
(4, 'Ак Барс', 56, 211, 43, 20.4, 4, 216, 38, 82.4, 0),
(26, 'ЦСКА', 56, 222, 43, 19.4, 2, 214, 40, 81.3, 6),
(25, 'Трактор', 56, 209, 40, 19.1, 3, 174, 33, 81, 1),
(8, 'ХК Динамо М', 56, 210, 39, 18.6, 0, 225, 42, 81.3, 3),
(7, 'Витязь', 56, 199, 37, 18.6, 3, 195, 42, 78.5, 7),
(18, 'Северсталь', 56, 211, 39, 18.5, 1, 210, 36, 82.9, 5),
(19, 'Сибирь', 56, 216, 40, 18.5, 1, 221, 50, 77.4, 3),
(9, 'Динамо Мн', 56, 191, 34, 17.8, 6, 218, 36, 83.5, 2),
(1, 'Авангард', 56, 208, 37, 17.8, 1, 185, 31, 83.2, 0),
(24, 'Торпедо', 56, 210, 37, 17.6, 2, 230, 46, 80, 2),
(10, 'Динамо Р', 56, 211, 35, 16.6, 4, 210, 42, 80, 1),
(2, 'Автомобилист', 56, 220, 36, 16.4, 4, 192, 34, 82.3, 2),
(14, 'Локомотив', 56, 201, 33, 16.4, 1, 194, 50, 74.2, 1),
(16, 'Нефтехимик', 56, 209, 33, 15.8, 2, 178, 28, 84.3, 4),
(13, 'Лада', 56, 201, 30, 14.9, 5, 204, 43, 78.9, 2),
(22, 'ХК Сочи', 56, 199, 29, 14.6, 3, 238, 53, 77.7, 6),
(12, 'Куньлунь РС', 56, 180, 24, 13.3, 1, 234, 47, 79.9, 4),
(27, 'Югра', 56, 241, 31, 12.9, 4, 233, 49, 79, 1);

-- --------------------------------------------------------

--
-- Структура таблицы `stat_puck`
--

CREATE TABLE IF NOT EXISTS `stat_puck` (
  `id_team` int(11) DEFAULT NULL,
  `name` varchar(255) DEFAULT NULL,
  `throw_puck` int(11) DEFAULT NULL,
  `throw_puck_home` int(11) DEFAULT NULL,
  `throw_puck_guest` int(11) DEFAULT NULL,
  `throw_puck_average` float DEFAULT NULL,
  `throw_puck_average_home` float DEFAULT NULL,
  `throw_puck_average_guest` float DEFAULT NULL
) ENGINE=InnoDB DEFAULT CHARSET=utf8;

--
-- Дамп данных таблицы `stat_puck`
--

INSERT INTO `stat_puck` (`id_team`, `name`, `throw_puck`, `throw_puck_home`, `throw_puck_guest`, `throw_puck_average`, `throw_puck_average_home`, `throw_puck_average_guest`) VALUES
(1, 'Авангард', 146, 65, 81, 2.61, 2.32, 2.89),
(2, 'Автомобилист', 165, 92, 73, 2.95, 3.29, 2.61),
(3, 'Адмирал', 120, 60, 60, 2.14, 2.14, 2.14),
(4, 'Ак Барс', 158, 81, 77, 2.82, 2.89, 2.75),
(5, 'Амур', 132, 75, 57, 2.36, 2.68, 2.04),
(6, 'Барыс', 148, 77, 71, 2.64, 2.75, 2.54),
(7, 'Витязь', 131, 66, 65, 2.34, 2.36, 2.32),
(8, 'Динамо М', 134, 65, 69, 2.39, 2.32, 2.46),
(9, 'Динамо Мн', 112, 74, 38, 2, 2.64, 1.36),
(10, 'Динамо Р', 105, 49, 56, 1.88, 1.75, 2),
(11, 'Йокерит', 151, 82, 69, 2.7, 2.93, 2.46),
(12, 'Куньлунь РС', 103, 48, 55, 1.84, 1.71, 1.96),
(13, 'Лада', 105, 52, 53, 1.88, 1.86, 1.89),
(14, 'Локомотив', 148, 79, 69, 2.64, 2.82, 2.46),
(15, 'Металлург Мг', 150, 76, 74, 2.68, 2.71, 2.64),
(16, 'Нефтехимик', 135, 71, 64, 2.41, 2.54, 2.29),
(17, 'Салават Юлаев', 151, 86, 65, 2.7, 3.07, 2.32),
(18, 'Северсталь', 131, 77, 54, 2.34, 2.75, 1.93),
(19, 'Сибирь', 136, 75, 61, 2.43, 2.68, 2.18),
(20, 'СКА', 227, 106, 121, 4.05, 3.79, 4.32),
(21, 'Слован', 119, 69, 50, 2.13, 2.46, 1.79),
(22, 'ХК Сочи', 130, 59, 71, 2.32, 2.11, 2.54),
(23, 'Спартак', 153, 88, 65, 2.73, 3.14, 2.32),
(24, 'Торпедо', 116, 65, 51, 2.07, 2.32, 1.82),
(25, 'Трактор', 129, 66, 63, 2.3, 2.36, 2.25),
(26, 'ЦСКА', 175, 87, 88, 3.13, 3.11, 3.14),
(27, 'Югра', 93, 42, 51, 1.66, 1.5, 1.82);

-- --------------------------------------------------------

--
-- Структура таблицы `stat_throw`
--

CREATE TABLE IF NOT EXISTS `stat_throw` (
  `id_team` int(11) DEFAULT NULL,
  `name` varchar(255) DEFAULT NULL,
  `total_throw` int(11) DEFAULT NULL,
  `total_throw_home` int(11) DEFAULT NULL,
  `total_throw_guest` int(11) DEFAULT NULL,
  `total_throw_average` float DEFAULT NULL,
  `total_throw_average_home` float DEFAULT NULL,
  `total_throw_average_guest` float DEFAULT NULL
) ENGINE=InnoDB DEFAULT CHARSET=utf8;

--
-- Дамп данных таблицы `stat_throw`
--

INSERT INTO `stat_throw` (`id_team`, `name`, `total_throw`, `total_throw_home`, `total_throw_guest`, `total_throw_average`, `total_throw_average_home`, `total_throw_average_guest`) VALUES
(1, 'Авангард', 1871, 910, 961, 33.41, 32.5, 34.32),
(2, 'Автомобилист', 1806, 925, 881, 32.25, 33.04, 31.46),
(3, 'Адмирал', 1530, 774, 756, 27.32, 27.64, 27),
(4, 'Ак Барс', 1650, 842, 808, 29.46, 30.07, 28.86),
(5, 'Амур', 1678, 956, 722, 29.96, 34.14, 25.79),
(6, 'Барыс', 1645, 885, 760, 29.38, 31.61, 27.14),
(7, 'Витязь', 1648, 857, 791, 29.43, 30.61, 28.25),
(8, 'Динамо М', 1633, 827, 806, 29.16, 29.54, 28.79),
(9, 'Динамо Мн', 1694, 841, 853, 30.25, 30.04, 30.46),
(10, 'Динамо Р', 1468, 715, 753, 26.21, 25.54, 26.89),
(11, 'Йокерит', 1838, 920, 918, 32.82, 32.86, 32.79),
(12, 'Куньлунь РС', 1643, 865, 778, 29.34, 30.89, 27.79),
(13, 'Лада', 1419, 699, 720, 25.34, 24.96, 25.71),
(14, 'Локомотив', 1965, 1032, 933, 35.09, 36.86, 33.32),
(15, 'Металлург Мг', 1744, 873, 871, 31.14, 31.18, 31.11),
(16, 'Нефтехимик', 1846, 992, 854, 32.96, 35.43, 30.5),
(17, 'Салават Юлаев', 1611, 836, 775, 28.77, 29.86, 27.68),
(18, 'Северсталь', 1615, 851, 764, 28.84, 30.39, 27.29),
(19, 'Сибирь', 1481, 758, 723, 26.45, 27.07, 25.82),
(20, 'СКА', 2035, 996, 1039, 36.34, 35.57, 37.11),
(21, 'Слован', 1649, 898, 751, 29.45, 32.07, 26.82),
(22, 'ХК Сочи', 1677, 852, 825, 29.95, 30.43, 29.46),
(23, 'Спартак', 1630, 814, 816, 29.11, 29.07, 29.14),
(24, 'Торпедо', 1615, 842, 773, 28.84, 30.07, 27.61),
(25, 'Трактор', 1592, 858, 734, 28.43, 30.64, 26.21),
(26, 'ЦСКА', 1940, 988, 952, 34.64, 35.29, 34),
(27, 'Югра', 1534, 793, 741, 27.39, 28.32, 26.46);

-- --------------------------------------------------------

--
-- Структура таблицы `stat_throw_rival`
--

CREATE TABLE IF NOT EXISTS `stat_throw_rival` (
  `id_team` int(11) DEFAULT NULL,
  `name` varchar(255) DEFAULT NULL,
  `throw_rival` int(11) DEFAULT NULL,
  `throw_rival_home` int(11) DEFAULT NULL,
  `throw_rival_guest` int(11) DEFAULT NULL,
  `throw_rival_average` float DEFAULT NULL,
  `throw_rival_average_home` float DEFAULT NULL,
  `throw_rival_average_guest` float DEFAULT NULL
) ENGINE=InnoDB DEFAULT CHARSET=utf8;

--
-- Дамп данных таблицы `stat_throw_rival`
--

INSERT INTO `stat_throw_rival` (`id_team`, `name`, `throw_rival`, `throw_rival_home`, `throw_rival_guest`, `throw_rival_average`, `throw_rival_average_home`, `throw_rival_average_guest`) VALUES
(1, 'Авангард', 1532, 769, 763, 27.36, 27.46, 27.25),
(2, 'Автомобилист', 1718, 844, 874, 30.68, 30.14, 31.21),
(3, 'Адмирал', 1811, 910, 901, 32.34, 32.5, 32.18),
(4, 'Ак Барс', 1618, 784, 834, 28.89, 28, 29.79),
(5, 'Амур', 1678, 780, 898, 29.96, 27.86, 32.07),
(6, 'Барыс', 1794, 841, 953, 32.04, 30.04, 34.04),
(7, 'Витязь', 1886, 899, 987, 33.68, 32.11, 35.25),
(8, 'Динамо М', 1800, 891, 909, 32.14, 31.82, 32.46),
(9, 'Динамо Мн', 1533, 707, 826, 27.38, 25.25, 29.5),
(10, 'Динамо Р', 1679, 813, 866, 29.98, 29.04, 30.93),
(11, 'Йокерит', 1476, 733, 743, 26.36, 26.18, 26.54),
(12, 'Куньлунь РС', 1829, 880, 949, 32.66, 31.43, 33.89),
(13, 'Лада', 1725, 767, 958, 30.8, 27.39, 34.21),
(14, 'Локомотив', 1508, 769, 739, 26.93, 27.46, 26.39),
(15, 'Металлург Мг', 1820, 948, 872, 32.5, 33.86, 31.14),
(16, 'Нефтехимик', 1706, 810, 896, 30.46, 28.93, 32),
(17, 'Салават Юлаев', 1691, 866, 825, 30.2, 30.93, 29.46),
(18, 'Северсталь', 1621, 808, 813, 28.95, 28.86, 29.04),
(19, 'Сибирь', 1754, 841, 913, 31.32, 30.04, 32.61),
(20, 'СКА', 1419, 699, 720, 25.34, 24.96, 25.71),
(21, 'Слован', 1920, 895, 1025, 34.29, 31.96, 36.61),
(22, 'ХК Сочи', 1730, 855, 875, 30.89, 30.54, 31.25),
(23, 'Спартак', 1757, 842, 915, 31.38, 30.07, 32.68),
(24, 'Торпедо', 1444, 671, 773, 25.79, 23.96, 27.61),
(25, 'Трактор', 1931, 954, 977, 34.48, 34.07, 34.89),
(26, 'ЦСКА', 1262, 634, 628, 22.54, 22.64, 22.43),
(27, 'Югра', 1815, 848, 967, 32.41, 30.29, 34.54);

-- --------------------------------------------------------

--
-- Структура таблицы `stat_trow_percent`
--

CREATE TABLE IF NOT EXISTS `stat_trow_percent` (
  `id_team` int(11) DEFAULT NULL,
  `name` varchar(255) DEFAULT NULL,
  `throw_perc_total` float DEFAULT NULL,
  `throw_perc_home` float DEFAULT NULL,
  `throw_perc_guest` float DEFAULT NULL,
  `throw_rival_perc_total` float DEFAULT NULL,
  `throw_rival_perc_home` float DEFAULT NULL,
  `throw_rival_perc_guest` float DEFAULT NULL
) ENGINE=InnoDB DEFAULT CHARSET=utf8;

--
-- Дамп данных таблицы `stat_trow_percent`
--

INSERT INTO `stat_trow_percent` (`id_team`, `name`, `throw_perc_total`, `throw_perc_home`, `throw_perc_guest`, `throw_rival_perc_total`, `throw_rival_perc_home`, `throw_rival_perc_guest`) VALUES
(1, 'Авангард', 7.8, 7.1, 8.4, 7.6, 7.2, 8),
(2, 'Автомобилист', 9.1, 9.9, 8.3, 8, 8.3, 7.7),
(3, 'Адмирал', 7.8, 7.8, 7.9, 8, 6.8, 9.2),
(4, 'Ак Барс', 9.6, 9.6, 9.5, 7.8, 7.3, 8.3),
(5, 'Амур', 7.9, 7.8, 7.9, 8.4, 8.1, 8.7),
(6, 'Барыс', 9, 8.7, 9.3, 9.1, 9.5, 8.8),
(7, 'Витязь', 7.9, 7.7, 8.2, 8.5, 8.7, 8.3),
(8, 'Динамо М', 8.2, 7.9, 8.6, 7.7, 7.6, 7.8),
(9, 'Динамо Мн', 6.6, 8.8, 4.5, 8.4, 8.6, 8.2),
(10, 'Динамо Р', 7.2, 6.9, 7.4, 9.1, 9.1, 9.1),
(11, 'Йокерит', 8.2, 8.9, 7.5, 7.3, 7.4, 7.3),
(12, 'Куньлунь РС', 6.3, 5.5, 7.1, 8, 8.3, 7.7),
(13, 'Лада', 7.4, 7.4, 7.4, 8.6, 8.9, 8.5),
(14, 'Локомотив', 7.5, 7.7, 7.4, 8.6, 7.5, 9.6),
(15, 'Металлург Мг', 8.6, 8.7, 8.5, 7.4, 7, 7.9),
(16, 'Нефтехимик', 7.3, 7.2, 7.5, 7.9, 6.5, 9.2),
(17, 'Салават Юлаев', 9.4, 10.3, 8.4, 8.2, 8, 8.5),
(18, 'Северсталь', 8.1, 9, 7.1, 8.9, 9, 8.9),
(19, 'Сибирь', 9.2, 9.9, 8.4, 7.7, 7.5, 7.9),
(20, 'СКА', 11.2, 10.6, 11.6, 6.8, 7.6, 6.1),
(21, 'Слован', 7.2, 7.7, 6.7, 9.7, 8.7, 10.6),
(22, 'ХК Сочи', 7.8, 6.9, 8.6, 8, 7, 8.9),
(23, 'Спартак', 9.4, 10.8, 8, 8.3, 8.4, 8.2),
(24, 'Торпедо', 7.2, 7.7, 6.6, 8.8, 9.5, 8.2),
(25, 'Трактор', 8.1, 7.7, 8.6, 6.3, 6.5, 6),
(26, 'ЦСКА', 9, 8.8, 9.2, 7.1, 6.8, 7.3),
(27, 'Югра', 6.1, 5.3, 6.9, 9.2, 11.2, 7.4);

-- --------------------------------------------------------

--
-- Структура таблицы `stat_wins`
--

CREATE TABLE IF NOT EXISTS `stat_wins` (
  `id_team` int(11) DEFAULT NULL,
  `name` varchar(255) DEFAULT NULL,
  `clear_wins` int(11) DEFAULT NULL,
  `clear_wins_home` int(11) DEFAULT NULL,
  `clear_wins_guest` int(11) DEFAULT NULL,
  `ot_wins` int(11) DEFAULT NULL,
  `ot_wins_home` int(11) DEFAULT NULL,
  `ot_wins_guest` int(11) DEFAULT NULL,
  `b_wins` int(11) DEFAULT NULL,
  `b_wins_home` int(11) DEFAULT NULL,
  `b_wins_guest` int(11) DEFAULT NULL
) ENGINE=InnoDB DEFAULT CHARSET=utf8;

--
-- Дамп данных таблицы `stat_wins`
--

INSERT INTO `stat_wins` (`id_team`, `name`, `clear_wins`, `clear_wins_home`, `clear_wins_guest`, `ot_wins`, `ot_wins_home`, `ot_wins_guest`, `b_wins`, `b_wins_home`, `b_wins_guest`) VALUES
(1, 'Авангард', 22, 10, 12, 4, 3, 1, 3, 1, 2),
(2, 'Автомобилист', 25, 14, 11, 2, 1, 1, 4, 1, 3),
(3, 'Адмирал', 16, 9, 7, 1, 1, 0, 4, 2, 2),
(4, 'Ак Барс', 30, 16, 14, 2, 1, 1, 0, 0, 0),
(5, 'Амур', 21, 12, 9, 8, 5, 3, 0, 0, 0),
(6, 'Барыс', 19, 10, 9, 5, 3, 2, 0, 0, 0),
(7, 'Витязь', 17, 10, 7, 2, 0, 2, 2, 1, 1),
(8, 'Динамо М', 19, 8, 11, 1, 0, 1, 8, 5, 3),
(9, 'Динамо Мн', 20, 13, 7, 1, 0, 1, 4, 3, 1),
(10, 'Динамо Р', 9, 4, 5, 5, 2, 3, 2, 2, 0),
(11, 'Йокерит', 29, 17, 12, 2, 0, 2, 2, 1, 1),
(12, 'Куньлунь РС', 15, 7, 8, 3, 2, 1, 1, 0, 1),
(13, 'Лада', 12, 7, 5, 3, 2, 1, 1, 1, 0),
(14, 'Локомотив', 26, 14, 12, 6, 3, 3, 3, 2, 1),
(15, 'Металлург Мг', 24, 13, 11, 3, 0, 3, 5, 4, 1),
(16, 'Нефтехимик', 27, 19, 8, 2, 0, 2, 1, 0, 1),
(17, 'Салават Юлаев', 26, 16, 10, 4, 1, 3, 1, 0, 1),
(18, 'Северсталь', 18, 12, 6, 7, 4, 3, 2, 2, 0),
(19, 'Сибирь', 23, 16, 7, 4, 1, 3, 4, 0, 4),
(20, 'СКА', 40, 18, 22, 3, 2, 1, 4, 3, 1),
(21, 'Слован', 15, 11, 4, 1, 1, 0, 2, 1, 1),
(22, 'ХК Сочи', 22, 12, 10, 4, 1, 3, 3, 1, 2),
(23, 'Спартак', 22, 15, 7, 4, 2, 2, 3, 2, 1),
(24, 'Торпедо', 23, 12, 11, 4, 3, 1, 2, 0, 2),
(25, 'Трактор', 26, 13, 13, 2, 1, 1, 5, 3, 2),
(26, 'ЦСКА', 35, 20, 15, 5, 2, 3, 4, 1, 3),
(27, 'Югра', 7, 3, 4, 4, 1, 3, 6, 2, 4);

-- --------------------------------------------------------

--
-- Структура таблицы `table_conf`
--

CREATE TABLE IF NOT EXISTS `table_conf` (
  `id_team` int(11) DEFAULT NULL,
  `name` varchar(255) DEFAULT NULL,
  `place` int(11) DEFAULT NULL,
  `games` int(11) DEFAULT NULL,
  `clear_wins` int(11) DEFAULT NULL,
  `ot_wins` int(11) DEFAULT NULL,
  `b_wins` int(11) DEFAULT NULL,
  `clear_defeat` int(11) DEFAULT NULL,
  `ot_defeat` int(11) DEFAULT NULL,
  `b_defeat` int(11) DEFAULT NULL,
  `throw_puck` int(11) DEFAULT NULL,
  `miss_puck` int(11) DEFAULT NULL,
  `scores` int(11) DEFAULT NULL,
  `percent_scr` float DEFAULT NULL,
  `old_match_1` varchar(255) DEFAULT NULL,
  `old_match_2` varchar(255) DEFAULT NULL,
  `old_match_3` varchar(255) DEFAULT NULL,
  `old_match_4` varchar(255) DEFAULT NULL,
  `old_match_5` varchar(255) DEFAULT NULL,
  `old_match_6` varchar(255) DEFAULT NULL
) ENGINE=InnoDB DEFAULT CHARSET=utf8;

--
-- Дамп данных таблицы `table_conf`
--

INSERT INTO `table_conf` (`id_team`, `name`, `place`, `games`, `clear_wins`, `ot_wins`, `b_wins`, `clear_defeat`, `ot_defeat`, `b_defeat`, `throw_puck`, `miss_puck`, `scores`, `percent_scr`, `old_match_1`, `old_match_2`, `old_match_3`, `old_match_4`, `old_match_5`, `old_match_6`) VALUES
(20, 'СКА', 1, 56, 40, 3, 4, 5, 3, 1, 227, 97, 138, 82.1, '_win', '_win', '_win', '_lose', '_lose', '_win'),
(26, 'ЦСКА', 2, 56, 35, 5, 4, 11, 1, 0, 175, 89, 124, 73.8, '_lose', '_lose', '_win', '_lose', '_lose', '_win'),
(11, 'Йокерит', 3, 56, 29, 2, 2, 15, 5, 3, 151, 108, 103, 61.3, '_lose', '_win', '_lose', '_win', '_win', '_lose'),
(14, 'Локомотив', 4, 56, 26, 6, 3, 18, 2, 1, 148, 129, 99, 58.9, '_lose', '_win', '_win', '_win', '_win', '_lose'),
(24, 'Торпедо', 5, 56, 23, 4, 2, 19, 2, 6, 116, 127, 89, 53, '_lose', '_win', '_win', '_win', '_lose', '_win'),
(22, 'ХК Сочи', 6, 56, 22, 4, 3, 20, 4, 3, 130, 138, 87, 51.8, '_lose', '_win', '_lose', '_lose', '_lose', '_win'),
(23, 'Спартак', 7, 56, 22, 4, 3, 22, 4, 1, 153, 146, 85, 50.6, '_lose', '_win', '_lose', '_win', '_lose', '_win'),
(18, 'Северсталь', 8, 56, 18, 7, 2, 18, 6, 5, 131, 145, 83, 49.4, '_lose', '_lose', '_lose', '_win', '_win', '_lose'),
(8, 'Динамо М', 9, 56, 19, 1, 8, 23, 2, 3, 134, 139, 80, 47.6, '_lose', '_win', '_lose', '_win', '_win', '_lose'),
(9, 'Динамо Мн', 10, 56, 20, 1, 4, 28, 2, 1, 112, 129, 73, 43.5, '_lose', '_win', '_lose', '_win', '_win', '_lose'),
(7, 'Витязь', 11, 56, 17, 2, 2, 27, 5, 3, 131, 160, 67, 39.9, '_lose', '_lose', '_win', '_win', '_win', '_lose'),
(21, 'Слован', 12, 56, 15, 1, 2, 31, 5, 2, 119, 187, 58, 34.5, '_win', '_lose', '_lose', '_lose', '_lose', '_win'),
(10, 'Динамо Р', 13, 56, 9, 5, 2, 31, 4, 5, 105, 153, 50, 29.8, '_lose', '_lose', '_win', '_lose', '_lose', '_win'),
(4, 'Ак Барс', 1, 56, 30, 2, 0, 18, 3, 3, 158, 126, 100, 59.5, '_win', '_lose', '_lose', '_win', '_win', '_lose'),
(17, 'Салават Юлаев', 2, 56, 26, 4, 1, 20, 2, 3, 151, 139, 93, 55.4, '_win', '_win', '_win', '_lose', '_win', '_win'),
(25, 'Трактор', 3, 56, 26, 2, 5, 19, 2, 2, 129, 121, 96, 57.1, '_win', '_win', '_win', '_win', '_win', '_win'),
(2, 'Автомобилист', 4, 56, 25, 2, 4, 17, 4, 4, 165, 137, 95, 56.5, '_lose', '_lose', '_lose', '_win', '_lose', '_win'),
(15, 'Металлург Мг', 5, 56, 24, 3, 5, 17, 5, 2, 150, 135, 95, 56.5, '_win', '_win', '_lose', '_win', '_win', '_win'),
(16, 'Нефтехимик', 6, 56, 27, 2, 1, 19, 3, 4, 135, 135, 94, 56, '_win', '_win', '_win', '_win', '_lose', '_lose'),
(1, 'Авангард', 7, 56, 22, 4, 3, 19, 5, 3, 146, 116, 88, 52.4, '_lose', '_lose', '_win', '_lose', '_lose', '_win'),
(5, 'Амур', 8, 56, 21, 8, 0, 18, 2, 7, 132, 141, 88, 52.4, '_lose', '_lose', '_win', '_win', '_win', '_lose'),
(19, 'Сибирь', 9, 56, 23, 4, 4, 23, 1, 1, 136, 135, 87, 51.8, '_win', '_win', '_win', '_win', '_win', '_lose'),
(6, 'Барыс', 10, 56, 19, 5, 0, 25, 3, 4, 148, 164, 74, 44, '_lose', '_win', '_win', '_lose', '_win', '_lose'),
(3, 'Адмирал', 11, 56, 16, 1, 4, 30, 4, 1, 120, 145, 63, 37.5, '_win', '_lose', '_lose', '_win', '_lose', '_win'),
(12, 'Куньлунь Ред Стар', 12, 56, 15, 3, 1, 29, 3, 5, 103, 146, 61, 36.3, '_win', '_lose', '_lose', '_lose', '_lose', '_lose'),
(13, 'Лада', 13, 56, 12, 3, 1, 34, 3, 3, 105, 149, 50, 29.8, '_win', '_lose', '_lose', '_lose', '_win', '_lose'),
(27, 'Югра', 14, 56, 7, 4, 6, 32, 7, 0, 93, 167, 48, 28.6, '_lose', '_lose', '_lose', '_win', '_lose', '_lose');

-- --------------------------------------------------------

--
-- Структура таблицы `team`
--

CREATE TABLE IF NOT EXISTS `team` (
  `id_team` int(11) NOT NULL DEFAULT '0',
  `name_team` varchar(255) DEFAULT NULL,
  `conf` varchar(255) DEFAULT NULL
) ENGINE=InnoDB DEFAULT CHARSET=utf8;

--
-- Дамп данных таблицы `team`
--

INSERT INTO `team` (`id_team`, `name_team`, `conf`) VALUES
(1, 'Авангард', 'восток'),
(2, 'Автомобилист', 'восток'),
(3, 'Адмирал', 'восток'),
(4, 'Ак Барс', 'восток'),
(5, 'Амур', 'восток'),
(6, 'Барыс', 'восток'),
(7, 'Витязь', 'запад'),
(8, 'ХК Динамо М', 'запад'),
(9, 'Динамо Мн', 'запад'),
(10, 'Динамо Р', 'запад'),
(11, 'Йокерит', 'запад'),
(12, 'Куньлунь РС', 'восток'),
(13, 'Лада', 'восток'),
(14, 'Локомотив', 'запад'),
(15, 'Металлург Мг', 'восток'),
(16, 'Нефтехимик', 'восток'),
(17, 'Салават Юлаев', 'восток'),
(18, 'Северсталь', 'запад'),
(19, 'Сибирь', 'восток'),
(20, 'СКА', 'запад'),
(21, 'Слован', 'запад'),
(22, 'ХК Сочи', 'запад'),
(23, 'Спартак', 'запад'),
(24, 'Торпедо', 'запад'),
(25, 'Трактор', 'восток'),
(26, 'ЦСКА', 'запад'),
(27, 'Югра', 'восток');

--
-- Индексы сохранённых таблиц
--

--
-- Индексы таблицы `team`
--
ALTER TABLE `team`
  ADD PRIMARY KEY (`id_team`);

/*!40101 SET CHARACTER_SET_CLIENT=@OLD_CHARACTER_SET_CLIENT */;
/*!40101 SET CHARACTER_SET_RESULTS=@OLD_CHARACTER_SET_RESULTS */;
/*!40101 SET COLLATION_CONNECTION=@OLD_COLLATION_CONNECTION */;
